ets Jul 29 2019 12:21:46
rst:0x1 (POWERON_RESET),boot:0x13 (SPI_FAST_FLASH_BOOT)
configsip: 0, SPIWP:0xee
clk_drv:0x00,q_drv:0x00,d_drv:0x00,cs0_drv:0x00,hd_drv:0x00,wp_drv:0x00
mode:DIO, clock div:2
load:0x3fff0030,len:1184
load:0x40078000,len:13232
load:0x40080400,len:3028
entry 0x400805e4
Iniciando ESP32 + Encoder + PID + MQTT
Mi MAC: E0:8C:FE:60:F9:04
ESP-NOW iniciado
Sistema iniciado
Esperando mensajes en: ESP32/ref
Publicando posición en: ESP32/pos
0.00,59.61,0.00,2.20,6.00,1
0.01,36.86,0.06,2.20,2.14,1
0.02,36.08,0.21,2.20,1.99,1
0.03,34.90,0.38,2.20,1.82,1
0.04,33.33,0.60,2.20,1.60,1
0.05,31.76,0.87,2.20,1.33,1
0.06,30.20,1.14,2.02,1.05,1
0.07,27.45,1.44,1.61,0.58,1
0.08,-25.10,1.74,1.36,-0.13,1
0.09,-27.84,1.96,1.08,-0.60,1
0.10,-30.20,2.05,0.93,-0.97,1
0.11,-30.98,2.03,0.97,-1.10,1
0.12,-30.20,1.97,1.11,-1.00,1
0.13,-28.63,1.85,1.33,-0.75,1
0.14,-26.67,1.70,1.59,-0.37,1
0.15,24.71,1.48,1.89,0.12,1
0.16,27.84,1.29,2.21,0.60,1
0.17,29.80,1.24,2.40,0.97,1
0.18,30.59,1.28,2.40,1.12,1
0.19,30.20,1.39,2.33,1.02,1
0.20,29.02,1.53,2.19,0.80,1
0.21,27.06,1.67,1.99,0.52,1
0.22,25.49,1.78,1.77,0.21,1
0.23,-25.10,1.86,1.56,-0.09,1
0.24,-26.27,1.90,1.39,-0.33,1
0.25,-27.06,1.85,1.35,-0.46,1
0.26,-26.67,1.76,1.40,-0.42,1
0.27,-25.49,1.62,1.47,-0.22,1
0.28,13.33,1.42,1.57,0.05,1
0.29,25.88,1.25,1.70,0.32,1
0.30,27.06,1.19,1.88,0.51,1
0.31,28.24,1.22,2.00,0.66,1
0.32,28.24,1.30,1.95,0.70,1
0.33,27.45,1.42,1.88,0.54,1
0.34,25.88,1.56,1.82,0.32,1
0.35,25.10,1.68,1.76,0.14,1
0.36,-10.20,1.76,1.69,0.00,1
0.37,-25.10,1.78,1.61,-0.09,1
0.38,-25.10,1.73,1.55,-0.13,1
0.39,-24.71,1.62,1.58,-0.07,1
0.40,25.10,1.45,1.67,0.13,1
0.41,26.27,1.32,1.82,0.35,1
0.42,27.06,1.32,1.98,0.50,1
0.43,27.45,1.39,1.99,0.58,1
0.44,27.06,1.49,1.92,0.50,1
0.45,25.88,1.60,1.84,0.32,1
0.46,25.10,1.67,1.78,0.17,1
0.47,19.61,1.70,1.72,0.08,1
0.48,-1.57,1.70,1.65,0.02,1
0.49,-22.35,1.69,1.61,-0.04,1
0.50,-18.82,1.64,1.64,-0.02,1
0.51,24.71,1.53,1.70,0.10,1
0.52,25.49,1.46,1.77,0.24,1
0.53,25.88,1.47,1.83,0.30,1
0.54,25.88,1.51,1.84,0.32,1
0.55,25.88,1.55,1.83,0.29,1
0.56,25.49,1.57,1.82,0.25,1
0.57,25.49,1.58,1.81,0.24,1
0.58,25.49,1.58,1.80,0.23,1
0.59,25.49,1.58,1.79,0.22,1
0.60,25.49,1.58,1.78,0.21,1
0.61,25.49,1.58,1.78,0.20,1
0.62,25.10,1.58,1.77,0.20,1
0.63,25.10,1.58,1.77,0.19,1
0.64,25.10,1.58,1.77,0.19,1
0.65,25.10,1.58,1.77,0.19,1
0.66,25.10,1.58,1.76,0.19,1
0.67,25.10,1.58,1.76,0.19,1
0.68,25.10,1.58,1.76,0.19,1
0.69,25.10,1.58,1.76,0.18,1
0.70,25.10,1.58,1.76,0.18,1
0.71,25.10,1.58,1.76,0.18,1
0.72,25.10,1.58,1.76,0.18,1
0.73,25.10,1.58,1.76,0.18,1
0.74,25.10,1.58,1.75,0.18,1
0.75,25.10,1.58,1.75,0.17,1
0.76,25.10,1.58,1.75,0.17,1
0.77,25.10,1.58,1.75,0.17,1
0.78,25.10,1.58,1.75,0.17,1
0.79,25.10,1.58,1.75,0.17,1
0.80,25.10,1.58,1.75,0.17,1
0.81,25.10,1.58,1.75,0.17,1
0.82,25.10,1.58,1.75,0.17,1
0.83,25.10,1.58,1.75,0.17,1
0.84,25.10,1.58,1.75,0.17,1
0.85,25.10,1.58,1.75,0.17,1
0.86,25.10,1.58,1.75,0.17,1
0.87,25.10,1.58,1.75,0.17,1
0.88,25.10,1.58,1.74,0.17,1
0.89,25.10,1.58,1.74,0.16,1
0.90,25.10,1.58,1.74,0.16,1
0.91,25.10,1.58,1.74,0.16,1
0.92,25.10,1.58,1.74,0.16,1
0.93,25.10,1.58,1.74,0.16,1
0.94,25.10,1.58,1.74,0.16,1
ets Jul 29 2019 12:21:46
rst:0x1 (POWERON_RESET),boot:0x13 (SPI_FAST_FLASH_BOOT)
configsip: 0, SPIWP:0xee
clk_drv:0x00,q_drv:0x00,d_drv:0x00,cs0_drv:0x00,hd_drv:0x00,wp_drv:0x00
mode:DIO, clock div:2
load:0x3fff0030,len:1184
load:0x40078000,len:13232
load:0x40080400,len:3028
entry 0x400805e4
Iniciando ESP32 + Encoder + PID + MQTT
Mi MAC: E0:8C:FE:60:F9:04
ESP-NOW iniciado
Sistema iniciado
Esperando mensajes en: ESP32/ref
Publicando posición en: ESP32/pos
0.00,59.61,0.00,1.73,6.00,1
0.01,-23.92,0.06,1.72,-0.06,1
0.02,33.73,0.12,1.72,1.61,1
0.03,33.73,0.11,1.72,1.62,1
0.04,33.73,0.12,1.72,1.60,1
0.05,33.33,0.13,1.72,1.59,1
0.06,33.33,0.14,1.44,1.58,1
0.07,31.76,0.15,1.21,1.30,1
0.08,30.20,0.15,0.98,1.05,1
0.09,29.02,0.15,0.73,0.82,1
0.10,27.45,0.16,0.47,0.57,1
0.11,25.88,0.16,0.23,0.31,1
0.12,18.82,0.16,0.03,0.08,1
0.13,-25.10,0.15,0.02,-0.12,1
0.14,-25.10,0.12,0.14,-0.10,1
0.15,24.71,0.01,0.25,0.13,1
0.16,26.27,-0.10,0.32,0.35,1
0.17,26.67,-0.10,0.31,0.43,1
0.18,26.27,-0.06,0.30,0.38,1
0.19,25.88,-0.01,0.27,0.31,1
0.20,25.49,0.02,0.17,0.24,1
0.21,25.10,0.03,0.04,0.14,1
0.22,-9.02,0.03,-0.01,0.01,1
0.23,-20.78,0.01,0.03,-0.03,1
0.24,14.51,-0.03,0.10,0.06,1
0.25,25.10,-0.07,0.12,0.17,1
0.26,25.10,-0.06,0.12,0.19,1
0.27,25.10,-0.03,0.12,0.16,1
0.28,25.10,-0.02,0.12,0.14,1
0.29,24.71,-0.01,0.11,0.13,1
0.30,24.71,-0.01,0.10,0.12,1
0.31,24.71,-0.01,0.10,0.12,1
0.32,24.71,-0.01,0.10,0.12,1
0.33,24.71,-0.01,0.10,0.12,1
0.34,24.71,-0.01,0.10,0.12,1
0.35,24.71,-0.01,0.10,0.12,1
0.36,24.71,-0.01,0.10,0.12,1
0.37,24.71,-0.01,0.10,0.12,1
0.38,24.71,-0.01,0.10,0.12,1
0.39,24.71,-0.01,0.10,0.12,1
0.40,24.71,-0.01,0.10,0.12,1
0.41,24.71,-0.01,0.10,0.12,1
0.42,24.71,-0.01,0.10,0.12,1
0.43,24.71,-0.01,0.10,0.12,1
0.44,24.71,-0.01,0.10,0.12,1
0.45,24.71,-0.01,0.10,0.12,1
0.46,24.71,-0.01,0.10,0.12,1
0.47,24.71,-0.01,0.10,0.12,1
0.48,24.71,-0.01,0.10,0.12,1
0.49,24.71,-0.01,0.10,0.12,1
0.50,24.71,-0.01,0.10,0.12,1
0.51,24.71,-0.01,0.10,0.12,1
0.52,24.71,-0.01,0.10,0.12,1
0.53,24.71,-0.01,0.10,0.12,1
0.54,24.71,-0.01,0.10,0.12,1
0.55,24.71,-0.01,0.10,0.12,1
0.56,24.71,-0.01,0.10,0.12,1
0.57,24.71,-0.01,0.10,0.12,1
0.58,24.71,-0.01,0.10,0.12,1
0.59,24.71,-0.01,0.10,0.12,1
0.60,24.71,-0.01,0.10,0.12,1
0.61,24.71,-0.01,0.10,0.12,1
0.62,24.71,-0.01,0.10,0.12,1
0.63,24.71,-0.01,0.10,0.12,1
0.64,24.71,-0.01,0.10,0.12,1
0.65,24.71,-0.01,0.10,0.12,1
0.66,24.71,-0.01,0.10,0.12,1
0.67,24.71,-0.01,0.10,0.12,1
0.68,24.71,-0.01,0.10,0.12,1
0.69,24.71,-0.01,0.10,0.12,1
0.70,24.71,-0.01,0.10,0.12,1
0.71,24.71,-0.01,0.10,0.12,1
0.72,24.71,-0.01,0.10,0.12,1
0.73,24.71,-0.01,0.10,0.12,1
0.74,24.71,-0.01,0.10,0.12,1
0.75,24.71,-0.01,0.10,0.12,1
0.76,24.71,-0.01,0.10,0.12,1
0.77,24.71,-0.01,0.10,0.12,1
0.78,24.71,-0.01,0.10,0.12,1
0.79,24.71,-0.01,0.10,0.12,1
0.80,24.71,-0.01,0.10,0.12,1
0.81,24.71,-0.01,0.10,0.12,1
0.82,24.71,-0.01,0.10,0.12,1
0.83,24.71,-0.01,0.10,0.12,1
0.84,24.71,-0.01,0.10,0.12,1
0.85,24.71,-0.01,0.10,0.12,1
0.86,24.71,-0.01,0.10,0.12,1
0.87,24.71,-0.01,0.10,0.12,1
0.88,24.71,-0.01,0.10,0.12,1
0.89,24.71,-0.01,0.10,0.12,1
0.90,24.71,-0.01,0.10,0.12,1
0.91,24.71,-0.01,0.10,0.12,1
0.92,24.71,-0.01,0.10,0.12,1
0.93,24.71,-0.01,0.10,0.12,1
0.94,24.71,-0.01,0.10,0.12,1
0.95,24.71,-0.01,0.10,0.12,1
0.96,24.71,-0.01,0.10,0.12,1
0.97,24.71,-0.01,0.10,0.12,1
0.98,24.71,-0.01,0.10,0.12,1
0.99,24.71,-0.01,0.10,0.12,1
1.00,24.71,-0.01,0.10,0.12,1
1.01,24.71,-0.01,0.10,0.12,1
1.02,24.71,-0.01,0.10,0.12,1
1.03,24.71,-0.01,0.10,0.12,1
1.04,24.71,-0.01,0.10,0.12,1
1.05,24.71,-0.01,0.10,0.12,1
1.06,24.71,-0.01,0.10,0.12,1
1.07,24.71,-0.01,0.10,0.12,1
1.08,24.71,-0.01,0.10,0.12,1
1.09,24.71,-0.01,0.10,0.12,1
1.10,24.71,-0.01,0.10,0.12,1
1.11,24.71,-0.01,0.10,0.12,1
1.12,24.71,-0.01,0.10,0.12,1
1.13,24.71,-0.01,0.10,0.12,1
1.14,24.71,-0.01,0.10,0.12,1
1.15,24.71,-0.01,0.10,0.12,1
1.16,24.71,-0.01,0.10,0.12,1
1.17,24.71,-0.01,0.10,0.12,1
1.18,24.71,-0.01,0.10,0.12,1
1.19,24.71,-0.01,0.10,0.12,1
1.20,24.71,-0.01,0.10,0.12,1
1.21,24.71,-0.01,0.10,0.12,1
1.22,24.71,-0.01,0.10,0.12,1
1.23,24.71,-0.01,0.10,0.12,1
1.24,24.71,-0.01,0.10,0.12,1
1.25,24.71,-0.01,0.10,0.12,1
1.26,24.71,-0.01,0.10,0.12,1
1.27,24.71,-0.01,0.10,0.12,1
1.28,24.71,-0.01,0.10,0.12,1
1.29,24.71,-0.01,0.10,0.12,1
1.30,24.71,-0.01,0.10,0.12,1
1.31,24.71,-0.01,0.10,0.12,1
1.32,24.71,-0.01,0.10,0.12,1
1.33,24.71,-0.01,0.10,0.12,1
1.34,24.71,-0.01,0.10,0.12,1
1.35,24.71,-0.01,0.10,0.12,1
1.36,24.71,-0.01,0.10,0.12,1
1.37,24.71,-0.01,0.10,0.12,1
1.38,24.71,-0.01,0.10,0.12,1
1.39,24.71,-0.01,0.10,0.12,1
1.40,24.71,-0.01,0.10,0.12,1
1.41,24.71,-0.01,0.10,0.12,1
1.42,24.71,-0.01,0.10,0.12,1
1.43,24.71,-0.01,0.10,0.12,1
1.44,24.71,-0.01,0.10,0.12,1
1.45,24.71,-0.01,0.10,0.12,1
1.46,24.71,-0.01,0.10,0.12,1
1.47,24.71,-0.01,0.10,0.12,1
1.48,24.71,-0.01,0.10,0.12,1
1.49,24.71,-0.01,0.10,0.12,1
1.50,24.71,-0.01,0.10,0.12,1
1.51,24.71,-0.01,0.10,0.12,1
1.52,24.71,-0.01,0.10,0.12,1
1.53,24.71,-0.01,0.10,0.12,1
1.54,24.71,-0.01,0.10,0.12,1
1.55,24.71,-0.01,0.10,0.12,1
1.56,24.71,-0.01,0.10,0.12,1
1.57,24.71,-0.01,0.10,0.12,1
1.58,24.71,-0.01,0.10,0.12,1
1.59,24.71,-0.01,0.10,0.12,1
1.60,24.71,-0.01,0.10,0.12,1
1.61,24.71,-0.01,0.10,0.12,1
1.62,24.71,-0.01,0.10,0.12,1
1.63,24.71,-0.01,0.10,0.12,1
1.64,24.71,-0.01,0.10,0.12,1
1.65,24.71,-0.01,0.10,0.12,1
1.66,24.71,-0.01,0.10,0.12,1
1.67,24.71,-0.01,0.10,0.12,1
1.68,24.71,-0.01,0.10,0.12,1
1.69,24.71,-0.01,0.10,0.12,1
1.70,24.71,-0.01,0.10,0.12,1
1.71,24.71,-0.01,0.10,0.12,1
1.72,24.71,-0.01,0.10,0.12,1
1.73,24.71,-0.01,0.10,0.12,1
1.74,24.71,-0.01,0.10,0.12,1
1.75,24.71,-0.01,0.10,0.12,1
1.76,24.71,-0.01,0.10,0.12,1
1.77,24.71,-0.01,0.10,0.12,1
1.78,24.71,-0.01,0.10,0.12,1
1.79,24.71,-0.01,0.10,0.12,1
1.80,24.71,-0.01,0.10,0.12,1
1.81,24.71,-0.01,0.10,0.12,1
1.82,24.71,-0.01,0.10,0.12,1
1.83,24.71,-0.01,0.10,0.12,1
1.84,24.71,-0.01,0.10,0.12,1
1.85,24.71,-0.01,0.10,0.12,1
1.86,24.71,-0.01,0.10,0.12,1
1.87,24.71,-0.01,0.10,0.12,1
1.88,24.71,-0.01,0.10,0.12,1
1.89,24.71,-0.01,0.10,0.12,1
1.90,24.71,-0.01,0.10,0.12,1
1.91,24.71,-0.01,0.10,0.12,1
1.92,24.71,-0.01,0.10,0.12,1
1.93,24.71,-0.01,0.10,0.12,1
1.94,24.71,-0.01,0.10,0.12,1
1.95,24.71,-0.01,0.10,0.12,1
1.96,24.71,-0.01,0.10,0.12,1
1.97,24.71,-0.01,0.10,0.12,1
1.98,24.71,-0.01,0.10,0.12,1
1.99,24.71,-0.01,0.10,0.12,1
2.00,24.71,-0.01,0.10,0.12,1
2.01,24.71,-0.01,0.10,0.12,1
2.02,24.71,-0.01,0.10,0.12,1
2.03,24.71,-0.01,0.10,0.12,1
2.04,24.71,-0.01,0.10,0.12,1
2.05,24.71,-0.01,0.10,0.12,1
2.06,24.71,-0.01,0.10,0.12,1
2.07,24.71,-0.01,0.10,0.12,1
2.08,24.71,-0.01,0.10,0.12,1
2.09,24.71,-0.01,0.10,0.12,1
2.10,24.71,-0.01,0.10,0.12,1
2.11,24.71,-0.01,0.10,0.12,1
2.12,24.71,-0.01,0.10,0.12,1
2.13,24.71,-0.01,0.10,0.12,1
2.14,24.71,-0.01,0.10,0.12,1
2.15,24.71,-0.01,0.10,0.12,1
2.16,24.71,-0.01,0.10,0.12,1
2.17,24.71,-0.01,0.10,0.12,1
2.18,24.71,-0.01,0.10,0.12,1
2.19,24.71,-0.01,0.10,0.12,1
2.20,24.71,-0.01,0.10,0.12,1
2.21,24.71,-0.01,0.10,0.12,1
2.22,24.71,-0.01,0.10,0.12,1
2.23,24.71,-0.01,0.10,0.12,1
2.24,24.71,-0.01,0.10,0.12,1
2.25,24.71,-0.01,0.10,0.12,1
2.26,24.71,-0.01,0.10,0.12,1
2.27,24.71,-0.01,0.10,0.12,1
2.28,24.71,-0.01,0.10,0.12,1
2.29,24.71,-0.01,0.10,0.12,1
2.30,24.71,-0.01,0.10,0.12,1
2.31,24.71,-0.01,0.10,0.12,1
2.32,24.71,-0.01,0.10,0.12,1
2.33,24.71,-0.01,0.10,0.12,1
2.34,24.71,-0.01,0.10,0.12,1
2.35,24.71,-0.01,0.10,0.12,1
2.36,24.71,-0.01,0.10,0.12,1
2.37,24.71,-0.01,0.10,0.12,1
2.38,24.71,-0.01,0.10,0.12,1
2.39,24.71,-0.01,0.10,0.12,1
2.40,24.71,-0.01,0.10,0.12,1
2.41,24.71,-0.01,0.10,0.12,1
2.42,24.71,-0.01,0.10,0.12,1
2.43,24.71,-0.01,0.10,0.12,1
2.44,24.71,-0.01,0.10,0.12,1
2.45,24.71,-0.01,0.10,0.12,1
2.46,24.71,-0.01,0.10,0.12,1
2.47,24.71,-0.01,0.10,0.12,1
2.48,24.71,-0.01,0.10,0.12,1
2.49,24.71,-0.01,0.10,0.12,1
2.50,24.71,-0.01,0.10,0.12,1
2.51,24.71,-0.01,0.10,0.12,1
2.52,24.71,-0.01,0.10,0.12,1
2.53,24.71,-0.01,0.10,0.12,1
2.54,24.71,-0.01,0.10,0.12,1
2.55,24.71,-0.01,0.10,0.12,1
2.56,24.71,-0.01,0.10,0.12,1
2.57,24.71,-0.01,0.10,0.12,1
2.58,24.71,-0.01,0.10,0.12,1
2.59,24.71,-0.01,0.10,0.12,1
2.60,24.71,-0.01,0.10,0.12,1
2.61,24.71,-0.01,0.10,0.12,1
2.62,24.71,-0.01,0.10,0.12,1
2.63,24.71,-0.01,0.10,0.12,1
2.64,24.71,-0.01,0.10,0.12,1
2.65,24.71,-0.01,0.10,0.12,1
2.66,24.71,-0.01,0.10,0.12,1
2.67,24.71,-0.01,0.10,0.12,1
2.68,24.71,-0.01,0.10,0.12,1
2.69,24.71,-0.01,0.10,0.12,1
2.70,24.71,-0.01,0.10,0.12,1
2.71,24.71,-0.01,0.10,0.12,1
2.72,24.71,-0.01,0.10,0.12,1
2.73,24.71,-0.01,0.10,0.12,1
2.74,24.71,-0.01,0.10,0.12,1
2.75,24.71,-0.01,0.10,0.12,1
2.76,24.71,-0.01,0.10,0.12,1
2.77,24.71,-0.01,0.10,0.12,1
2.78,24.71,-0.01,0.10,0.12,1
2.79,24.71,-0.01,0.10,0.12,1
2.80,24.71,-0.01,0.10,0.12,1
2.81,24.71,-0.01,0.10,0.12,1
2.82,24.71,-0.01,0.10,0.12,1
2.83,24.71,-0.01,0.10,0.12,1
2.84,24.71,-0.01,0.10,0.12,1
2.85,24.71,-0.01,0.10,0.12,1
2.86,24.71,-0.01,0.10,0.12,1
2.87,24.71,-0.01,0.10,0.12,1
2.88,24.71,-0.01,0.10,0.12,1
2.89,24.71,-0.01,0.10,0.12,1
2.90,24.71,-0.01,0.10,0.12,1
2.91,24.71,-0.01,0.10,0.12,1
2.92,24.71,-0.01,0.10,0.12,1
2.93,24.71,-0.01,0.10,0.12,1
2.94,24.71,-0.01,0.10,0.12,1
2.95,24.71,-0.01,0.10,0.12,1
2.96,24.71,-0.01,0.10,0.12,1
2.97,24.71,-0.01,0.10,0.12,1
2.98,24.71,-0.01,0.10,0.12,1
2.99,24.71,-0.01,0.10,0.12,1
3.00,24.71,-0.01,0.10,0.12,1
3.01,24.71,-0.01,0.10,0.12,1
3.02,24.71,-0.01,0.10,0.12,1
3.03,24.71,-0.01,0.10,0.12,1
3.04,24.71,-0.01,0.10,0.12,1
3.05,24.71,-0.01,0.10,0.12,1
3.06,24.71,-0.01,0.10,0.12,1
3.07,24.71,-0.01,0.10,0.12,1
3.08,24.71,-0.01,0.10,0.12,1
3.09,24.71,-0.01,0.10,0.12,1
3.10,24.71,-0.01,0.10,0.12,1
3.11,24.71,-0.01,0.10,0.12,1
3.12,24.71,-0.01,0.10,0.12,1
3.13,24.71,-0.01,0.10,0.12,1
3.14,24.71,-0.01,0.10,0.12,1
3.15,24.71,-0.01,0.10,0.12,1
3.16,24.71,-0.01,0.10,0.12,1
3.17,24.71,-0.01,0.10,0.12,1
3.18,24.71,-0.01,0.10,0.12,1
3.19,24.71,-0.01,0.10,0.12,1
3.20,24.71,-0.01,0.10,0.12,1
3.21,24.71,-0.01,0.10,0.12,1
3.22,24.71,-0.01,0.10,0.12,1
3.23,24.71,-0.01,0.10,0.12,1
3.24,24.71,-0.01,0.10,0.12,1
3.25,24.71,-0.01,0.10,0.12,1
3.26,24.71,-0.01,0.10,0.12,1
3.27,24.71,-0.01,0.10,0.12,1
3.28,24.71,-0.01,0.10,0.12,1
3.29,24.71,-0.01,0.10,0.12,1
3.30,24.71,-0.01,0.10,0.12,1
3.31,24.71,-0.01,0.10,0.12,1
3.32,24.71,-0.01,0.10,0.12,1
3.33,24.71,-0.01,0.10,0.12,1
3.34,24.71,-0.01,0.10,0.12,1
3.35,24.71,-0.01,0.10,0.12,1
3.36,24.71,-0.01,0.10,0.12,1
3.37,24.71,-0.01,0.10,0.12,1
3.38,24.71,-0.01,0.10,0.12,1
3.39,24.71,-0.01,0.10,0.12,1
3.40,24.71,-0.01,0.10,0.12,1
3.41,24.71,-0.01,0.10,0.12,1
3.42,24.71,-0.01,0.10,0.12,1
3.43,24.71,-0.01,0.10,0.12,1
3.44,24.71,-0.01,0.10,0.12,1
3.45,24.71,-0.01,0.10,0.12,1
3.46,24.71,-0.01,0.10,0.12,1
3.47,24.71,-0.01,0.10,0.12,1
3.48,24.71,-0.01,0.10,0.12,1
3.49,24.71,-0.01,0.10,0.12,1
3.50,24.71,-0.01,0.10,0.12,1
3.51,24.71,-0.01,0.10,0.12,1
3.52,24.71,-0.01,0.10,0.12,1
3.53,24.71,-0.01,0.10,0.12,1
3.54,24.71,-0.01,0.10,0.12,1
3.55,24.71,-0.01,0.10,0.12,1
3.56,24.71,-0.01,0.10,0.12,1
3.57,24.71,-0.01,0.10,0.12,1
3.58,24.71,-0.01,0.10,0.12,1
3.59,24.71,-0.01,0.10,0.12,1
3.60,24.71,-0.01,0.10,0.12,1
3.61,24.71,-0.01,0.10,0.12,1
3.62,24.71,-0.01,0.10,0.12,1
3.63,24.71,-0.01,0.10,0.12,1
3.64,24.71,-0.01,0.10,0.12,1
3.65,24.71,-0.01,0.10,0.12,1
3.66,24.71,-0.01,0.10,0.12,1
3.67,24.71,-0.01,0.10,0.12,1
3.68,24.71,-0.01,0.10,0.12,1
3.69,24.71,-0.01,0.10,0.12,1
3.70,24.71,-0.01,0.10,0.12,1
3.71,24.71,-0.01,0.10,0.12,1
3.72,24.71,-0.01,0.10,0.12,1
3.73,24.71,-0.01,0.10,0.12,1
3.74,24.71,-0.01,0.10,0.12,1
3.75,24.71,-0.01,0.10,0.12,1
3.76,24.71,-0.01,0.10,0.12,1
3.77,24.71,-0.01,0.10,0.12,1
3.78,24.71,-0.01,0.10,0.12,1
3.79,24.71,-0.01,0.10,0.12,1
3.80,24.71,-0.01,0.10,0.12,1
3.81,24.71,-0.01,0.10,0.12,1
3.82,24.71,-0.01,0.10,0.12,1
3.83,24.71,-0.01,0.10,0.12,1
3.84,24.71,-0.01,0.10,0.12,1
3.85,24.71,-0.01,0.10,0.12,1
3.86,24.71,-0.01,0.10,0.12,1
3.87,24.71,-0.01,0.10,0.12,1
3.88,24.71,-0.01,0.10,0.12,1
3.89,24.71,-0.01,0.10,0.12,1
3.90,24.71,-0.01,0.10,0.12,1
3.91,24.71,-0.01,0.10,0.12,1
3.92,24.71,-0.01,0.10,0.12,1
3.93,24.71,-0.01,0.10,0.12,1
3.94,24.71,-0.01,0.10,0.12,1
3.95,24.71,-0.01,0.10,0.12,1
3.96,24.71,-0.01,0.10,0.12,1
3.97,24.71,-0.01,0.10,0.12,1
3.98,24.71,-0.01,0.10,0.12,1
3.99,24.71,-0.01,0.10,0.12,1
4.00,24.71,-0.01,0.10,0.12,1
4.01,24.71,-0.01,0.10,0.12,1
4.02,24.71,-0.01,0.10,0.12,1
4.03,24.71,-0.01,0.10,0.12,1
4.04,24.71,-0.01,0.10,0.12,1
4.05,24.71,-0.01,0.10,0.12,1
4.06,24.71,-0.01,0.10,0.12,1
4.07,24.71,-0.01,0.10,0.12,1
4.08,24.71,-0.01,0.10,0.12,1
4.09,24.71,-0.01,0.10,0.12,1
4.10,24.71,-0.01,0.10,0.12,1
4.11,24.71,-0.01,0.10,0.12,1
4.12,24.71,-0.01,0.10,0.12,1
4.13,24.71,-0.01,0.10,0.12,1
4.14,24.71,-0.01,0.10,0.12,1
4.15,24.71,-0.01,0.10,0.12,1
4.16,24.71,-0.01,0.10,0.12,1
4.17,24.71,-0.01,0.10,0.12,1
4.18,24.71,-0.01,0.10,0.12,1
4.19,24.71,-0.01,0.10,0.12,1
4.20,24.71,-0.01,0.10,0.12,1
4.21,24.71,-0.01,0.10,0.12,1
4.22,24.71,-0.01,0.10,0.12,1
4.23,24.71,-0.01,0.10,0.12,1
4.24,24.71,-0.01,0.10,0.12,1
4.25,24.71,-0.01,0.10,0.12,1
4.26,24.71,-0.01,0.10,0.12,1
4.27,24.71,-0.01,0.10,0.12,1
4.28,24.71,-0.01,0.10,0.12,1
4.29,24.71,-0.01,0.10,0.12,1
4.30,24.71,-0.01,0.10,0.12,1
4.31,24.71,-0.01,0.10,0.12,1
4.32,24.71,-0.01,0.10,0.12,1
4.33,24.71,-0.01,0.10,0.12,1
4.34,24.71,-0.01,0.10,0.12,1
4.35,24.71,-0.01,0.10,0.12,1
4.36,24.71,-0.01,0.10,0.12,1
4.37,24.71,-0.01,0.10,0.12,1
4.38,24.71,-0.01,0.10,0.12,1
4.39,24.71,-0.01,0.10,0.12,1
4.40,24.71,-0.01,0.10,0.12,1
4.41,24.71,-0.01,0.10,0.12,1
4.42,24.71,-0.01,0.10,0.12,1
4.43,24.71,-0.01,0.10,0.12,1
4.44,24.71,-0.01,0.10,0.12,1
ets Jul 29 2019 12:21:46
rst:0x1 (POWERON_RESET),boot:0x13 (SPI_FAST_FLASH_BOOT)
configsip: 0, SPIWP:0xee
clk_drv:0x00,q_drv:0x00,d_drv:0x00,cs0_drv:0x00,hd_drv:0x00,wp_drv:0x00
mode:DIO, clock div:2
load:0x3fff0030,len:1184
load:0x40078000,len:13232
load:0x40080400,len:3028
entry 0x400805e4
ets Jul 29 2019 12:21:46
rst:0x1 (POWERON_RESET),boot:0x13 (SPI_FAST_FLASH_BOOT)
configsip: 0, SPIWP:0xee
clk_drv:0x00,q_drv:0x00,d_drv:0x00,cs0_drv:0x00,hd_drv:0x00,wp_drv:0x00
mode:DIO, clock div:2
load:0x3fff0030,len:1184
load:0x40078000,len:13232
load:0x40080400,len:3028
entry 0x400805e4
ets Jul 29 2019 12:21:46
rst:0x1 (POWERON_RESET),boot:0x13 (SPI_FAST_FLASH_BOOT)
configsip: 0, SPIWP:0xee
clk_drv:0x00,q_drv:0x00,d_drv:0x00,cs0_drv:0x00,hd_drv:0x00,wp_drv:0x00
mode:DIO, clock div:2
load:0x3fff0030,len:1184
load:0x40078000,len:13232
load:0x40080400,len:3028
entry 0x400805e4
Iniciando ESP32 + Encoder + PID + MQTT
Mi MAC: E0:8C:FE:60:F9:04
ESP-NOW iniciado
Sistema iniciado
Esperando mensajes en: ESP32/ref
Publicando posición en: ESP32/pos
0.00,59.61,0.00,0.00,6.00,0
0.01,59.61,0.00,0.00,6.00,0
0.02,-24.71,0.07,0.00,-0.07,0
0.03,-25.10,0.14,0.00,-0.14,0
0.04,-24.71,0.08,0.00,-0.08,0
0.05,25.10,-0.16,0.00,0.16,1
0.06,25.10,-0.16,0.12,0.16,1
0.07,25.49,-0.10,0.28,0.22,1
0.08,25.88,-0.03,0.29,0.30,1
0.09,25.88,0.03,0.23,0.26,1
0.10,25.10,0.07,0.11,0.16,1
0.11,10.20,0.08,-0.04,0.03,1
0.12,-25.10,0.06,-0.10,-0.10,1
0.13,-25.10,0.01,-0.03,-0.11,1
0.14,18.82,-0.09,0.08,0.06,1
0.15,25.49,-0.15,0.11,0.23,1
0.16,25.49,-0.13,0.10,0.24,1
0.17,25.10,-0.06,0.08,0.17,1
0.18,23.92,0.00,0.03,0.08,1
0.19,-9.02,0.04,-0.03,-0.01,1
0.20,-23.53,0.03,-0.05,-0.06,1
0.21,-11.76,-0.03,-0.05,-0.02,1
0.22,17.65,-0.10,-0.04,0.06,1
0.23,22.75,-0.12,-0.02,0.08,1
0.24,21.57,-0.09,0.00,0.07,1
0.25,15.69,-0.05,0.00,0.05,1
0.26,10.20,-0.03,-0.00,0.03,1
0.27,10.20,-0.04,-0.00,0.03,1
0.28,10.20,-0.04,-0.00,0.03,1
0.29,10.20,-0.04,-0.00,0.03,1
0.30,10.20,-0.04,-0.00,0.03,1
0.31,10.20,-0.04,-0.00,0.03,1
0.32,10.59,-0.04,-0.00,0.03,1
0.33,10.59,-0.04,-0.00,0.03,1
0.34,10.59,-0.04,-0.00,0.03,1
0.35,10.59,-0.04,-0.00,0.03,1
0.36,10.59,-0.04,-0.00,0.03,1
0.37,10.59,-0.04,-0.00,0.03,1
0.38,10.59,-0.04,-0.00,0.03,1
0.39,10.59,-0.04,-0.00,0.03,1
0.40,10.59,-0.04,-0.00,0.03,1
0.41,10.59,-0.04,-0.00,0.03,1
0.42,10.59,-0.04,-0.00,0.03,1
0.43,10.59,-0.04,-0.00,0.03,1
0.44,10.59,-0.04,-0.00,0.03,1
0.45,10.59,-0.04,-0.00,0.03,1
0.46,10.59,-0.04,-0.00,0.03,1
0.47,10.59,-0.04,-0.00,0.03,1
0.48,10.59,-0.04,-0.00,0.03,1
0.49,10.59,-0.04,-0.00,0.03,1
0.50,10.59,-0.04,-0.00,0.03,1
0.51,10.59,-0.04,-0.00,0.03,1
0.52,10.59,-0.04,-0.00,0.03,1
0.53,10.59,-0.04,-0.00,0.03,1
0.54,10.59,-0.04,-0.00,0.03,1
0.55,10.59,-0.04,-0.00,0.03,1
0.56,10.59,-0.04,-0.00,0.03,1
0.57,10.59,-0.04,-0.00,0.03,1
0.58,10.98,-0.04,-0.00,0.03,1
0.59,10.98,-0.04,-0.00,0.03,1
0.60,10.98,-0.04,-0.00,0.03,1
0.61,10.98,-0.04,-0.00,0.03,1
0.62,10.98,-0.04,-0.00,0.03,1
0.63,10.98,-0.04,-0.00,0.03,1
0.64,10.98,-0.04,-0.00,0.03,1
0.65,10.98,-0.04,-0.00,0.03,1
0.66,10.98,-0.04,-0.00,0.03,1
0.67,10.98,-0.04,-0.00,0.03,1
0.68,10.98,-0.04,-0.00,0.03,1
0.69,10.98,-0.04,-0.00,0.03,1
0.70,10.98,-0.04,-0.00,0.03,1
0.71,10.98,-0.04,-0.00,0.03,1
0.72,10.98,-0.04,-0.00,0.03,1
0.73,10.98,-0.04,-0.00,0.03,1
0.74,10.98,-0.04,-0.00,0.03,1
0.75,10.98,-0.04,-0.00,0.03,1
0.76,10.98,-0.04,-0.00,0.03,1
0.77,10.98,-0.04,-0.00,0.03,1
0.78,10.98,-0.04,-0.00,0.03,1
0.79,10.98,-0.04,-0.00,0.03,1
0.80,10.98,-0.04,-0.00,0.03,1
0.81,10.98,-0.04,-0.00,0.03,1
0.82,10.98,-0.04,-0.00,0.03,1
0.83,10.98,-0.04,-0.00,0.03,1
0.84,10.98,-0.04,-0.00,0.03,1
0.85,10.98,-0.04,-0.00,0.03,1
0.86,10.98,-0.04,-0.00,0.03,1
0.87,10.98,-0.04,-0.00,0.03,1
0.88,10.98,-0.04,-0.00,0.03,1
0.89,10.98,-0.04,-0.00,0.03,1
0.90,10.98,-0.04,-0.00,0.03,1
0.91,10.98,-0.04,-0.00,0.03,1
0.92,10.98,-0.04,-0.00,0.03,1
0.93,11.37,-0.04,-0.00,0.03,1
0.94,11.37,-0.04,-0.00,0.03,1
0.95,11.37,-0.04,-0.00,0.03,1
0.96,11.37,-0.04,-0.00,0.03,1
0.97,11.37,-0.04,-0.00,0.03,1
0.98,11.37,-0.04,-0.00,0.03,1
0.99,11.37,-0.04,-0.00,0.03,1
1.00,11.37,-0.04,-0.00,0.03,1
1.01,11.37,-0.04,-0.00,0.03,1
1.02,11.37,-0.04,-0.00,0.03,1
1.03,11.37,-0.04,-0.00,0.03,1
1.04,11.37,-0.04,-0.00,0.03,1
1.05,11.37,-0.04,-0.00,0.03,1
1.06,11.37,-0.04,-0.00,0.03,1
1.07,11.37,-0.04,-0.00,0.03,1
1.08,11.37,-0.04,-0.00,0.03,1
1.09,11.37,-0.04,-0.00,0.03,1
1.10,11.37,-0.04,-0.00,0.03,1
1.11,11.37,-0.04,-0.00,0.03,1
1.12,11.37,-0.04,-0.00,0.03,1
1.13,11.37,-0.04,-0.00,0.03,1
1.14,11.37,-0.04,-0.00,0.03,1
1.15,11.37,-0.04,-0.00,0.03,1
1.16,11.37,-0.04,-0.00,0.03,1
1.17,11.37,-0.04,-0.00,0.03,1
1.18,11.37,-0.04,-0.00,0.03,1
1.19,11.37,-0.04,-0.00,0.03,1
1.20,11.37,-0.04,-0.00,0.03,1
1.21,11.37,-0.04,-0.00,0.03,1
1.22,11.37,-0.04,-0.00,0.03,1
1.23,11.37,-0.04,-0.00,0.03,1
1.24,11.37,-0.04,-0.00,0.03,1
1.25,11.37,-0.04,-0.00,0.03,1
1.26,11.37,-0.04,-0.00,0.03,1
1.27,11.37,-0.04,-0.00,0.03,1
1.28,11.37,-0.04,-0.00,0.03,1
1.29,11.37,-0.04,-0.00,0.03,1
1.30,11.37,-0.04,-0.00,0.03,1
1.31,11.37,-0.04,-0.00,0.03,1
1.32,11.37,-0.04,-0.00,0.03,1
1.33,11.37,-0.04,-0.00,0.03,1
1.34,11.37,-0.04,-0.00,0.03,1
1.35,11.37,-0.04,-0.00,0.03,1
1.36,11.37,-0.04,-0.00,0.03,1
1.37,11.37,-0.04,-0.00,0.03,1
1.38,11.37,-0.04,-0.00,0.03,1
1.39,11.37,-0.04,-0.00,0.03,1
1.40,11.37,-0.04,-0.00,0.03,1
1.41,11.37,-0.04,-0.00,0.03,1
1.42,11.37,-0.04,-0.00,0.03,1
1.43,11.37,-0.04,-0.00,0.03,1
1.44,11.37,-0.04,-0.00,0.03,1
1.45,11.37,-0.04,-0.00,0.03,1
1.46,11.37,-0.04,-0.00,0.03,1
1.47,11.37,-0.04,-0.00,0.03,1
1.48,11.76,-0.04,-0.00,0.03,1
1.49,11.76,-0.04,-0.00,0.03,1
1.50,11.76,-0.04,-0.00,0.03,1
1.51,11.76,-0.04,-0.00,0.03,1
1.52,11.76,-0.04,-0.00,0.03,1
1.53,11.76,-0.04,-0.00,0.03,1
1.54,11.76,-0.04,-0.00,0.03,1
1.55,11.76,-0.04,-0.00,0.03,1
1.56,11.76,-0.04,-0.00,0.03,1
1.57,11.76,-0.04,-0.00,0.03,1
1.58,11.76,-0.04,-0.00,0.03,1
1.59,11.76,-0.04,-0.00,0.03,1
1.60,11.76,-0.04,-0.00,0.03,1
1.61,11.76,-0.04,-0.00,0.03,1
1.62,11.76,-0.04,-0.00,0.03,1
1.63,11.76,-0.04,-0.00,0.03,1
1.64,11.76,-0.04,-0.00,0.03,1
1.65,11.76,-0.04,-0.00,0.03,1
1.66,11.76,-0.04,-0.00,0.03,1
1.67,11.76,-0.04,-0.00,0.03,1
1.68,11.76,-0.04,-0.00,0.03,1
1.69,11.76,-0.04,-0.00,0.03,1
1.70,11.76,-0.04,-0.00,0.03,1
1.71,11.76,-0.04,-0.00,0.03,1
1.72,11.76,-0.04,-0.00,0.03,1
1.73,11.76,-0.04,-0.00,0.03,1
1.74,11.76,-0.04,-0.00,0.03,1
1.75,11.76,-0.04,-0.00,0.03,1
1.76,11.76,-0.04,-0.00,0.03,1
1.77,11.76,-0.04,-0.00,0.03,1
1.78,11.76,-0.04,-0.00,0.03,1
1.79,11.76,-0.04,-0.00,0.03,1
1.80,11.76,-0.04,-0.00,0.03,1
1.81,11.76,-0.04,-0.00,0.03,1
1.82,11.76,-0.04,-0.00,0.03,1
1.83,11.76,-0.04,-0.00,0.03,1
1.84,11.76,-0.04,-0.00,0.03,1
1.85,11.76,-0.04,-0.00,0.03,1
1.86,11.76,-0.04,-0.00,0.03,1
1.87,11.76,-0.04,-0.00,0.03,1
1.88,11.76,-0.04,-0.00,0.03,1
1.89,11.76,-0.04,-0.00,0.03,1
1.90,11.76,-0.04,-0.00,0.03,1
1.91,11.76,-0.04,-0.00,0.03,1
1.92,11.76,-0.04,-0.00,0.03,1
1.93,11.76,-0.04,-0.00,0.03,1
1.94,11.76,-0.04,-0.00,0.03,1
1.95,11.76,-0.04,-0.00,0.03,1
1.96,11.76,-0.04,-0.00,0.03,1
1.97,11.76,-0.04,-0.00,0.03,1
1.98,11.76,-0.04,-0.00,0.03,1
1.99,11.76,-0.04,-0.00,0.03,1
2.00,11.76,-0.04,-0.00,0.03,1
2.01,11.76,-0.04,-0.00,0.03,1
2.02,11.76,-0.04,-0.00,0.03,1
2.03,11.76,-0.04,-0.00,0.03,1
2.04,11.76,-0.04,-0.00,0.03,1
2.05,11.76,-0.04,-0.00,0.03,1
2.06,11.76,-0.04,-0.00,0.03,1
2.07,11.76,-0.04,-0.00,0.03,1
2.08,11.76,-0.04,-0.00,0.03,1
2.09,11.76,-0.04,-0.00,0.03,1
2.10,11.76,-0.04,-0.00,0.03,1
2.11,11.76,-0.04,-0.00,0.03,1
2.12,11.76,-0.04,-0.00,0.03,1
2.13,11.76,-0.04,-0.00,0.03,1
2.14,11.76,-0.04,-0.00,0.03,1
2.15,11.76,-0.04,-0.00,0.03,1
2.16,11.76,-0.04,-0.00,0.03,1
2.17,11.76,-0.04,-0.00,0.03,1
2.18,11.76,-0.04,-0.00,0.03,1
2.19,11.76,-0.04,-0.00,0.03,1
2.20,11.76,-0.04,-0.00,0.03,1
2.21,11.76,-0.04,-0.00,0.03,1
2.22,11.76,-0.04,-0.00,0.03,1
2.23,11.76,-0.04,-0.00,0.03,1
2.24,11.76,-0.04,-0.00,0.03,1
2.25,11.76,-0.04,-0.00,0.03,1
2.26,11.76,-0.04,-0.00,0.03,1
2.27,11.76,-0.04,-0.00,0.03,1
2.28,11.76,-0.04,-0.00,0.03,1
2.29,11.76,-0.04,-0.00,0.03,1
2.30,11.76,-0.04,-0.00,0.03,1
2.31,11.76,-0.04,-0.00,0.03,1
2.32,11.76,-0.04,-0.00,0.03,1
2.33,11.76,-0.04,-0.00,0.03,1
2.34,11.76,-0.04,-0.00,0.03,1
2.35,11.76,-0.04,-0.00,0.03,1
2.36,11.76,-0.04,-0.00,0.03,1
2.37,11.76,-0.04,-0.00,0.03,1
2.38,11.76,-0.04,-0.00,0.03,1
2.39,11.76,-0.04,-0.00,0.03,1
2.40,11.76,-0.04,-0.00,0.03,1
2.41,11.76,-0.04,-0.00,0.03,1
2.42,11.76,-0.04,-0.00,0.03,1
2.43,11.76,-0.04,-0.00,0.03,1
2.44,11.76,-0.04,-0.00,0.03,1
2.45,11.76,-0.04,-0.00,0.03,1
2.46,11.76,-0.04,-0.00,0.03,1
2.47,11.76,-0.04,-0.00,0.03,1
2.48,11.76,-0.04,-0.00,0.03,1
2.49,11.76,-0.04,-0.00,0.03,1
2.50,11.76,-0.04,-0.00,0.03,1
2.51,11.76,-0.04,-0.00,0.03,1
2.52,11.76,-0.04,-0.00,0.03,1
2.53,11.76,-0.04,-0.00,0.03,1
2.54,11.76,-0.04,-0.00,0.03,1
2.55,11.76,-0.04,-0.00,0.03,1
2.56,11.76,-0.04,-0.00,0.03,1
2.57,11.76,-0.04,-0.00,0.03,1
2.58,11.76,-0.04,-0.00,0.03,1
2.59,11.76,-0.04,-0.00,0.03,1
2.60,11.76,-0.04,-0.00,0.03,1
2.61,11.76,-0.04,-0.00,0.03,1
2.62,11.76,-0.04,-0.00,0.03,1
2.63,11.76,-0.04,-0.00,0.03,1
2.64,11.76,-0.04,-0.00,0.03,1
2.65,11.76,-0.04,-0.00,0.03,1
2.66,11.76,-0.04,-0.00,0.03,1
2.67,11.76,-0.04,-0.00,0.03,1
2.68,11.76,-0.04,-0.00,0.03,1
2.69,11.76,-0.04,-0.00,0.03,1
2.70,11.76,-0.04,-0.00,0.03,1
2.71,11.76,-0.04,-0.00,0.03,1
2.72,11.76,-0.04,-0.00,0.03,1
2.73,11.76,-0.04,-0.00,0.03,1
2.74,11.76,-0.04,-0.00,0.03,1
2.75,11.76,-0.04,-0.00,0.03,1
2.76,11.76,-0.04,-0.00,0.03,1
2.77,11.76,-0.04,-0.00,0.03,1
2.78,11.76,-0.04,-0.00,0.03,1
2.79,11.76,-0.04,-0.00,0.03,1
2.80,11.76,-0.04,-0.00,0.03,1
2.81,11.76,-0.04,-0.00,0.03,1
2.82,11.76,-0.04,-0.00,0.03,1
2.83,12.16,-0.04,-0.00,0.03,1
2.84,12.16,-0.04,-0.00,0.03,1
2.85,12.16,-0.04,-0.00,0.03,1
2.86,12.16,-0.04,-0.00,0.03,1
2.87,12.16,-0.04,-0.00,0.03,1
2.88,12.16,-0.04,-0.00,0.03,1
2.89,12.16,-0.04,-0.00,0.03,1
2.90,12.16,-0.04,-0.00,0.03,1
2.91,12.16,-0.04,-0.00,0.03,1
2.92,12.16,-0.04,-0.00,0.03,1
2.93,12.16,-0.04,-0.00,0.03,1
2.94,12.16,-0.04,-0.00,0.03,1
2.95,12.16,-0.04,-0.00,0.03,1
2.96,12.16,-0.04,-0.00,0.03,1
2.97,12.16,-0.04,-0.00,0.03,1
2.98,12.16,-0.04,-0.00,0.03,1
2.99,12.16,-0.04,-0.00,0.03,1
3.00,12.16,-0.04,-0.00,0.03,1
3.01,12.16,-0.04,-0.00,0.03,1
3.02,12.16,-0.04,-0.00,0.03,1
3.03,12.16,-0.04,-0.00,0.03,1
3.04,12.16,-0.04,-0.00,0.03,1
3.05,12.16,-0.04,-0.00,0.03,1
3.06,12.16,-0.04,-0.00,0.03,1
3.07,12.16,-0.04,-0.00,0.03,1
3.08,12.16,-0.04,-0.00,0.03,1
3.09,12.16,-0.04,-0.00,0.03,1
3.10,12.16,-0.04,-0.00,0.03,1
3.11,12.16,-0.04,-0.00,0.03,1
3.12,12.16,-0.04,-0.00,0.03,1
3.13,12.16,-0.04,-0.00,0.03,1
3.14,12.16,-0.04,-0.00,0.03,1
3.15,12.16,-0.04,-0.00,0.03,1
3.16,12.16,-0.04,-0.00,0.03,1
3.17,12.16,-0.04,-0.00,0.03,1
3.18,12.16,-0.04,-0.00,0.03,1
3.19,12.16,-0.04,-0.00,0.03,1
3.20,12.16,-0.04,-0.00,0.03,1
3.21,12.16,-0.04,-0.00,0.03,1
3.22,12.16,-0.04,-0.00,0.03,1
3.23,12.16,-0.04,-0.00,0.03,1
3.24,12.16,-0.04,-0.00,0.03,1
3.25,12.16,-0.04,-0.00,0.03,1
3.26,12.16,-0.04,-0.00,0.03,1
3.27,12.16,-0.04,-0.00,0.03,1
3.28,12.16,-0.04,-0.00,0.03,1
3.29,12.16,-0.04,-0.00,0.03,1
3.30,12.16,-0.04,-0.00,0.03,1
3.31,12.16,-0.04,-0.00,0.03,1
3.32,12.16,-0.04,-0.00,0.03,1
3.33,12.16,-0.04,-0.00,0.03,1
3.34,12.16,-0.04,-0.00,0.03,1
3.35,12.16,-0.04,-0.00,0.03,1
3.36,12.16,-0.04,-0.00,0.03,1
3.37,12.16,-0.04,-0.00,0.03,1
3.38,12.16,-0.04,-0.00,0.03,1
3.39,12.16,-0.04,-0.00,0.03,1
3.40,12.16,-0.04,-0.00,0.03,1
3.41,12.16,-0.04,-0.00,0.03,1
3.42,12.16,-0.04,-0.00,0.03,1
3.43,12.16,-0.04,-0.00,0.03,1
3.44,12.16,-0.04,-0.00,0.03,1
3.45,12.16,-0.04,-0.00,0.03,1
3.46,12.16,-0.04,-0.00,0.03,1
3.47,12.16,-0.04,-0.00,0.03,1
3.48,13.33,-0.04,-0.00,0.04,1
3.49,13.33,-0.04,-0.00,0.04,1
3.50,13.33,-0.04,-0.00,0.04,1
3.51,14.51,-0.05,-0.00,0.04,1
3.52,15.69,-0.05,-0.00,0.05,1
3.53,16.86,-0.05,-0.00,0.05,1
ets Jul 29 2019 12:21:46
rst:0x1 (POWERON_RESET),boot:0x13 (SPI_FAST_FLASH_BOOT)
configsip: 0, SPIWP:0xee
clk_drv:0x00,q_drv:0x00,d_drv:0x00,cs0_drv:0x00,hd_drv:0x00,wp_drv:0x00
mode:DIO, clock div:2
load:0x3fff0030,len:1184
load:0x40078000,len:13232
load:0x40080400,len:3028
entry 0x400805e4
Iniciando ESP32 + Encoder + PID + MQTT
Mi MAC: E0:8C:FE:60:F9:04
ESP-NOW iniciado
Sistema iniciado
Esperando mensajes en: ESP32/ref
Publicando posición en: ESP32/pos
0.00,59.61,0.00,-0.00,6.00,1
0.01,-24.31,0.07,-0.00,-0.07,1
0.02,-25.49,0.18,-0.00,-0.18,1
0.03,-25.49,0.19,-0.00,-0.20,1
0.04,-25.49,0.16,-0.00,-0.17,1
0.05,-25.10,0.13,-0.00,-0.13,1
0.06,-25.10,0.09,0.06,-0.10,1
0.07,-15.69,0.04,0.12,-0.03,1
0.08,25.10,-0.02,0.14,0.14,1
0.09,25.49,-0.04,0.14,0.19,1
0.10,25.10,-0.02,0.14,0.16,1
0.11,25.10,0.01,0.13,0.13,1
0.12,24.71,0.04,0.09,0.09,1
0.13,5.10,0.07,0.02,0.02,1
0.14,-21.18,0.07,0.01,-0.05,1
0.15,-20.00,0.06,0.01,-0.05,1
0.16,-9.41,0.02,0.01,-0.01,1
0.17,2.35,-0.00,0.02,0.01,1
0.18,8.24,-0.01,0.02,0.03,1
0.19,9.80,-0.01,0.02,0.03,1
0.20,9.80,-0.01,0.02,0.03,1
0.21,8.24,-0.01,0.02,0.03,1
0.22,8.24,-0.01,0.02,0.03,1
0.23,8.63,-0.01,0.02,0.03,1
0.24,8.63,-0.01,0.02,0.03,1
0.25,8.63,-0.01,0.02,0.03,1
0.26,8.63,-0.01,0.02,0.03,1
0.27,8.63,-0.01,0.02,0.03,1
0.28,8.63,-0.01,0.02,0.03,1
0.29,8.63,-0.01,0.02,0.03,1
0.30,8.63,-0.01,0.02,0.03,1
0.31,8.63,-0.01,0.02,0.03,1
0.32,8.63,-0.01,0.02,0.03,1
0.33,8.63,-0.01,0.02,0.03,1
0.34,8.63,-0.01,0.02,0.03,1
0.35,8.63,-0.01,0.02,0.03,1
0.36,8.63,-0.01,0.02,0.03,1
0.37,8.63,-0.01,0.02,0.03,1
0.38,8.63,-0.01,0.02,0.03,1
0.39,8.63,-0.01,0.02,0.03,1
0.40,8.63,-0.01,0.02,0.03,1
0.41,8.63,-0.01,0.02,0.03,1
0.42,8.63,-0.01,0.02,0.03,1
0.43,8.63,-0.01,0.02,0.03,1
0.44,8.63,-0.01,0.02,0.03,1
0.45,8.63,-0.01,0.02,0.03,1
0.46,8.63,-0.01,0.02,0.03,1
0.47,8.63,-0.01,0.02,0.03,1
0.48,8.63,-0.01,0.02,0.03,1
0.49,8.63,-0.01,0.02,0.03,1
0.50,8.63,-0.01,0.02,0.03,1
0.51,8.63,-0.01,0.02,0.03,1
0.52,8.63,-0.01,0.02,0.03,1
0.53,8.63,-0.01,0.02,0.03,1
0.54,8.63,-0.01,0.02,0.03,1
0.55,8.63,-0.01,0.02,0.03,1
0.56,9.02,-0.01,0.02,0.03,1
0.57,9.02,-0.01,0.02,0.03,1
0.58,9.02,-0.01,0.02,0.03,1
0.59,9.02,-0.01,0.02,0.03,1
0.60,9.02,-0.01,0.02,0.03,1
0.61,9.02,-0.01,0.02,0.03,1
0.62,9.02,-0.01,0.02,0.03,1
0.63,9.02,-0.01,0.02,0.03,1
0.64,9.02,-0.01,0.02,0.03,1
0.65,9.02,-0.01,0.02,0.03,1
0.66,9.02,-0.01,0.02,0.03,1
0.67,9.02,-0.01,0.02,0.03,1
0.68,9.02,-0.01,0.02,0.03,1
0.69,9.02,-0.01,0.02,0.03,1
0.70,9.02,-0.01,0.02,0.03,1
0.71,9.02,-0.01,0.02,0.03,1
0.72,9.02,-0.01,0.02,0.03,1
0.73,9.02,-0.01,0.02,0.03,1
0.74,9.02,-0.01,0.02,0.03,1
0.75,9.02,-0.01,0.02,0.03,1
0.76,9.02,-0.01,0.02,0.03,1
0.77,9.02,-0.01,0.02,0.03,1
0.78,9.02,-0.01,0.02,0.03,1
0.79,9.02,-0.01,0.02,0.03,1
0.80,9.02,-0.01,0.02,0.03,1
0.81,9.02,-0.01,0.02,0.03,1
0.82,9.02,-0.01,0.02,0.03,1
0.83,9.02,-0.01,0.02,0.03,1
0.84,9.02,-0.01,0.02,0.03,1
0.85,9.02,-0.01,0.02,0.03,1
0.86,9.02,-0.01,0.02,0.03,1
0.87,9.02,-0.01,0.02,0.03,1
0.88,9.02,-0.01,0.02,0.03,1
0.89,9.02,-0.01,0.02,0.03,1
0.90,9.02,-0.01,0.02,0.03,1
0.91,9.02,-0.01,0.02,0.03,1
0.92,9.02,-0.01,0.02,0.03,1
0.93,9.02,-0.01,0.02,0.03,1
0.94,9.02,-0.01,0.02,0.03,1
0.95,9.02,-0.01,0.02,0.03,1
0.96,9.02,-0.01,0.02,0.03,1
0.97,9.02,-0.01,0.01,0.03,1
0.98,6.27,-0.01,0.00,0.02,1
0.99,1.57,-0.01,-0.00,0.01,1
1.00,-0.78,-0.01,-0.01,0.00,1
1.01,-2.35,-0.01,-0.01,0.00,1
1.02,-2.35,-0.01,-0.02,0.00,1
1.03,-7.06,-0.01,-0.02,-0.01,1
1.04,-8.24,-0.01,-0.03,-0.01,1
1.05,-12.55,-0.01,-0.05,-0.02,1
1.06,-18.43,-0.01,-0.06,-0.04,1
1.07,-20.39,-0.01,-0.06,-0.05,1
1.08,-18.43,-0.02,-0.07,-0.04,1
1.09,-16.08,-0.03,-0.07,-0.03,1
1.10,-12.16,-0.04,-0.07,-0.02,1
1.11,-13.73,-0.04,-0.08,-0.03,1
1.12,-16.08,-0.04,-0.08,-0.03,1
1.13,-18.04,-0.04,-0.09,-0.04,1
1.14,-20.00,-0.05,-0.10,-0.05,1
1.15,-21.57,-0.05,-0.11,-0.06,1
1.16,-20.00,-0.06,-0.11,-0.05,1
1.17,-14.51,-0.08,-0.11,-0.03,1
1.18,-7.84,-0.10,-0.11,-0.01,1
1.19,-6.27,-0.10,-0.11,-0.01,1
1.20,-6.27,-0.10,-0.11,-0.01,1
1.21,-6.27,-0.10,-0.11,-0.01,1
1.22,-6.27,-0.10,-0.11,-0.01,1
1.23,-6.27,-0.10,-0.11,-0.01,1
1.24,-6.27,-0.10,-0.11,-0.01,1
1.25,-5.88,-0.10,-0.11,-0.01,1
1.26,-5.88,-0.10,-0.11,-0.01,1
1.27,-5.88,-0.10,-0.11,-0.01,1
1.28,-5.88,-0.10,-0.11,-0.01,1
1.29,-5.88,-0.10,-0.11,-0.01,1
1.30,-5.88,-0.10,-0.11,-0.01,1
1.31,-5.88,-0.10,-0.11,-0.01,1
1.32,-5.88,-0.10,-0.11,-0.01,1
1.33,-5.88,-0.10,-0.11,-0.01,1
1.34,-5.88,-0.10,-0.11,-0.01,1
1.35,-5.88,-0.10,-0.11,-0.01,1
1.36,-5.88,-0.10,-0.11,-0.01,1
1.37,-5.88,-0.10,-0.11,-0.01,1
1.38,-5.88,-0.10,-0.11,-0.01,1
1.39,-5.88,-0.10,-0.11,-0.01,1
1.40,-5.88,-0.10,-0.11,-0.01,1
1.41,-5.88,-0.10,-0.12,-0.01,1
1.42,-10.20,-0.10,-0.14,-0.02,1
1.43,-15.29,-0.10,-0.15,-0.03,1
1.44,-20.39,-0.10,-0.17,-0.05,1
1.45,-21.96,-0.11,-0.17,-0.06,1
1.46,-18.43,-0.13,-0.17,-0.05,1
1.47,-7.06,-0.16,-0.17,-0.01,1
1.48,3.53,-0.19,-0.17,0.01,1
1.49,6.27,-0.19,-0.17,0.02,1
1.50,7.84,-0.19,-0.17,0.02,1
1.51,7.84,-0.19,-0.17,0.02,1
1.52,7.84,-0.19,-0.17,0.02,1
1.53,7.84,-0.19,-0.17,0.02,1
1.54,7.84,-0.19,-0.17,0.02,1
1.55,7.84,-0.19,-0.17,0.02,1
1.56,7.84,-0.19,-0.17,0.02,1
1.57,7.84,-0.19,-0.17,0.02,1
1.58,7.84,-0.19,-0.17,0.02,1
1.59,7.84,-0.19,-0.17,0.02,1
1.60,7.84,-0.19,-0.17,0.02,1
1.61,7.84,-0.19,-0.17,0.02,1
1.62,7.84,-0.19,-0.17,0.02,1
1.63,7.84,-0.19,-0.17,0.02,1
1.64,7.84,-0.19,-0.17,0.02,1
1.65,7.84,-0.19,-0.17,0.02,1
1.66,6.27,-0.19,-0.17,0.02,1
1.67,6.27,-0.19,-0.17,0.02,1
1.68,6.27,-0.19,-0.17,0.02,1
1.69,7.84,-0.19,-0.17,0.02,1
1.70,7.84,-0.19,-0.17,0.02,1
1.71,7.84,-0.19,-0.17,0.02,1
1.72,7.84,-0.19,-0.17,0.02,1
1.73,7.84,-0.19,-0.17,0.02,1
1.74,7.84,-0.19,-0.17,0.02,1
1.75,7.84,-0.19,-0.17,0.02,1
1.76,7.84,-0.19,-0.17,0.02,1
1.77,7.84,-0.19,-0.17,0.02,1
1.78,7.84,-0.19,-0.17,0.02,1
1.79,7.84,-0.19,-0.17,0.02,1
1.80,7.84,-0.19,-0.17,0.02,1
1.81,7.84,-0.19,-0.17,0.02,1
1.82,7.84,-0.19,-0.17,0.02,1
1.83,7.84,-0.19,-0.17,0.02,1
1.84,7.84,-0.19,-0.17,0.02,1
1.85,7.84,-0.19,-0.16,0.02,1
1.86,9.02,-0.19,-0.16,0.02,1
1.87,11.76,-0.19,-0.15,0.03,1
1.88,14.51,-0.19,-0.14,0.04,1
1.89,18.04,-0.19,-0.13,0.05,1
1.90,18.82,-0.19,-0.13,0.05,1
1.91,20.00,-0.19,-0.13,0.06,1
1.92,18.82,-0.18,-0.13,0.05,1
1.93,18.82,-0.18,-0.13,0.05,1
1.94,20.00,-0.18,-0.13,0.06,1
1.95,20.00,-0.18,-0.12,0.06,1
1.96,20.78,-0.18,-0.12,0.06,1
1.97,20.00,-0.18,-0.12,0.06,1
1.98,21.57,-0.18,-0.10,0.06,1
1.99,23.53,-0.18,-0.09,0.07,1
2.00,24.71,-0.17,-0.08,0.08,1
2.01,24.71,-0.17,-0.06,0.09,1
2.02,24.71,-0.16,-0.06,0.10,1
2.03,24.71,-0.16,-0.05,0.10,1
2.04,24.71,-0.16,-0.05,0.10,1
2.05,24.71,-0.15,-0.05,0.10,1
2.06,24.71,-0.15,-0.05,0.10,1
2.07,24.71,-0.15,-0.04,0.10,1
2.08,24.71,-0.14,-0.04,0.10,1
2.09,24.71,-0.14,-0.04,0.10,1
2.10,24.71,-0.14,-0.04,0.10,1
2.11,24.71,-0.13,-0.03,0.09,1
2.12,24.71,-0.13,-0.03,0.09,1
2.13,24.71,-0.13,-0.03,0.09,1
2.14,24.71,-0.13,-0.03,0.09,1
2.15,24.71,-0.12,-0.03,0.09,1
2.16,24.71,-0.12,-0.03,0.09,1
2.17,24.71,-0.12,-0.03,0.09,1
2.18,24.31,-0.12,-0.03,0.08,1
2.19,23.92,-0.11,-0.03,0.08,1
2.20,23.92,-0.11,-0.03,0.08,1
2.21,23.53,-0.11,-0.03,0.08,1
2.22,23.53,-0.11,-0.03,0.08,1
2.23,23.53,-0.11,-0.03,0.08,1
2.24,23.53,-0.11,-0.03,0.08,1
2.25,23.14,-0.10,-0.03,0.07,1
2.26,23.14,-0.10,-0.03,0.07,1
2.27,23.14,-0.10,-0.03,0.07,1
2.28,23.14,-0.10,-0.03,0.07,1
2.29,23.14,-0.10,-0.03,0.07,1
2.30,22.35,-0.10,-0.03,0.07,1
2.31,22.35,-0.10,-0.03,0.07,1
2.32,22.35,-0.10,-0.03,0.07,1
2.33,22.35,-0.10,-0.03,0.07,1
2.34,22.35,-0.10,-0.03,0.07,1
2.35,22.35,-0.10,-0.03,0.07,1
2.36,22.35,-0.10,-0.03,0.07,1
2.37,22.35,-0.10,-0.03,0.07,1
2.38,22.35,-0.10,-0.03,0.07,1
2.39,22.35,-0.10,-0.03,0.07,1
2.40,22.35,-0.10,-0.03,0.07,1
2.41,22.35,-0.10,-0.03,0.07,1
2.42,22.35,-0.10,-0.03,0.07,1
2.43,22.35,-0.10,-0.03,0.07,1
2.44,22.35,-0.10,-0.03,0.07,1
2.45,22.35,-0.10,-0.03,0.07,1
2.46,22.35,-0.10,-0.03,0.07,1
2.47,21.96,-0.10,-0.03,0.07,1
2.48,21.96,-0.10,-0.03,0.07,1
2.49,21.96,-0.10,-0.03,0.07,1
2.50,21.96,-0.10,-0.03,0.07,1
2.51,21.96,-0.10,-0.03,0.07,1
2.52,21.18,-0.10,-0.03,0.07,1
2.53,20.39,-0.10,-0.05,0.06,1
2.54,17.65,-0.10,-0.06,0.05,1
2.55,12.94,-0.10,-0.08,0.04,1
2.56,4.31,-0.10,-0.10,0.02,1
2.57,-4.71,-0.10,-0.14,-0.00,1
2.58,-16.86,-0.10,-0.17,-0.03,1
2.59,-23.53,-0.11,-0.22,-0.06,1
2.60,-24.71,-0.14,-0.25,-0.08,1
2.61,-22.35,-0.20,-0.29,-0.06,1
2.62,-4.31,-0.29,-0.32,-0.00,1
2.63,7.45,-0.35,-0.36,0.02,1
2.64,-10.20,-0.35,-0.41,-0.02,1
2.65,-24.31,-0.34,-0.47,-0.07,1
2.66,-25.10,-0.35,-0.56,-0.13,1
2.67,-25.49,-0.35,-0.64,-0.21,1
2.68,-25.88,-0.35,-0.72,-0.29,1
2.69,-26.27,-0.36,-0.79,-0.36,1
2.70,-26.67,-0.36,-0.86,-0.43,1
2.71,-27.06,-0.36,-0.97,-0.50,1
2.72,-27.84,-0.36,-1.11,-0.60,1
2.73,-28.63,-0.37,-1.31,-0.75,1
2.74,-29.80,-0.37,-1.52,-0.93,1
2.75,-30.98,-0.38,-1.77,-1.14,1
2.76,-32.55,-0.39,-2.03,-1.38,1
2.77,-33.73,-0.41,-2.29,-1.62,1
2.78,-35.29,-0.44,-2.55,-1.86,1
2.79,-36.47,-0.48,-2.77,-2.07,1
2.80,-37.25,-0.54,-2.97,-2.23,1
2.81,-38.04,-0.64,-3.16,-2.34,1
2.82,-38.04,-0.77,-3.32,-2.38,1
2.83,-37.65,-0.98,-3.46,-2.33,1
2.84,-36.86,-1.26,-3.60,-2.21,1
2.85,-36.08,-1.55,-3.75,-2.05,1
2.86,-34.90,-1.87,-3.90,-1.88,1
2.87,-34.12,-2.21,-4.06,-1.69,1
2.88,-32.94,-2.55,-4.24,-1.51,1
2.89,-31.76,-2.91,-4.44,-1.33,1
2.90,-30.98,-3.25,-4.63,-1.19,1
2.91,-30.20,-3.58,-4.83,-1.05,1
2.92,-29.41,-3.89,-5.03,-0.94,1
2.93,-29.02,-4.19,-5.21,-0.83,1
2.94,-28.24,-4.48,-5.38,-0.73,1
2.95,-27.84,-4.75,-5.55,-0.63,1
2.96,-27.06,-5.03,-5.70,-0.53,1
2.97,-26.27,-5.28,-5.83,-0.42,1
2.98,-25.88,-5.50,-5.94,-0.32,1
2.99,-25.10,-5.73,-6.06,-0.21,1
3.00,-23.14,-5.94,-6.19,-0.12,1
3.01,-14.90,-6.11,-6.32,-0.09,1
3.02,-18.43,-6.22,-6.44,-0.10,1
3.03,-24.71,-6.29,-6.57,-0.15,1
3.04,-25.49,-6.34,-6.69,-0.23,1
3.05,-25.88,-6.37,-6.83,-0.32,1
3.06,-26.27,-6.41,-6.94,-0.42,1
3.07,-26.67,-6.45,-7.01,-0.49,1
3.08,-27.06,-6.50,-7.05,-0.52,1
3.09,-27.06,-6.53,-7.05,-0.52,1
3.10,-27.06,-6.53,-7.05,-0.52,1
3.11,-27.06,-6.53,-7.04,-0.52,1
3.12,-27.06,-6.53,-7.03,-0.51,1
3.13,-27.06,-6.53,-7.00,-0.50,1
3.14,-26.67,-6.53,-6.95,-0.46,1
3.15,-26.27,-6.53,-6.86,-0.41,1
3.16,-25.88,-6.53,-6.76,-0.33,1
3.17,-25.10,-6.53,-6.63,-0.22,1
3.18,-15.29,-6.53,-6.47,-0.09,1
3.19,25.10,-6.53,-6.29,0.06,1
3.20,25.88,-6.50,-6.10,0.21,1
3.21,26.27,-6.42,-5.91,0.32,1
3.22,27.06,-6.32,-5.71,0.41,1
3.23,27.45,-6.20,-5.50,0.49,1
3.24,27.84,-6.04,-5.31,0.54,1
3.25,27.84,-5.84,-5.10,0.54,1
3.26,27.45,-5.60,-4.88,0.49,1
3.27,27.06,-5.34,-4.64,0.46,1
3.28,27.06,-5.05,-4.37,0.41,1
3.29,26.67,-4.73,-4.10,0.36,1
3.30,26.27,-4.42,-3.80,0.32,1
3.31,26.27,-4.10,-3.50,0.29,1
3.32,26.27,-3.80,-3.17,0.30,1
3.33,26.27,-3.49,-2.85,0.32,1
3.34,26.27,-3.17,-2.52,0.32,1
3.35,26.27,-2.84,-2.23,0.32,1
3.36,26.27,-2.50,-1.93,0.27,1
3.37,25.88,-2.15,-1.68,0.22,1
3.38,25.10,-1.79,-1.43,0.11,1
3.39,4.71,-1.41,-1.20,-0.02,1
3.40,-25.10,-1.04,-0.97,-0.15,1
3.41,-25.49,-0.75,-0.73,-0.22,1
3.42,-25.10,-0.58,-0.48,-0.15,1
3.43,18.04,-0.50,-0.22,0.01,1
3.44,25.88,-0.46,0.04,0.23,1
3.45,27.06,-0.39,0.29,0.43,1
3.46,27.84,-0.28,0.53,0.57,1
3.47,28.63,-0.16,0.75,0.69,1
3.48,29.02,-0.05,0.94,0.80,1
3.49,29.80,0.06,1.10,0.88,1
3.50,29.80,0.17,1.27,0.93,1
3.51,30.20,0.30,1.42,0.97,1
3.52,29.80,0.47,1.58,0.95,1
3.53,29.80,0.65,1.76,0.94,1
3.54,30.20,0.80,1.94,0.96,1
3.55,30.20,0.95,2.12,0.99,1
3.56,30.20,1.13,2.30,0.99,1
3.57,29.80,1.36,2.50,0.94,1
3.58,29.80,1.58,2.67,0.92,1
3.59,29.41,1.80,2.84,0.87,1
3.60,29.02,2.06,3.00,0.78,1
3.61,28.24,2.31,3.16,0.68,1
3.62,27.84,2.56,3.30,0.60,1
3.63,27.06,2.82,3.45,0.48,1
3.64,26.27,3.08,3.62,0.37,1
3.65,25.88,3.34,3.82,0.28,1
3.66,25.49,3.60,4.01,0.22,1
3.67,25.10,3.85,4.21,0.17,1
3.68,25.10,4.06,4.43,0.16,1
3.69,25.10,4.26,4.62,0.16,1
3.70,25.10,4.47,4.80,0.15,1
3.71,25.49,4.63,4.97,0.17,1
3.72,25.49,4.74,5.11,0.22,1
3.73,25.88,4.82,5.23,0.29,1
3.74,26.27,4.89,5.33,0.35,1
3.75,26.67,4.94,5.41,0.39,1
3.76,26.67,4.98,5.47,0.43,1
3.77,26.67,5.03,5.53,0.44,1
3.78,27.06,5.07,5.59,0.46,1
3.79,27.06,5.11,5.67,0.49,1
3.80,27.45,5.12,5.73,0.54,1
3.81,27.84,5.12,5.79,0.60,1
3.82,28.24,5.12,5.85,0.66,1
3.83,28.63,5.13,5.94,0.73,1
3.84,29.02,5.13,6.04,0.81,1
3.85,29.41,5.13,6.12,0.90,1
3.86,29.80,5.13,6.17,0.98,1
3.87,30.20,5.13,6.20,1.04,1
3.88,30.59,5.14,6.21,1.06,1
3.89,30.59,5.14,6.21,1.08,1
3.90,30.59,5.14,6.20,1.07,1
3.91,30.20,5.15,6.18,1.06,1
3.92,30.20,5.15,6.13,1.03,1
3.93,29.80,5.15,6.04,0.98,1
3.94,29.41,5.15,5.92,0.89,1
3.95,28.63,5.16,5.76,0.77,1
3.96,27.84,5.16,5.57,0.60,1
3.97,26.67,5.16,5.37,0.41,1
3.98,25.49,5.16,5.16,0.21,1
3.99,-11.76,5.16,4.97,0.00,1
4.00,-25.49,5.14,4.79,-0.17,1
4.01,-26.27,5.11,4.60,-0.32,1
4.02,-27.06,5.05,4.37,-0.46,1
4.03,-28.24,5.00,4.15,-0.62,1
4.04,-29.02,4.94,3.87,-0.79,1
4.05,-30.20,4.87,3.58,-1.00,1
4.06,-31.37,4.80,3.25,-1.22,1
4.07,-32.94,4.69,2.90,-1.45,1
4.08,-34.12,4.53,2.53,-1.64,1
4.09,-34.90,4.30,2.20,-1.77,1
4.10,-35.29,4.04,1.85,-1.84,1
4.11,-35.29,3.73,1.54,-1.88,1
4.12,-34.90,3.35,1.20,-1.82,1
4.13,-34.51,2.95,0.90,-1.75,1
4.14,-33.73,2.52,0.59,-1.62,1
4.15,-32.94,2.07,0.33,-1.48,1
4.16,-31.76,1.60,0.05,-1.27,1
4.17,-30.59,1.11,-0.21,-1.06,1
4.18,-29.02,0.62,-0.50,-0.84,1
4.19,-27.84,0.13,-0.79,-0.62,1
4.20,-26.67,-0.36,-1.11,-0.43,1
4.21,-25.88,-0.84,-1.43,-0.26,1
4.22,-24.71,-1.32,-1.75,-0.12,1
4.23,10.59,-1.76,-2.05,0.01,1
4.24,25.10,-2.16,-2.34,0.10,1
4.25,24.71,-2.43,-2.60,0.09,1
4.26,-3.14,-2.58,-2.84,-0.02,1
4.27,-25.49,-2.64,-3.08,-0.20,1
4.28,-26.67,-2.65,-3.30,-0.43,1
4.29,-27.84,-2.65,-3.52,-0.65,1
4.30,-29.41,-2.66,-3.75,-0.86,1
4.31,-30.59,-2.67,-3.98,-1.09,1
4.32,-31.76,-2.68,-4.21,-1.30,1
4.33,-32.94,-2.69,-4.44,-1.51,1
4.34,-34.51,-2.71,-4.67,-1.73,1
4.35,-35.29,-2.73,-4.89,-1.93,1
4.36,-36.47,-2.76,-5.10,-2.13,1
4.37,-37.65,-2.79,-5.31,-2.31,1
4.38,-38.43,-2.83,-5.51,-2.48,1
4.39,-39.61,-2.87,-5.70,-2.64,1
4.40,-40.39,-2.92,-5.88,-2.78,1
4.41,-40.78,-2.99,-6.05,-2.89,1
4.42,-41.18,-3.09,-6.22,-2.95,1
4.43,-41.18,-3.25,-6.38,-2.97,1
4.44,-41.18,-3.46,-6.56,-2.92,1
4.45,-40.78,-3.70,-6.74,-2.86,1
4.46,-40.39,-3.95,-6.92,-2.79,1
4.47,-39.61,-4.26,-7.08,-2.66,1
4.48,-38.43,-4.59,-7.23,-2.49,1
4.49,-37.25,-4.96,-7.36,-2.27,1
4.50,-35.69,-5.35,-7.46,-2.01,1
4.51,-33.73,-5.76,-7.53,-1.71,1
4.52,-31.76,-6.16,-7.56,-1.36,1
4.53,-29.80,-6.56,-7.58,-1.00,1
4.54,-27.45,-6.93,-7.58,-0.65,1
4.55,-25.49,-7.28,-7.57,-0.30,1
4.56,25.10,-7.59,-7.55,0.02,1
4.57,25.49,-7.69,-7.49,0.14,1
4.58,25.10,-7.57,-7.41,0.08,1
4.59,23.53,-7.40,-7.35,-0.01,1
4.60,-24.71,-7.17,-7.26,-0.19,1
4.61,-25.49,-6.98,-7.14,-0.27,1
4.62,-25.10,-6.90,-6.98,-0.23,1
4.63,1.18,-6.90,-6.80,-0.08,1
4.64,25.49,-6.90,-6.61,0.10,1
4.65,26.27,-6.86,-6.41,0.25,1
4.66,27.06,-6.77,-6.19,0.36,1
4.67,27.06,-6.61,-5.98,0.42,1
4.68,27.06,-6.40,-5.76,0.42,1
4.69,27.06,-6.16,-5.51,0.41,1
4.70,27.06,-5.90,-5.26,0.39,1
4.71,26.67,-5.60,-4.98,0.34,1
4.72,26.27,-5.28,-4.71,0.30,1
4.73,25.88,-4.93,-4.43,0.22,1
4.74,25.49,-4.58,-4.16,0.14,1
4.75,25.10,-4.23,-3.89,0.07,1
4.76,22.75,-3.88,-3.60,-0.00,1
4.77,7.84,-3.55,-3.33,-0.05,1
4.78,-14.12,-3.23,-3.05,-0.10,1
4.79,-7.45,-2.97,-2.80,-0.08,1
4.80,12.94,-2.76,-2.54,-0.03,1
4.81,24.71,-2.57,-2.30,0.03,1
4.82,25.49,-2.41,-2.06,0.11,1
4.83,25.88,-2.25,-1.80,0.20,1
4.84,26.27,-2.08,-1.55,0.28,1
4.85,26.27,-1.85,-1.31,0.30,1
4.86,26.27,-1.61,-1.07,0.30,1
4.87,26.27,-1.36,-0.86,0.29,1
4.88,25.88,-1.08,-0.64,0.22,1
4.89,25.49,-0.79,-0.44,0.15,1
4.90,25.10,-0.50,-0.25,0.06,1
4.91,-1.18,-0.19,-0.06,-0.06,1
4.92,-24.71,0.08,0.12,-0.14,1
4.93,-24.71,0.26,0.29,-0.14,1
4.94,8.63,0.33,0.47,-0.03,1
4.95,25.49,0.33,0.65,0.14,1
4.96,26.27,0.35,0.81,0.30,1
4.97,27.06,0.39,0.97,0.42,1
4.98,27.84,0.45,1.13,0.52,1
4.99,28.24,0.52,1.30,0.61,1
5.00,28.63,0.59,1.46,0.71,1
5.01,29.41,0.64,1.61,0.82,1
5.02,30.20,0.65,1.77,0.97,1
5.03,30.98,0.65,1.93,1.13,1
5.04,32.16,0.65,2.06,1.28,1
5.05,32.94,0.65,2.18,1.41,1
5.06,33.33,0.65,2.29,1.53,1
5.07,34.12,0.65,2.38,1.63,1
5.08,34.51,0.66,2.47,1.72,1
5.09,34.90,0.66,2.55,1.80,1
5.10,35.29,0.67,2.63,1.88,1
5.11,35.69,0.68,2.72,1.95,1
5.12,36.08,0.69,2.82,2.02,1
5.13,36.86,0.72,2.93,2.11,1
5.14,37.25,0.75,3.03,2.18,1
5.15,37.25,0.81,3.12,2.22,1
5.16,37.25,0.93,3.18,2.19,1
5.17,36.47,1.09,3.21,2.08,1
5.18,35.29,1.33,3.23,1.88,1
5.19,33.73,1.60,3.26,1.63,1
5.20,32.16,1.89,3.30,1.37,1
5.21,30.59,2.22,3.35,1.08,1
5.22,29.02,2.54,3.40,0.81,1
5.23,27.06,2.88,3.43,0.52,1
5.24,25.49,3.21,3.45,0.21,1
5.25,-25.10,3.55,3.48,-0.10,1
5.26,-26.27,3.83,3.51,-0.35,1
5.27,-27.06,3.95,3.55,-0.44,1
5.28,-26.67,3.93,3.60,-0.38,1
5.29,-25.88,3.85,3.69,-0.25,1
5.30,-14.12,3.71,3.79,-0.02,1
5.31,25.88,3.53,3.91,0.27,1
5.32,27.06,3.41,4.02,0.49,1
5.33,27.84,3.42,4.09,0.60,1
5.34,27.84,3.50,4.12,0.59,1
5.35,27.06,3.60,4.14,0.52,1
5.36,26.67,3.70,4.15,0.43,1
5.37,26.27,3.77,4.16,0.37,1
5.38,26.27,3.80,4.16,0.35,1
5.39,26.27,3.81,4.16,0.35,1
5.40,26.27,3.81,4.16,0.35,1
5.41,26.27,3.81,4.16,0.35,1
5.42,26.27,3.81,4.17,0.35,1
5.43,26.27,3.81,4.19,0.36,1
5.44,26.27,3.81,4.20,0.38,1
5.45,26.67,3.81,4.22,0.39,1
5.46,26.67,3.81,4.22,0.41,1
5.47,26.67,3.81,4.20,0.41,1
5.48,26.27,3.81,4.15,0.39,1
5.49,26.27,3.81,4.08,0.34,1
5.50,25.88,3.81,3.99,0.27,1
5.51,25.10,3.81,3.90,0.18,1
5.52,23.14,3.81,3.80,0.09,1
5.53,-12.55,3.81,3.72,-0.01,1
5.54,-24.71,3.79,3.62,-0.07,1
5.55,-25.10,3.72,3.49,-0.10,1
5.56,-25.10,3.58,3.34,-0.09,1
5.57,-25.10,3.43,3.15,-0.08,1
5.58,-25.10,3.28,2.95,-0.13,1
5.59,-25.49,3.14,2.72,-0.19,1
5.60,-25.88,2.98,2.48,-0.27,1
5.61,-26.27,2.80,2.24,-0.32,1
5.62,-26.67,2.62,2.00,-0.37,1
5.63,-27.06,2.45,1.77,-0.45,1
5.64,-27.45,2.28,1.54,-0.51,1
5.65,-27.45,2.07,1.31,-0.53,1
5.66,-27.45,1.84,1.09,-0.53,1
5.67,-27.45,1.62,0.87,-0.53,1
5.68,-27.45,1.40,0.64,-0.53,1
5.69,-27.45,1.16,0.42,-0.52,1
5.70,-27.45,0.94,0.19,-0.53,1
5.71,-27.45,0.74,-0.05,-0.55,1
5.72,-27.45,0.51,-0.27,-0.56,1
5.73,-27.45,0.26,-0.48,-0.52,1
5.74,-27.45,0.02,-0.70,-0.50,1
5.75,-27.06,-0.23,-0.90,-0.47,1
5.76,-26.67,-0.50,-1.09,-0.39,1
5.77,-26.27,-0.76,-1.29,-0.34,1
5.78,-25.88,-1.02,-1.47,-0.27,1
5.79,-25.49,-1.30,-1.65,-0.17,1
5.80,-25.10,-1.54,-1.85,-0.11,1
5.81,-23.53,-1.78,-2.04,-0.07,1
5.82,-11.37,-2.01,-2.24,-0.02,1
5.83,-21.18,-2.19,-2.46,-0.06,1
5.84,-25.10,-2.30,-2.66,-0.16,1
5.85,-25.88,-2.41,-2.84,-0.25,1
5.86,-25.88,-2.54,-3.00,-0.30,1
5.87,-26.27,-2.68,-3.14,-0.32,1
5.88,-26.27,-2.80,-3.25,-0.34,1
5.89,-26.27,-2.88,-3.34,-0.37,1
5.90,-26.67,-2.91,-3.43,-0.43,1
5.91,-27.45,-2.92,-3.53,-0.51,1
5.92,-27.84,-2.92,-3.63,-0.61,1
5.93,-28.63,-2.92,-3.72,-0.71,1
5.94,-29.02,-2.92,-3.78,-0.80,1
5.95,-29.41,-2.92,-3.79,-0.86,1
5.96,-29.41,-2.92,-3.79,-0.88,1
5.97,-29.41,-2.92,-3.78,-0.88,1
5.98,-29.41,-2.92,-3.77,-0.87,1
5.99,-29.02,-2.92,-3.75,-0.85,1
6.00,-29.02,-2.92,-3.70,-0.83,1
6.01,-28.63,-2.92,-3.64,-0.79,1
6.02,-28.63,-2.92,-3.54,-0.72,1
6.03,-27.84,-2.92,-3.40,-0.62,1
6.04,-27.06,-2.92,-3.24,-0.49,1
6.05,-25.88,-2.92,-3.06,-0.32,1
6.06,-25.10,-2.92,-2.91,-0.15,1
6.07,9.02,-2.92,-2.78,0.00,1
6.08,25.10,-2.90,-2.67,0.12,1
6.09,25.49,-2.85,-2.55,0.18,1
6.10,25.49,-2.75,-2.42,0.20,1
6.11,25.49,-2.60,-2.27,0.17,1
6.12,25.49,-2.44,-2.07,0.18,1
6.13,25.88,-2.30,-1.83,0.23,1
6.14,26.27,-2.15,-1.59,0.31,1
6.15,26.67,-1.95,-1.34,0.36,1
6.16,26.67,-1.72,-1.10,0.38,1
6.17,26.67,-1.48,-0.90,0.37,1
6.18,26.27,-1.21,-0.69,0.32,1
6.19,25.88,-0.93,-0.50,0.23,1
6.20,25.10,-0.64,-0.31,0.14,1
6.21,15.29,-0.34,-0.11,0.03,1
6.22,-20.78,-0.05,0.10,-0.07,1
6.23,-20.78,0.16,0.31,-0.07,1
6.24,19.61,0.27,0.54,0.04,1
6.25,25.49,0.32,0.78,0.22,1
6.26,26.67,0.38,1.01,0.39,1
6.27,27.45,0.46,1.23,0.54,1
6.28,28.24,0.55,1.41,0.67,1
6.29,29.02,0.62,1.58,0.79,1
6.30,29.80,0.66,1.73,0.92,1
6.31,30.59,0.67,1.88,1.06,1
6.32,31.37,0.67,2.01,1.21,1
6.33,32.16,0.67,2.16,1.35,1
6.34,32.94,0.67,2.31,1.49,1
6.35,33.73,0.67,2.50,1.64,1
6.36,34.90,0.67,2.65,1.82,1
6.37,35.69,0.68,2.80,1.97,1
6.38,36.47,0.69,2.91,2.10,1
6.39,37.25,0.71,3.01,2.20,1
6.40,37.65,0.74,3.10,2.27,1
6.41,37.65,0.79,3.18,2.31,1
6.42,37.65,0.88,3.26,2.31,1
6.43,37.25,1.03,3.36,2.24,1
6.44,36.47,1.25,3.46,2.11,1
6.45,35.69,1.51,3.56,1.95,1
6.46,34.51,1.80,3.65,1.76,1
6.47,32.94,2.13,3.74,1.53,1
6.48,31.37,2.47,3.80,1.27,1
6.49,29.80,2.83,3.85,0.97,1
6.50,27.84,3.20,3.90,0.65,1
6.51,25.88,3.57,3.97,0.32,1
6.52,-10.20,3.94,4.06,0.02,1
6.53,-25.88,4.25,4.16,-0.20,1
6.54,-26.27,4.47,4.30,-0.31,1
6.55,-25.88,4.51,4.44,-0.20,1
6.56,-15.69,4.43,4.53,0.01,1
6.57,25.49,4.31,4.63,0.22,1
6.58,26.27,4.27,4.73,0.36,1
6.59,26.27,4.31,4.82,0.42,1
6.60,26.67,4.38,4.90,0.45,1
6.61,26.67,4.43,4.96,0.47,1
6.62,27.06,4.45,4.99,0.51,1
6.63,27.06,4.45,5.00,0.54,1
6.64,27.06,4.45,5.00,0.54,1
6.65,27.06,4.45,5.00,0.54,1
6.66,27.06,4.45,5.00,0.54,1
6.67,27.06,4.45,4.99,0.54,1
6.68,27.06,4.45,4.98,0.54,1
6.69,27.06,4.45,4.96,0.53,1
6.70,27.06,4.45,4.92,0.51,1
6.71,26.67,4.45,4.84,0.47,1
6.72,26.27,4.45,4.72,0.39,1
6.73,25.49,4.45,4.57,0.27,1
6.74,23.53,4.45,4.40,0.12,1
6.75,-24.71,4.45,4.26,-0.05,1
6.76,-25.49,4.42,4.09,-0.16,1
6.77,-25.88,4.33,3.92,-0.24,1
6.78,-26.27,4.23,3.72,-0.31,1
6.79,-27.06,4.15,3.52,-0.43,1
6.80,-27.84,4.05,3.29,-0.53,1
6.81,-28.24,3.94,3.02,-0.65,1
6.82,-29.02,3.78,2.71,-0.77,1
6.83,-29.41,3.56,2.39,-0.85,1
6.84,-29.80,3.32,2.08,-0.93,1
6.85,-30.20,3.06,1.78,-0.98,1
6.86,-30.20,2.78,1.52,-0.99,1
6.87,-30.20,2.48,1.27,-0.96,1
6.88,-29.80,2.17,1.05,-0.91,1
6.89,-29.02,1.83,0.84,-0.78,1
6.90,-28.24,1.49,0.61,-0.66,1
6.91,-27.45,1.14,0.40,-0.53,1
6.92,-26.67,0.81,0.18,-0.40,1
6.93,-26.27,0.46,-0.05,-0.28,1
6.94,-25.49,0.12,-0.27,-0.17,1
6.95,-24.31,-0.22,-0.51,-0.06,1
6.96,12.16,-0.56,-0.74,0.05,1
6.97,24.71,-0.84,-0.97,0.10,1
6.98,21.18,-1.05,-1.19,0.08,1
6.99,-23.14,-1.14,-1.40,-0.05,1
7.00,-25.88,-1.16,-1.61,-0.23,1
7.01,-27.06,-1.17,-1.82,-0.44,1
7.02,-28.24,-1.17,-2.02,-0.65,1
7.03,-29.41,-1.17,-2.23,-0.85,1
7.04,-30.59,-1.18,-2.45,-1.05,1
7.05,-31.76,-1.19,-2.66,-1.26,1
7.06,-32.94,-1.21,-2.87,-1.45,1
7.07,-33.73,-1.23,-3.07,-1.63,1
7.08,-34.90,-1.26,-3.27,-1.81,1
7.09,-35.69,-1.31,-3.46,-1.96,1
7.10,-36.47,-1.38,-3.63,-2.08,1
7.11,-36.86,-1.46,-3.79,-2.17,1
7.12,-37.25,-1.59,-3.93,-2.20,1
7.13,-36.86,-1.78,-4.05,-2.15,1
7.14,-36.08,-2.01,-4.14,-2.04,1
7.15,-35.29,-2.25,-4.20,-1.89,1
7.16,-34.12,-2.51,-4.24,-1.69,1
7.17,-32.55,-2.81,-4.27,-1.43,1
7.18,-30.98,-3.10,-4.27,-1.17,1
7.19,-29.41,-3.39,-4.25,-0.88,1
7.20,-27.45,-3.67,-4.21,-0.58,1
7.21,-25.88,-3.91,-4.14,-0.30,1
7.22,14.12,-4.15,-4.01,0.01,1
7.23,26.27,-4.34,-3.85,0.32,1
7.24,27.45,-4.38,-3.65,0.53,1
7.25,28.24,-4.31,-3.46,0.66,1
7.26,28.63,-4.20,-3.24,0.74,1
7.27,29.02,-4.06,-3.02,0.81,1
7.28,29.80,-3.93,-2.80,0.91,1
7.29,30.20,-3.81,-2.58,1.01,1
7.30,30.59,-3.65,-2.37,1.07,1
7.31,30.59,-3.45,-2.15,1.08,1
7.32,30.59,-3.20,-1.92,1.05,1
7.33,30.20,-2.95,-1.69,1.03,1
7.34,29.80,-2.65,-1.43,0.96,1
7.35,29.41,-2.32,-1.16,0.89,1
7.36,29.02,-1.98,-0.90,0.82,1
7.37,28.63,-1.60,-0.62,0.71,1
7.38,27.84,-1.21,-0.36,0.59,1
7.39,26.67,-0.79,-0.09,0.43,1
7.40,25.88,-0.37,0.16,0.28,1
7.41,24.71,0.06,0.41,0.10,1
7.42,-23.14,0.48,0.66,-0.07,1
7.43,-25.10,0.82,0.89,-0.16,1
7.44,-25.10,1.03,1.12,-0.14,1
7.45,-3.92,1.13,1.35,-0.01,1
7.46,25.49,1.17,1.59,0.19,1
7.47,26.67,1.19,1.84,0.40,1
7.48,27.84,1.25,2.08,0.59,1
7.49,28.63,1.32,2.33,0.76,1
7.50,29.80,1.40,2.58,0.93,1
7.51,30.98,1.47,2.82,1.11,1
7.52,31.76,1.53,3.04,1.28,1
7.53,32.55,1.62,3.24,1.42,1
7.54,32.94,1.73,3.39,1.50,1
7.55,32.94,1.89,3.52,1.50,1
7.56,32.55,2.10,3.64,1.42,1
7.57,32.16,2.31,3.77,1.33,1
7.58,31.37,2.53,3.88,1.24,1
7.59,30.59,2.78,3.99,1.10,1
7.60,29.80,3.05,4.11,0.94,1
7.61,28.63,3.33,4.23,0.78,1
7.62,27.45,3.63,4.34,0.59,1
7.63,26.67,3.92,4.41,0.41,1
7.64,25.49,4.19,4.44,0.22,1
7.65,-20.00,4.46,4.43,-0.03,1
7.66,-25.88,4.65,4.41,-0.22,1
7.67,-25.88,4.68,4.38,-0.27,1
7.68,-25.88,4.62,4.35,-0.24,1
7.69,-25.49,4.50,4.33,-0.15,1
7.70,-10.98,4.34,4.27,-0.00,1
7.71,23.14,4.18,4.17,0.09,1
7.72,17.25,4.11,4.01,0.07,1
7.73,-25.10,4.12,3.78,-0.11,1
7.74,-26.27,4.12,3.53,-0.34,1
7.75,-27.84,4.09,3.22,-0.56,1
7.76,-29.02,4.04,2.90,-0.81,1
7.77,-30.59,3.95,2.57,-1.05,1
7.78,-31.76,3.82,2.25,-1.25,1
7.79,-32.16,3.61,1.95,-1.36,1
7.80,-32.55,3.35,1.69,-1.40,1
7.81,-32.55,3.08,1.43,-1.39,1
7.82,-32.16,2.77,1.19,-1.34,1
7.83,-31.76,2.44,0.95,-1.25,1
7.84,-30.98,2.09,0.71,-1.13,1
7.85,-30.20,1.71,0.46,-0.99,1
7.86,-29.41,1.32,0.18,-0.87,1
7.87,-28.63,0.93,-0.13,-0.75,1
7.88,-28.24,0.54,-0.46,-0.68,1
7.89,-27.84,0.15,-0.79,-0.60,1
7.90,-27.45,-0.25,-1.11,-0.54,1
7.91,-27.06,-0.65,-1.40,-0.45,1
7.92,-26.27,-1.05,-1.67,-0.36,1
7.93,-25.49,-1.44,-1.91,-0.23,1
7.94,-24.71,-1.81,-2.13,-0.10,1
7.95,16.86,-2.16,-2.35,0.03,1
7.96,24.71,-2.44,-2.59,0.09,1
7.97,16.86,-2.62,-2.83,0.03,1
7.98,-25.10,-2.68,-3.08,-0.15,1
7.99,-26.67,-2.68,-3.33,-0.40,1
8.00,-27.84,-2.68,-3.58,-0.65,1
8.01,-29.41,-2.68,-3.81,-0.89,1
8.02,-30.98,-2.69,-4.02,-1.12,1
8.03,-32.16,-2.69,-4.19,-1.32,1
8.04,-32.94,-2.71,-4.36,-1.49,1
8.05,-33.73,-2.72,-4.49,-1.63,1
8.06,-34.51,-2.74,-4.61,-1.75,1
8.07,-34.90,-2.76,-4.72,-1.85,1
8.08,-35.69,-2.78,-4.82,-1.94,1
8.09,-36.08,-2.79,-4.92,-2.03,1
8.10,-36.47,-2.81,-5.00,-2.11,1
8.11,-36.86,-2.83,-5.04,-2.16,1
8.12,-36.86,-2.86,-5.04,-2.17,1
8.13,-36.47,-2.90,-5.04,-2.15,1
8.14,-36.47,-2.94,-5.01,-2.10,1
8.15,-36.08,-2.98,-4.97,-2.04,1
8.16,-35.29,-3.04,-4.90,-1.93,1
8.17,-34.51,-3.13,-4.81,-1.77,1
8.18,-32.94,-3.25,-4.66,-1.55,1
8.19,-31.37,-3.41,-4.48,-1.26,1
8.20,-29.41,-3.56,-4.27,-0.92,1
8.21,-27.45,-3.67,-4.05,-0.60,1
8.22,-25.49,-3.75,-3.81,-0.29,1
8.23,20.00,-3.80,-3.57,-0.01,1
8.24,25.88,-3.80,-3.36,0.23,1
8.25,26.67,-3.74,-3.15,0.37,1
8.26,27.45,-3.64,-2.95,0.49,1
8.27,27.84,-3.50,-2.74,0.55,1
8.28,27.84,-3.32,-2.52,0.58,1
8.29,28.24,-3.12,-2.28,0.61,1
8.30,28.24,-2.91,-2.03,0.63,1
8.31,28.24,-2.67,-1.75,0.64,1
8.32,28.24,-2.40,-1.48,0.65,1
8.33,28.24,-2.13,-1.18,0.65,1
8.34,28.24,-1.81,-0.91,0.63,1
8.35,27.84,-1.47,-0.64,0.56,1
8.36,27.45,-1.12,-0.39,0.48,1
8.37,26.67,-0.74,-0.15,0.35,1
8.38,25.88,-0.36,0.08,0.21,1
8.39,24.71,0.03,0.31,0.05,1
8.40,-21.57,0.40,0.55,-0.10,1
8.41,-25.10,0.72,0.80,-0.17,1
8.42,-17.65,0.88,1.05,-0.08,1
8.43,25.10,0.93,1.33,0.13,1
8.44,26.67,0.94,1.60,0.39,1
8.45,28.24,0.96,1.90,0.64,1
8.46,29.80,1.02,2.16,0.88,1
8.47,30.59,1.11,2.42,1.04,1
8.48,31.37,1.26,2.66,1.16,1
8.49,31.76,1.43,2.88,1.23,1
8.50,31.76,1.60,3.09,1.28,1
8.51,32.16,1.79,3.27,1.30,1
8.52,31.76,2.02,3.45,1.25,1
8.53,31.37,2.27,3.63,1.18,1
8.54,30.98,2.51,3.83,1.12,1
8.55,30.59,2.78,4.02,1.05,1
8.56,29.80,3.07,4.23,0.95,1
8.57,29.41,3.37,4.45,0.86,1
8.58,28.63,3.69,4.65,0.76,1
8.59,28.24,3.99,4.85,0.66,1
8.60,27.45,4.29,5.03,0.56,1
8.61,27.06,4.59,5.18,0.44,1
8.62,26.27,4.85,5.31,0.34,1
8.63,25.49,5.09,5.43,0.23,1
8.64,25.10,5.30,5.54,0.13,1
8.65,24.71,5.45,5.64,0.09,1
8.66,24.71,5.56,5.70,0.08,1
8.67,21.57,5.65,5.73,0.06,1
8.68,6.27,5.72,5.73,0.01,1
8.69,-10.20,5.76,5.71,-0.03,1
8.70,-16.47,5.76,5.69,-0.05,1
8.71,-20.39,5.75,5.67,-0.06,1
8.72,-24.31,5.75,5.64,-0.08,1
8.73,-24.71,5.75,5.59,-0.10,1
8.74,-25.10,5.74,5.51,-0.15,1
8.75,-25.49,5.73,5.37,-0.22,1
8.76,-26.27,5.72,5.18,-0.35,1
8.77,-27.45,5.72,4.94,-0.53,1
8.78,-28.63,5.71,4.69,-0.77,1
8.79,-30.20,5.69,4.43,-1.00,1
8.80,-31.37,5.67,4.19,-1.24,1
8.81,-32.55,5.62,3.94,-1.43,1
8.82,-33.73,5.55,3.69,-1.61,1
8.83,-34.51,5.43,3.46,-1.75,1
8.84,-34.90,5.25,3.21,-1.80,1
8.85,-34.51,5.00,2.97,-1.79,1
8.86,-34.51,4.72,2.73,-1.75,1
8.87,-33.73,4.39,2.47,-1.66,1
8.88,-33.33,4.01,2.22,-1.55,1
8.89,-32.16,3.60,1.95,-1.38,1
8.90,-30.98,3.16,1.70,-1.20,1
8.91,-29.80,2.69,1.43,-0.99,1
8.92,-28.63,2.23,1.16,-0.80,1
8.93,-27.45,1.74,0.90,-0.58,1
8.94,-26.27,1.26,0.64,-0.36,1
8.95,-25.10,0.79,0.40,-0.15,1
8.96,25.10,0.33,0.15,0.07,1
8.97,25.88,-0.07,-0.09,0.22,1
8.98,25.88,-0.34,-0.33,0.25,1
8.99,25.49,-0.47,-0.58,0.14,1
9.00,-24.71,-0.46,-0.82,-0.12,1
9.01,-26.27,-0.43,-1.09,-0.40,1
9.02,-27.84,-0.43,-1.36,-0.66,1
9.03,-29.41,-0.44,-1.62,-0.91,1
9.04,-30.98,-0.45,-1.87,-1.17,1
9.05,-32.16,-0.46,-2.09,-1.41,1
9.06,-33.33,-0.49,-2.28,-1.60,1
9.07,-34.51,-0.52,-2.44,-1.76,1
9.08,-34.90,-0.58,-2.58,-1.87,1
9.09,-35.29,-0.66,-2.68,-1.91,1
9.10,-34.90,-0.79,-2.78,-1.90,1
9.11,-34.51,-0.97,-2.84,-1.80,1
9.12,-33.33,-1.22,-2.88,-1.62,1
9.13,-32.16,-1.47,-2.90,-1.41,1
9.14,-30.59,-1.73,-2.90,-1.16,1
9.15,-29.02,-2.02,-2.91,-0.89,1
9.16,-27.45,-2.28,-2.90,-0.62,1
9.17,-25.88,-2.55,-2.90,-0.36,1
9.18,-11.76,-2.81,-2.90,-0.09,1
9.19,25.49,-3.02,-2.90,0.12,1
9.20,25.88,-3.13,-2.89,0.23,1
9.21,25.88,-3.12,-2.89,0.22,1
9.22,25.49,-3.06,-2.93,0.17,1
9.23,25.10,-2.98,-2.98,0.05,1
9.24,-23.14,-2.86,-3.05,-0.13,1
9.25,-25.88,-2.74,-3.11,-0.31,1
9.26,-26.27,-2.70,-3.15,-0.42,1
9.27,-26.67,-2.72,-3.15,-0.43,1
9.28,-26.27,-2.74,-3.15,-0.41,1
9.29,-26.27,-2.75,-3.12,-0.40,1
9.30,-26.27,-2.75,-3.10,-0.38,1
9.31,-25.88,-2.75,-3.06,-0.35,1
9.32,-25.88,-2.75,-3.04,-0.32,1
9.33,-25.49,-2.75,-3.03,-0.29,1
9.34,-25.49,-2.75,-3.03,-0.29,1
9.35,-25.49,-2.75,-3.02,-0.28,1
9.36,-25.49,-2.75,-3.02,-0.28,1
9.37,-25.49,-2.75,-3.02,-0.27,1
9.38,-25.49,-2.75,-3.01,-0.27,1
9.39,-25.49,-2.75,-3.01,-0.27,1
9.40,-25.49,-2.75,-3.01,-0.26,1
9.41,-25.49,-2.75,-3.01,-0.26,1
9.42,-25.49,-2.75,-3.00,-0.26,1
9.43,-25.49,-2.75,-3.00,-0.25,1
9.44,-25.49,-2.75,-3.00,-0.25,1
9.45,-25.49,-2.75,-3.00,-0.25,1
9.46,-25.49,-2.75,-2.99,-0.25,1
9.47,-25.49,-2.75,-2.99,-0.25,1
9.48,-25.49,-2.75,-2.99,-0.25,1
9.49,-25.49,-2.75,-2.99,-0.25,1
9.50,-25.49,-2.75,-2.99,-0.24,1
9.51,-25.49,-2.75,-2.99,-0.24,1
9.52,-25.49,-2.75,-2.99,-0.24,1
9.53,-25.49,-2.75,-2.99,-0.24,1
9.54,-25.49,-2.75,-2.99,-0.24,1
9.55,-25.49,-2.75,-2.99,-0.24,1
9.56,-25.49,-2.75,-2.99,-0.24,1
9.57,-25.49,-2.75,-2.99,-0.24,1
9.58,-25.49,-2.75,-2.99,-0.24,1
9.59,-25.49,-2.75,-2.99,-0.24,1
9.60,-25.49,-2.75,-2.99,-0.24,1
9.61,-25.49,-2.75,-2.98,-0.24,1
9.62,-25.49,-2.75,-2.98,-0.24,1
9.63,-25.49,-2.75,-2.98,-0.24,1
9.64,-25.49,-2.75,-2.98,-0.24,1
9.65,-25.49,-2.75,-2.98,-0.24,1
9.66,-25.49,-2.75,-2.98,-0.24,1
9.67,-25.49,-2.75,-2.98,-0.23,1
9.68,-25.49,-2.75,-2.98,-0.23,1
9.69,-25.49,-2.75,-2.98,-0.23,1
9.70,-25.49,-2.75,-2.98,-0.23,1
9.71,-25.49,-2.74,-2.98,-0.24,1
9.72,-25.49,-2.74,-2.98,-0.23,1
9.73,-25.49,-2.74,-2.98,-0.23,1
9.74,-25.49,-2.74,-2.98,-0.23,1
9.75,-25.49,-2.74,-2.97,-0.24,1
9.76,-25.49,-2.74,-2.97,-0.23,1
9.77,-25.49,-2.74,-2.97,-0.23,1
9.78,-25.49,-2.74,-2.97,-0.23,1
9.79,-25.49,-2.74,-2.97,-0.23,1
9.80,-25.49,-2.74,-2.97,-0.23,1
9.81,-25.49,-2.74,-2.97,-0.23,1
9.82,-25.49,-2.74,-2.97,-0.23,1
9.83,-25.10,-2.74,-2.97,-0.22,1
9.84,-25.10,-2.74,-2.97,-0.22,1
9.85,-25.10,-2.74,-2.96,-0.22,1
9.86,-25.10,-2.74,-2.96,-0.22,1
9.87,-25.10,-2.74,-2.96,-0.22,1
9.88,-25.10,-2.74,-2.96,-0.22,1
9.89,-25.10,-2.74,-2.96,-0.22,1
9.90,-25.10,-2.74,-2.96,-0.22,1
9.91,-25.10,-2.74,-2.96,-0.22,1
9.92,-25.10,-2.74,-2.96,-0.22,1
9.93,-25.10,-2.74,-2.96,-0.21,1
9.94,-25.10,-2.74,-2.96,-0.21,1
9.95,-25.10,-2.74,-2.96,-0.21,1
9.96,-25.10,-2.74,-2.95,-0.21,1
9.97,-25.10,-2.74,-2.95,-0.21,1
9.98,-25.10,-2.74,-2.95,-0.21,1
9.99,-25.10,-2.75,-2.95,-0.21,1
10.00,-25.10,-2.75,-2.95,-0.20,1
10.01,-25.10,-2.78,-2.95,-0.17,1
10.02,-7.45,-2.88,-2.95,-0.07,1
10.03,24.71,-2.99,-2.95,0.04,1
10.04,25.10,-3.04,-2.95,0.09,1
10.05,25.10,-3.06,-2.95,0.11,1
10.06,25.10,-3.05,-2.95,0.10,1
10.07,25.10,-3.02,-2.97,0.07,1
10.08,21.96,-2.99,-3.02,0.02,1
10.09,-13.33,-2.94,-3.08,-0.08,1
10.10,-25.10,-2.89,-3.11,-0.20,1
10.11,-25.49,-2.84,-3.11,-0.27,1
10.12,-25.88,-2.79,-3.11,-0.31,1
10.13,-25.88,-2.77,-3.11,-0.34,1
10.14,-26.27,-2.75,-3.09,-0.35,1
10.15,-25.88,-2.75,-3.07,-0.34,1
10.16,-25.88,-2.75,-3.04,-0.32,1
10.17,-25.88,-2.75,-3.02,-0.29,1
10.18,-25.49,-2.75,-3.01,-0.27,1
10.19,-25.49,-2.74,-2.99,-0.26,1
10.20,-25.49,-2.73,-2.99,-0.27,1
10.21,-25.88,-2.71,-2.98,-0.29,1
10.22,-25.88,-2.67,-2.98,-0.31,1
10.23,-26.27,-2.62,-2.97,-0.36,1
10.24,-26.27,-2.57,-2.97,-0.41,1
10.25,-26.67,-2.50,-2.95,-0.46,1
10.26,-27.06,-2.43,-2.94,-0.52,1
10.27,-27.45,-2.35,-2.89,-0.59,1
10.28,-27.84,-2.24,-2.81,-0.65,1
10.29,-28.24,-2.11,-2.67,-0.69,1
10.30,-28.24,-1.95,-2.51,-0.72,1
10.31,-28.24,-1.78,-2.37,-0.73,1
10.32,-28.63,-1.59,-2.35,-0.78,1
10.33,-29.41,-1.40,-2.35,-0.95,1
10.34,-30.59,-1.19,-2.33,-1.16,1
10.35,-32.16,-0.96,-2.29,-1.36,1
10.36,-32.94,-0.74,-2.22,-1.55,1
10.37,-34.12,-0.52,-2.11,-1.71,1
10.38,-34.51,-0.29,-1.94,-1.82,1
10.39,-34.90,-0.09,-1.70,-1.85,1
10.40,-34.51,0.09,-1.45,-1.80,1
10.41,-34.12,0.28,-1.13,-1.72,1
10.42,-33.33,0.45,-0.79,-1.59,1
10.43,-32.16,0.62,-0.40,-1.41,1
10.44,-30.59,0.76,-0.00,-1.17,1
10.45,-29.02,0.90,0.41,-0.90,1
10.46,-27.45,1.04,0.74,-0.64,1
10.47,-26.27,1.19,0.86,-0.45,1
10.48,-26.67,1.33,0.82,-0.47,1
10.49,-27.45,1.45,0.76,-0.63,1
10.50,-28.63,1.57,0.76,-0.81,1
10.51,-29.41,1.70,0.78,-0.94,1
10.52,-30.20,1.85,0.80,-1.07,1
10.53,-30.98,2.00,0.84,-1.20,1
10.54,-31.37,2.15,0.92,-1.32,1
10.55,-31.76,2.29,1.07,-1.37,1
10.56,-31.76,2.44,1.28,-1.37,1
10.57,-31.37,2.57,1.52,-1.29,1
10.58,-30.59,2.70,1.79,-1.18,1
10.59,-29.80,2.82,2.09,-1.03,1
10.60,-28.63,2.94,2.41,-0.84,1
10.61,-27.45,3.04,2.68,-0.63,1
10.62,-26.67,3.15,2.78,-0.46,1
10.63,-26.67,3.26,2.75,-0.48,1
10.64,-27.45,3.36,2.75,-0.61,1
10.65,-27.84,3.47,2.76,-0.72,1
10.66,-28.63,3.57,2.81,-0.81,1
10.67,-29.02,3.67,2.88,-0.87,1
10.68,-29.02,3.76,2.99,-0.88,1
10.69,-28.63,3.82,3.15,-0.83,1
10.70,-27.84,3.86,3.33,-0.71,1
10.71,-27.06,3.89,3.50,-0.56,1
10.72,-25.88,3.89,3.68,-0.39,1
10.73,-25.10,3.89,3.82,-0.21,1
10.74,5.10,3.89,3.81,-0.08,1
10.75,1.57,3.89,3.78,-0.08,1
10.76,-10.20,3.90,3.78,-0.11,1
10.77,-10.59,3.90,3.78,-0.11,1
10.78,-6.67,3.89,3.78,-0.10,1
10.79,1.96,3.86,3.78,-0.08,1
10.80,20.00,3.82,3.78,-0.03,1
10.81,25.10,3.76,3.78,0.03,1
10.82,25.49,3.69,3.78,0.10,1
10.83,25.88,3.60,3.78,0.18,1
10.84,26.27,3.51,3.78,0.27,1
10.85,27.06,3.41,3.76,0.37,1
10.86,27.45,3.29,3.72,0.47,1
10.87,28.24,3.14,3.69,0.58,1
10.88,29.02,2.97,3.67,0.72,1
10.89,29.80,2.77,3.66,0.90,1
10.90,31.37,2.56,3.65,1.11,1
10.91,32.55,2.34,3.65,1.32,1
10.92,33.73,2.12,3.64,1.53,1
10.93,34.51,1.93,3.62,1.71,1
10.94,35.69,1.76,3.60,1.86,1
10.95,36.47,1.60,3.54,1.99,1
10.96,36.86,1.44,3.43,2.09,1
10.97,37.25,1.26,3.26,2.16,1
10.98,37.25,1.08,3.02,2.19,1
10.99,36.86,0.89,2.76,2.13,1
11.00,36.47,0.70,2.44,2.06,1
11.01,35.69,0.50,2.09,1.93,1
11.02,34.90,0.32,1.72,1.77,1
11.03,33.73,0.15,1.35,1.57,1
11.04,32.55,-0.02,0.97,1.37,1
11.05,31.37,-0.19,0.60,1.16,1
11.06,30.20,-0.36,0.24,0.96,1
11.07,29.02,-0.53,-0.09,0.77,1
11.08,27.84,-0.69,-0.31,0.60,1
11.09,27.45,-0.87,-0.35,0.56,1
11.10,28.63,-1.04,-0.34,0.70,1
11.11,29.41,-1.21,-0.36,0.87,1
11.12,30.20,-1.36,-0.38,1.01,1
11.13,30.98,-1.51,-0.42,1.13,1
11.14,31.76,-1.67,-0.50,1.24,1
11.15,32.16,-1.81,-0.63,1.31,1
11.16,32.16,-1.95,-0.75,1.32,1
11.17,32.16,-2.09,-0.83,1.34,1
11.18,32.55,-2.24,-0.89,1.41,1
11.19,32.94,-2.39,-0.95,1.51,1
11.20,33.73,-2.56,-1.02,1.61,1
11.21,34.12,-2.73,-1.12,1.70,1
11.22,34.51,-2.89,-1.25,1.77,1
11.23,34.51,-3.04,-1.36,1.79,1
11.24,34.90,-3.19,-1.43,1.83,1
11.25,35.29,-3.33,-1.51,1.90,1
11.26,35.69,-3.48,-1.60,1.98,1
11.27,36.08,-3.63,-1.69,2.03,1
11.28,36.47,-3.77,-1.82,2.09,1
11.29,36.47,-3.92,-1.97,2.10,1
11.30,36.47,-4.08,-2.06,2.12,1
11.31,36.86,-4.26,-2.13,2.20,1
11.32,37.65,-4.45,-2.19,2.32,1
11.33,38.43,-4.65,-2.26,2.46,1
11.34,39.22,-4.86,-2.36,2.60,1
11.35,40.00,-5.08,-2.47,2.73,1
11.36,40.39,-5.29,-2.58,2.82,1
11.37,40.78,-5.49,-2.63,2.91,1
11.38,41.57,-5.67,-2.65,3.04,1
11.39,42.35,-5.83,-2.67,3.18,1
11.40,43.14,-5.95,-2.71,3.28,1
11.41,43.53,-6.05,-2.77,3.34,1
11.42,43.53,-6.12,-2.86,3.34,1
11.43,43.14,-6.14,-2.99,3.28,1
11.44,41.96,-6.13,-3.18,3.14,1
11.45,40.78,-6.08,-3.34,2.90,1
11.46,39.22,-5.98,-3.48,2.64,1
11.47,37.65,-5.84,-3.63,2.36,1
11.48,35.69,-5.67,-3.82,2.03,1
11.49,33.33,-5.48,-3.99,1.66,1
11.50,30.98,-5.26,-4.16,1.27,1
11.51,28.63,-5.01,-4.35,0.85,1
11.52,25.88,-4.74,-4.52,0.39,1
11.53,-25.49,-4.45,-4.63,-0.07,1
11.54,-27.84,-4.15,-4.72,-0.49,1
11.55,-30.20,-3.84,-4.76,-0.88,1
11.56,-32.16,-3.53,-4.72,-1.23,1
11.57,-33.73,-3.24,-4.64,-1.48,1
11.58,-34.51,-2.96,-4.50,-1.67,1
11.59,-35.29,-2.69,-4.31,-1.81,1
11.60,-35.69,-2.44,-4.10,-1.87,1
11.61,-36.08,-2.19,-3.84,-1.91,1
11.62,-36.08,-1.94,-3.54,-1.90,1
11.63,-35.69,-1.71,-3.20,-1.83,1
11.64,-34.90,-1.49,-2.80,-1.71,1
11.65,-33.73,-1.26,-2.37,-1.54,1
11.66,-32.55,-1.02,-1.92,-1.34,1
11.67,-31.37,-0.79,-1.46,-1.13,1
11.68,-30.20,-0.54,-1.00,-0.92,1
11.69,-28.63,-0.30,-0.65,-0.70,1
11.70,-28.24,-0.06,-0.48,-0.59,1
11.71,-28.63,0.19,-0.52,-0.67,1
11.72,-30.20,0.45,-0.53,-0.97,1
11.73,-31.76,0.71,-0.52,-1.24,1
11.74,-33.33,0.97,-0.50,-1.49,1
11.75,-34.51,1.23,-0.47,-1.73,1
11.76,-36.08,1.47,-0.42,-1.95,1
11.77,-36.86,1.71,-0.32,-2.13,1
11.78,-37.65,1.93,-0.13,-2.25,1
11.79,-37.65,2.15,0.15,-2.28,1
11.80,-37.25,2.34,0.47,-2.19,1
11.81,-36.47,2.52,0.86,-2.05,1
11.82,-35.29,2.68,1.27,-1.83,1
11.83,-33.33,2.83,1.72,-1.56,1
11.84,-31.76,2.96,2.19,-1.24,1
11.85,-29.41,3.08,2.67,-0.89,1
11.86,-27.45,3.19,3.11,-0.51,1
11.87,-25.49,3.28,3.39,-0.16,1
11.88,10.98,3.35,3.42,0.04,1
11.89,-0.39,3.41,3.37,0.01,1
11.90,-24.31,3.43,3.30,-0.07,1
11.91,-25.10,3.42,3.27,-0.12,1
11.92,-24.71,3.36,3.28,-0.08,1
11.93,11.37,3.25,3.30,0.04,1
11.94,25.49,3.10,3.32,0.20,1
11.95,26.67,2.91,3.35,0.41,1
11.96,28.24,2.69,3.38,0.66,1
11.97,29.41,2.45,3.38,0.92,1
11.98,30.98,2.20,3.34,1.18,1
11.99,32.55,1.94,3.25,1.40,1
12.00,33.33,1.69,3.09,1.56,1
12.01,33.73,1.44,2.92,1.65,1
12.02,34.12,1.19,2.74,1.73,1
12.03,34.51,0.95,2.51,1.80,1
12.04,34.90,0.69,2.25,1.82,1
12.05,34.90,0.43,1.97,1.82,1
12.06,34.51,0.17,1.67,1.79,1
12.07,34.51,-0.09,1.39,1.76,1
12.08,34.12,-0.35,1.07,1.73,1
12.09,33.73,-0.59,0.77,1.66,1
12.10,33.33,-0.84,0.47,1.61,1
12.11,32.94,-1.09,0.19,1.55,1
12.12,32.94,-1.33,-0.11,1.51,1
12.13,32.55,-1.57,-0.38,1.46,1
12.14,32.55,-1.82,-0.64,1.45,1
12.15,32.55,-2.07,-0.87,1.44,1
12.16,32.55,-2.33,-1.06,1.46,1
12.17,32.94,-2.59,-1.25,1.54,1
12.18,33.33,-2.85,-1.40,1.60,1
12.19,33.73,-3.10,-1.51,1.70,1
12.20,34.51,-3.35,-1.61,1.84,1
12.21,35.29,-3.58,-1.69,1.98,1
12.22,36.47,-3.81,-1.81,2.12,1
12.23,36.86,-4.02,-1.95,2.21,1
12.24,37.25,-4.24,-2.02,2.29,1
12.25,38.04,-4.44,-2.06,2.42,1
12.26,38.82,-4.65,-2.07,2.59,1
12.27,40.00,-4.84,-2.09,2.77,1
12.28,40.78,-5.03,-2.13,2.93,1
12.29,41.57,-5.19,-2.19,3.06,1
12.30,42.35,-5.34,-2.27,3.16,1
12.31,42.75,-5.50,-2.39,3.23,1
12.32,42.75,-5.64,-2.54,3.25,1
12.33,42.75,-5.79,-2.67,3.24,1
12.34,42.75,-5.92,-2.78,3.26,1
12.35,42.75,-6.06,-2.90,3.28,1
12.36,42.75,-6.19,-3.06,3.29,1
12.37,42.75,-6.32,-3.25,3.26,1
12.38,41.96,-6.43,-3.40,3.18,1
12.39,41.96,-6.53,-3.52,3.13,1
12.40,41.57,-6.59,-3.67,3.07,1
12.41,40.78,-6.63,-3.85,2.96,1
12.42,39.61,-6.64,-4.01,2.79,1
12.43,38.82,-6.64,-4.20,2.62,1
12.44,37.65,-6.62,-4.42,2.42,1
12.45,36.08,-6.59,-4.61,2.17,1
12.46,34.51,-6.54,-4.79,1.93,1
12.47,33.33,-6.48,-4.99,1.69,1
12.48,31.76,-6.40,-5.17,1.41,1
12.49,30.20,-6.32,-5.29,1.15,1
12.50,28.63,-6.22,-5.37,0.93,1
12.51,27.84,-6.11,-5.42,0.74,1
12.52,26.67,-5.97,-5.45,0.56,1
12.53,25.49,-5.82,-5.49,0.37,1
12.54,-0.39,-5.64,-5.54,0.16,1
12.55,-25.49,-5.47,-5.59,-0.07,1
12.56,-27.06,-5.30,-5.60,-0.29,1
12.57,-27.84,-5.15,-5.59,-0.45,1
12.58,-28.63,-5.01,-5.57,-0.58,1
12.59,-29.02,-4.89,-5.53,-0.68,1
12.60,-29.41,-4.79,-5.50,-0.74,1
12.61,-29.80,-4.70,-5.47,-0.80,1
12.62,-30.20,-4.61,-5.43,-0.86,1
12.63,-30.59,-4.51,-5.35,-0.92,1
12.64,-30.59,-4.41,-5.22,-0.95,1
12.65,-30.59,-4.29,-5.02,-0.93,1
12.66,-30.20,-4.16,-4.79,-0.86,1
12.67,-29.41,-4.04,-4.55,-0.75,1
12.68,-28.63,-3.91,-4.28,-0.64,1
12.69,-27.84,-3.78,-4.01,-0.50,1
12.70,-27.06,-3.63,-3.75,-0.38,1
12.71,-26.67,-3.48,-3.55,-0.27,1
12.72,-26.27,-3.31,-3.52,-0.24,1
12.73,-27.06,-3.13,-3.52,-0.38,1
12.74,-28.24,-2.94,-3.49,-0.58,1
12.75,-29.41,-2.74,-3.43,-0.76,1
12.76,-30.20,-2.53,-3.30,-0.90,1
12.77,-30.59,-2.34,-3.08,-0.97,1
12.78,-30.59,-2.13,-2.83,-0.96,1
12.79,-30.20,-1.91,-2.57,-0.92,1
12.80,-29.80,-1.71,-2.26,-0.86,1
12.81,-29.41,-1.51,-1.96,-0.75,1
12.82,-28.63,-1.32,-1.68,-0.64,1
12.83,-28.24,-1.12,-1.50,-0.56,1
12.84,-28.24,-0.94,-1.41,-0.56,1
12.85,-28.63,-0.77,-1.33,-0.64,1
12.86,-29.02,-0.60,-1.20,-0.73,1
12.87,-29.41,-0.43,-1.04,-0.77,1
12.88,-29.41,-0.27,-0.86,-0.77,1
12.89,-29.02,-0.12,-0.62,-0.74,1
12.90,-28.63,0.03,-0.35,-0.65,1
12.91,-27.84,0.19,-0.08,-0.54,1
12.92,-27.06,0.34,0.17,-0.41,1
12.93,-26.67,0.48,0.26,-0.31,1
12.94,-26.67,0.62,0.26,-0.36,1
12.95,-27.45,0.75,0.28,-0.49,1
12.96,-28.24,0.88,0.32,-0.61,1
12.97,-28.63,1.02,0.41,-0.70,1
12.98,-29.02,1.16,0.57,-0.74,1
12.99,-29.02,1.31,0.77,-0.74,1
13.00,-28.63,1.45,0.99,-0.68,1
13.01,-28.24,1.61,1.24,-0.62,1
13.02,-27.84,1.76,1.49,-0.52,1
13.03,-27.06,1.92,1.65,-0.43,1
13.04,-27.06,2.08,1.72,-0.43,1
13.05,-27.45,2.24,1.76,-0.52,1
13.06,-28.24,2.41,1.84,-0.64,1
13.07,-28.63,2.56,1.98,-0.72,1
13.08,-29.02,2.72,2.10,-0.74,1
13.09,-29.02,2.86,2.26,-0.76,1
13.10,-28.63,2.99,2.47,-0.73,1
13.11,-28.24,3.11,2.68,-0.64,1
13.12,-27.84,3.22,2.88,-0.54,1
13.13,-27.06,3.33,3.09,-0.45,1
13.14,-26.67,3.44,3.26,-0.35,1
13.15,-26.27,3.55,3.30,-0.29,1
13.16,-26.67,3.65,3.30,-0.36,1
13.17,-27.06,3.75,3.31,-0.45,1
13.18,-27.45,3.85,3.33,-0.54,1
13.19,-28.24,3.94,3.36,-0.61,1
13.20,-28.24,4.03,3.43,-0.67,1
13.21,-28.63,4.12,3.54,-0.68,1
13.22,-28.24,4.19,3.69,-0.65,1
13.23,-27.84,4.26,3.87,-0.58,1
13.24,-27.06,4.32,4.02,-0.45,1
13.25,-26.67,4.37,4.17,-0.35,1
13.26,-25.88,4.42,4.34,-0.25,1
13.27,-25.10,4.45,4.48,-0.11,1
13.28,-7.45,4.47,4.49,0.01,1
13.29,-10.20,4.49,4.48,0.00,1
13.30,-21.57,4.51,4.48,-0.03,1
13.31,-24.31,4.53,4.48,-0.05,1
13.32,-24.71,4.54,4.48,-0.06,1
13.33,-24.71,4.55,4.48,-0.07,1
13.34,-24.71,4.56,4.48,-0.08,1
13.35,-24.71,4.56,4.49,-0.08,1
13.36,-24.71,4.56,4.49,-0.08,1
13.37,-24.71,4.56,4.49,-0.07,1
13.38,-24.71,4.55,4.50,-0.06,1
13.39,-21.57,4.53,4.50,-0.04,1
13.40,-5.88,4.50,4.51,0.01,1
13.41,16.86,4.44,4.51,0.06,1
13.42,25.10,4.37,4.51,0.14,1
13.43,25.49,4.29,4.51,0.22,1
13.44,25.88,4.20,4.51,0.31,1
13.45,26.67,4.08,4.51,0.43,1
13.46,27.45,3.94,4.51,0.57,1
13.47,28.63,3.77,4.48,0.74,1
13.48,29.41,3.58,4.38,0.89,1
13.49,29.80,3.38,4.27,0.99,1
13.50,30.59,3.17,4.19,1.10,1
13.51,31.37,2.94,4.10,1.24,1
13.52,32.16,2.72,3.98,1.38,1
13.53,32.55,2.51,3.81,1.47,1
13.54,32.94,2.29,3.62,1.52,1
13.55,32.94,2.07,3.45,1.55,1
13.56,33.33,1.86,3.27,1.59,1
13.57,33.33,1.66,3.04,1.61,1
13.58,33.33,1.44,2.82,1.60,1
13.59,33.33,1.21,2.57,1.61,1
13.60,33.33,0.98,2.28,1.58,1
13.61,32.94,0.74,1.99,1.54,1
13.62,32.94,0.48,1.70,1.51,1
13.63,32.55,0.22,1.42,1.47,1
13.64,32.55,-0.05,1.12,1.47,1
13.65,32.55,-0.32,0.84,1.44,1
13.66,32.16,-0.59,0.56,1.43,1
13.67,32.16,-0.86,0.31,1.42,1
13.68,32.16,-1.12,0.06,1.43,1
13.69,32.16,-1.38,-0.19,1.44,1
13.70,32.55,-1.64,-0.39,1.46,1
13.71,32.55,-1.90,-0.61,1.50,1
13.72,32.94,-2.15,-0.80,1.54,1
13.73,33.33,-2.39,-0.95,1.59,1
13.74,33.73,-2.63,-1.09,1.68,1
13.75,34.12,-2.86,-1.25,1.77,1
13.76,34.51,-3.08,-1.36,1.84,1
13.77,35.29,-3.31,-1.44,1.94,1
13.78,36.08,-3.53,-1.51,2.09,1
13.79,36.86,-3.75,-1.59,2.24,1
13.80,37.65,-3.97,-1.67,2.38,1
13.81,38.43,-4.20,-1.78,2.53,1
13.82,39.22,-4.42,-1.93,2.64,1
13.83,39.61,-4.63,-2.05,2.69,1
13.84,40.00,-4.85,-2.13,2.80,1
13.85,40.78,-5.05,-2.21,2.93,1
13.86,41.57,-5.25,-2.31,3.04,1
13.87,41.96,-5.44,-2.45,3.13,1
13.88,42.35,-5.63,-2.58,3.18,1
13.89,42.35,-5.82,-2.68,3.23,1
13.90,43.14,-5.99,-2.76,3.31,1
13.91,43.53,-6.16,-2.86,3.40,1
13.92,43.92,-6.33,-2.99,3.47,1
13.93,43.92,-6.50,-3.17,3.51,1
13.94,43.92,-6.65,-3.33,3.48,1
13.95,43.92,-6.80,-3.46,3.47,1
13.96,43.53,-6.91,-3.60,3.46,1
13.97,43.53,-7.03,-3.77,3.43,1
13.98,43.14,-7.12,-3.95,3.35,1
13.99,42.35,-7.21,-4.15,3.26,1
14.00,41.57,-7.29,-4.38,3.13,1
14.01,40.78,-7.35,-4.61,2.97,1
14.02,39.61,-7.39,-4.83,2.79,1
14.03,38.43,-7.43,-5.07,2.60,1
14.04,37.25,-7.46,-5.29,2.38,1
14.05,36.08,-7.46,-5.47,2.17,1
14.06,34.90,-7.46,-5.65,1.99,1
14.07,33.73,-7.44,-5.78,1.79,1
14.08,32.55,-7.39,-5.85,1.61,1
14.09,31.76,-7.31,-5.89,1.46,1
14.10,30.98,-7.20,-5.91,1.31,1
14.11,29.80,-7.06,-5.94,1.14,1
14.12,28.63,-6.89,-5.96,0.95,1
14.13,27.45,-6.68,-5.98,0.72,1
14.14,25.88,-6.44,-5.99,0.47,1
14.15,3.92,-6.19,-6.01,0.20,1
14.16,-25.88,-5.93,-6.02,-0.08,1
14.17,-27.45,-5.67,-6.03,-0.35,1
14.18,-29.02,-5.43,-6.03,-0.60,1
14.19,-30.20,-5.20,-6.00,-0.83,1
14.20,-31.37,-4.98,-5.92,-1.02,1
14.21,-32.16,-4.78,-5.79,-1.14,1
14.22,-32.55,-4.58,-5.60,-1.21,1
14.23,-32.55,-4.37,-5.39,-1.23,1
14.24,-32.55,-4.16,-5.15,-1.23,1
14.25,-32.16,-3.94,-4.86,-1.20,1
14.26,-31.76,-3.72,-4.57,-1.14,1
14.27,-31.37,-3.49,-4.24,-1.08,1
14.28,-30.98,-3.25,-3.92,-1.00,1
14.29,-30.59,-3.00,-3.57,-0.92,1
14.30,-29.80,-2.74,-3.21,-0.83,1
14.31,-29.41,-2.47,-2.87,-0.74,1
14.32,-29.02,-2.20,-2.68,-0.68,1
14.33,-29.80,-1.90,-2.59,-0.78,1
14.34,-30.98,-1.60,-2.50,-0.99,1
14.35,-32.16,-1.28,-2.37,-1.21,1
14.36,-33.33,-0.96,-2.25,-1.41,1
14.37,-34.51,-0.65,-2.09,-1.60,1
14.38,-35.29,-0.31,-1.88,-1.79,1
14.39,-36.08,0.01,-1.62,-1.89,1
14.40,-36.47,0.34,-1.33,-1.96,1
14.41,-36.47,0.66,-0.98,-1.98,1
14.42,-36.08,0.95,-0.59,-1.93,1
14.43,-35.69,1.24,-0.18,-1.83,1
14.44,-34.51,1.50,0.27,-1.68,1
14.45,-33.33,1.76,0.74,-1.49,1
14.46,-32.16,2.00,1.23,-1.26,1
14.47,-30.59,2.23,1.71,-1.01,1
14.48,-29.02,2.46,2.15,-0.75,1
14.49,-27.84,2.69,2.40,-0.54,1
14.50,-27.84,2.91,2.45,-0.51,1
14.51,-28.63,3.12,2.45,-0.67,1
14.52,-29.80,3.33,2.49,-0.88,1
14.53,-30.98,3.54,2.55,-1.06,1
14.54,-31.76,3.74,2.59,-1.19,1
14.55,-32.55,3.93,2.62,-1.33,1
14.56,-33.33,4.11,2.63,-1.49,1
14.57,-34.12,4.28,2.65,-1.65,1
14.58,-34.90,4.43,2.67,-1.79,1
14.59,-35.69,4.56,2.71,-1.89,1
14.60,-36.08,4.67,2.79,-1.95,1
14.61,-36.08,4.75,2.93,-1.95,1
14.62,-35.69,4.81,3.13,-1.88,1
14.63,-34.51,4.83,3.39,-1.70,1
14.64,-32.94,4.84,3.67,-1.45,1
14.65,-31.37,4.83,3.99,-1.16,1
14.66,-29.02,4.80,4.31,-0.81,1
14.67,-27.06,4.76,4.64,-0.45,1
14.68,-22.35,4.68,4.96,-0.04,1
14.69,26.67,4.56,5.21,0.40,1
14.70,29.02,4.41,5.25,0.80,1
14.71,30.20,4.23,5.16,1.02,1
14.72,30.59,4.03,4.98,1.13,1
14.73,30.98,3.79,4.80,1.20,1
14.74,31.37,3.53,4.60,1.27,1
14.75,31.76,3.27,4.37,1.33,1
14.76,32.16,2.99,4.14,1.38,1
14.77,32.55,2.71,3.91,1.42,1
14.78,32.55,2.43,3.66,1.47,1
14.79,32.94,2.14,3.44,1.52,1
14.80,33.33,1.85,3.21,1.59,1
14.81,33.73,1.55,2.97,1.66,1
14.82,34.12,1.25,2.73,1.72,1
14.83,34.51,0.97,2.46,1.77,1
14.84,34.51,0.68,2.18,1.78,1
14.85,34.51,0.38,1.89,1.79,1
14.86,34.51,0.10,1.60,1.79,1
14.87,34.51,-0.20,1.32,1.80,1
14.88,34.51,-0.49,1.02,1.80,1
14.89,34.51,-0.79,0.73,1.80,1
14.90,34.51,-1.09,0.44,1.83,1
14.91,34.51,-1.39,0.17,1.83,1
14.92,34.51,-1.68,-0.11,1.85,1
14.93,34.51,-1.95,-0.36,1.84,1
14.94,34.51,-2.20,-0.61,1.84,1
14.95,34.51,-2.45,-0.84,1.85,1
14.96,34.90,-2.70,-1.04,1.86,1
14.97,34.90,-2.95,-1.24,1.91,1
14.98,35.29,-3.20,-1.41,1.96,1
14.99,35.69,-3.45,-1.55,2.04,1
15.00,36.47,-3.70,-1.68,2.15,1
15.01,36.86,-3.95,-1.83,2.27,1
15.02,37.65,-4.20,-1.98,2.37,1
15.03,38.04,-4.45,-2.06,2.47,1
15.04,39.22,-4.70,-2.12,2.64,1
15.05,40.39,-4.95,-2.17,2.83,1
15.06,41.57,-5.20,-2.24,3.03,1
15.07,42.35,-5.46,-2.34,3.21,1
15.08,43.53,-5.72,-2.46,3.38,1
15.09,43.92,-5.96,-2.58,3.49,1
15.10,44.71,-6.17,-2.67,3.59,1
15.11,45.10,-6.37,-2.74,3.70,1
15.12,45.88,-6.54,-2.84,3.80,1
15.13,45.88,-6.68,-2.97,3.84,1
15.14,45.88,-6.79,-3.15,3.83,1
15.15,45.10,-6.88,-3.34,3.73,1
15.16,44.71,-6.97,-3.50,3.63,1
15.17,44.31,-7.06,-3.69,3.56,1
15.18,43.53,-7.16,-3.90,3.47,1
15.19,43.14,-7.26,-4.13,3.36,1
15.20,42.35,-7.36,-4.39,3.23,1
15.21,41.18,-7.44,-4.64,3.05,1
15.22,40.00,-7.49,-4.88,2.86,1
15.23,38.43,-7.50,-5.14,2.62,1
15.24,36.86,-7.47,-5.36,2.33,1
15.25,35.29,-7.40,-5.56,2.04,1
15.26,33.33,-7.27,-5.75,1.71,1
15.27,30.98,-7.11,-5.86,1.36,1
15.28,29.41,-6.90,-5.95,1.03,1
15.29,27.06,-6.65,-6.01,0.69,1
15.30,25.10,-6.37,-6.06,0.36,1
15.31,-25.10,-6.08,-6.09,0.02,1
15.32,-27.06,-5.80,-6.12,-0.29,1
15.33,-28.63,-5.54,-6.14,-0.58,1
15.34,-30.20,-5.30,-6.13,-0.84,1
15.35,-31.76,-5.05,-6.10,-1.08,1
15.36,-32.94,-4.83,-6.05,-1.27,1
15.37,-33.73,-4.61,-5.95,-1.43,1
15.38,-34.51,-4.40,-5.80,-1.55,1
15.39,-34.51,-4.19,-5.59,-1.61,1
15.40,-34.51,-3.99,-5.35,-1.60,1
15.41,-34.51,-3.78,-5.07,-1.57,1
15.42,-33.73,-3.58,-4.75,-1.49,1
15.43,-33.33,-3.36,-4.41,-1.38,1
15.44,-32.55,-3.16,-4.04,-1.25,1
15.45,-31.37,-2.94,-3.66,-1.10,1
15.46,-30.59,-2.72,-3.25,-0.94,1
15.47,-29.41,-2.49,-2.81,-0.76,1
15.48,-28.24,-2.26,-2.44,-0.56,1
15.49,-27.45,-2.01,-2.27,-0.44,1
15.50,-27.84,-1.75,-2.28,-0.51,1
15.51,-29.80,-1.49,-2.28,-0.79,1
15.52,-31.37,-1.21,-2.25,-1.06,1
15.53,-32.55,-0.94,-2.18,-1.31,1
15.54,-33.73,-0.67,-2.06,-1.51,1
15.55,-34.51,-0.40,-1.86,-1.66,1
15.56,-34.90,-0.15,-1.62,-1.72,1
15.57,-34.90,0.10,-1.35,-1.72,1
15.58,-34.90,0.35,-1.02,-1.70,1
15.59,-34.12,0.58,-0.65,-1.59,1
15.60,-33.33,0.79,-0.24,-1.43,1
15.61,-32.16,1.01,0.20,-1.25,1
15.62,-30.98,1.22,0.65,-1.03,1
15.63,-29.41,1.43,1.10,-0.78,1
15.64,-27.84,1.64,1.47,-0.54,1
15.65,-27.06,1.86,1.63,-0.38,1
15.66,-27.45,2.07,1.62,-0.43,1
15.67,-28.63,2.27,1.61,-0.65,1
15.68,-29.80,2.47,1.64,-0.86,1
15.69,-30.59,2.67,1.73,-1.03,1
15.70,-31.37,2.86,1.89,-1.13,1
15.71,-31.37,3.04,2.09,-1.15,1
15.72,-31.37,3.22,2.31,-1.13,1
15.73,-30.98,3.39,2.58,-1.08,1
15.74,-30.20,3.55,2.83,-0.97,1
15.75,-29.41,3.69,3.10,-0.85,1
15.76,-28.63,3.80,3.37,-0.71,1
15.77,-27.84,3.90,3.64,-0.53,1
15.78,-26.67,3.96,3.89,-0.32,1
15.79,-25.10,4.00,4.03,-0.11,1
15.80,-16.86,4.02,4.04,0.01,1
15.81,-14.51,4.03,4.05,0.01,1
15.82,-9.02,4.02,4.05,0.03,1
15.83,4.71,3.99,4.06,0.06,1
15.84,24.31,3.93,4.07,0.13,1
15.85,25.49,3.84,4.10,0.23,1
15.86,26.27,3.72,4.11,0.37,1
15.87,27.06,3.57,4.11,0.53,1
15.88,28.24,3.41,4.10,0.69,1
15.89,29.02,3.24,4.10,0.86,1
15.90,30.20,3.06,4.06,1.03,1
15.91,30.98,2.88,3.97,1.18,1
15.92,31.37,2.71,3.83,1.26,1
15.93,31.37,2.54,3.65,1.28,1
15.94,31.37,2.36,3.50,1.29,1
15.95,31.76,2.17,3.34,1.33,1
15.96,32.16,1.97,3.15,1.38,1
15.97,32.16,1.76,2.94,1.39,1
15.98,32.16,1.55,2.73,1.39,1
15.99,32.16,1.33,2.49,1.40,1
16.00,31.76,1.12,2.22,1.36,1
16.01,31.37,0.91,1.96,1.31,1
16.02,31.37,0.70,1.69,1.26,1
16.03,30.98,0.49,1.45,1.21,1
16.04,30.59,0.27,1.19,1.18,1
16.05,30.59,0.05,0.98,1.14,1
16.06,30.59,-0.19,0.83,1.17,1
16.07,31.37,-0.43,0.69,1.26,1
16.08,31.76,-0.69,0.53,1.38,1
16.09,32.55,-0.96,0.42,1.50,1
16.10,33.33,-1.24,0.30,1.65,1
16.11,34.51,-1.51,0.16,1.82,1
16.12,35.29,-1.79,-0.02,1.95,1
16.13,35.69,-2.05,-0.18,2.03,1
16.14,36.08,-2.30,-0.33,2.12,1
16.15,36.86,-2.55,-0.48,2.22,1
16.16,37.25,-2.80,-0.68,2.31,1
16.17,37.65,-3.04,-0.86,2.36,1
16.18,38.04,-3.29,-1.03,2.43,1
16.19,38.43,-3.54,-1.21,2.51,1
16.20,38.82,-3.78,-1.39,2.57,1
16.21,39.22,-4.03,-1.55,2.64,1
16.22,39.61,-4.27,-1.71,2.72,1
16.23,40.00,-4.50,-1.89,2.80,1
16.24,40.39,-4.73,-2.06,2.84,1
16.25,40.39,-4.94,-2.19,2.88,1
16.26,40.78,-5.14,-2.33,2.95,1
16.27,41.18,-5.33,-2.49,3.01,1
16.28,41.18,-5.52,-2.62,3.03,1
16.29,41.57,-5.70,-2.71,3.09,1
16.30,41.96,-5.88,-2.79,3.18,1
16.31,42.75,-6.06,-2.88,3.27,1
16.32,43.14,-6.24,-2.99,3.36,1
16.33,43.53,-6.43,-3.16,3.43,1
16.34,43.53,-6.61,-3.31,3.46,1
16.35,43.92,-6.80,-3.41,3.50,1
16.36,44.31,-6.98,-3.50,3.58,1
16.37,44.71,-7.17,-3.62,3.66,1
16.38,45.10,-7.34,-3.79,3.71,1
16.39,45.10,-7.49,-3.96,3.70,1
16.40,44.71,-7.63,-4.15,3.67,1
16.41,43.92,-7.69,-4.38,3.55,1
16.42,42.75,-7.69,-4.61,3.32,1
16.43,41.18,-7.69,-4.84,3.08,1
16.44,40.00,-7.69,-5.10,2.85,1
16.45,38.43,-7.69,-5.34,2.58,1
16.46,36.86,-7.69,-5.56,2.35,1
16.47,35.69,-7.69,-5.77,2.13,1
16.48,34.12,-7.68,-5.91,1.91,1
16.49,33.33,-7.67,-6.02,1.76,1
16.50,32.55,-7.63,-6.13,1.60,1
16.51,31.37,-7.56,-6.22,1.43,1
16.52,30.20,-7.46,-6.27,1.24,1
16.53,29.02,-7.32,-6.27,1.05,1
16.54,28.24,-7.15,-6.28,0.87,1
16.55,27.06,-6.95,-6.28,0.67,1
16.56,25.88,-6.73,-6.28,0.45,1
16.57,3.92,-6.50,-6.28,0.22,1
16.58,-25.49,-6.28,-6.29,0.00,1
16.59,-26.67,-6.08,-6.29,-0.21,1
16.60,-27.84,-5.89,-6.28,-0.40,1
16.61,-29.02,-5.70,-6.24,-0.58,1
16.62,-29.41,-5.54,-6.15,-0.70,1
16.63,-29.80,-5.38,-6.06,-0.77,1
16.64,-30.20,-5.23,-5.94,-0.83,1
16.65,-30.59,-5.06,-5.80,-0.88,1
16.66,-30.59,-4.89,-5.59,-0.90,1
16.67,-30.59,-4.72,-5.37,-0.87,1
16.68,-30.20,-4.55,-5.12,-0.81,1
16.69,-29.80,-4.37,-4.83,-0.74,1
16.70,-29.02,-4.20,-4.54,-0.64,1
16.71,-28.24,-4.02,-4.23,-0.52,1
16.72,-27.45,-3.86,-3.99,-0.37,1
16.73,-27.06,-3.70,-3.86,-0.29,1
16.74,-27.06,-3.54,-3.79,-0.31,1
16.75,-27.84,-3.37,-3.74,-0.42,1
16.76,-28.24,-3.20,-3.69,-0.54,1
16.77,-29.02,-3.03,-3.64,-0.66,1
16.78,-29.80,-2.85,-3.58,-0.79,1
16.79,-30.59,-2.68,-3.50,-0.91,1
16.80,-30.98,-2.52,-3.37,-0.98,1
16.81,-30.98,-2.37,-3.15,-1.00,1
16.82,-30.59,-2.23,-2.88,-0.92,1
16.83,-29.80,-2.08,-2.58,-0.80,1
16.84,-29.02,-1.93,-2.25,-0.66,1
16.85,-27.84,-1.77,-1.91,-0.48,1
16.86,-26.67,-1.63,-1.61,-0.28,1
16.87,-25.49,-1.50,-1.48,-0.11,1
16.88,-25.88,-1.36,-1.49,-0.12,1
16.89,-26.67,-1.23,-1.49,-0.27,1
16.90,-27.45,-1.09,-1.47,-0.40,1
16.91,-27.84,-0.96,-1.38,-0.51,1
16.92,-28.24,-0.83,-1.22,-0.55,1
16.93,-27.84,-0.71,-1.02,-0.51,1
16.94,-27.45,-0.60,-0.80,-0.43,1
16.95,-26.67,-0.49,-0.54,-0.31,1
16.96,-25.88,-0.40,-0.35,-0.14,1
16.97,-25.10,-0.32,-0.28,-0.03,1
16.98,-25.10,-0.25,-0.28,-0.02,1
16.99,-25.49,-0.20,-0.27,-0.08,1
17.00,-25.49,-0.16,-0.24,-0.11,1
17.01,-25.49,-0.13,-0.16,-0.11,1
17.02,-25.10,-0.11,-0.01,-0.05,1
17.03,-10.59,-0.09,0.15,0.08,1
17.04,24.71,-0.05,0.21,0.20,1
17.05,24.71,0.02,0.20,0.19,1
17.06,-2.35,0.10,0.19,0.09,1
17.07,-24.71,0.19,0.19,0.00,1
17.08,-25.49,0.28,0.19,-0.09,1
17.09,-25.88,0.36,0.20,-0.17,1
17.10,-26.27,0.43,0.22,-0.23,1
17.11,-26.27,0.48,0.28,-0.26,1
17.12,-26.27,0.51,0.37,-0.23,1
17.13,-25.88,0.53,0.52,-0.15,1
17.14,-24.71,0.53,0.73,-0.01,1
17.15,25.10,0.53,0.86,0.20,1
17.16,25.49,0.54,0.86,0.32,1
17.17,25.49,0.54,0.85,0.32,1
17.18,25.49,0.53,0.84,0.31,1
17.19,25.49,0.53,0.84,0.31,1
17.20,25.49,0.53,0.84,0.31,1
17.21,25.49,0.53,0.84,0.31,1
17.22,25.49,0.53,0.83,0.31,1
17.23,25.49,0.53,0.83,0.30,1
17.24,25.49,0.54,0.83,0.30,1
17.25,25.49,0.55,0.83,0.28,1
17.26,25.49,0.57,0.83,0.26,1
17.27,25.10,0.60,0.82,0.23,1
17.28,24.71,0.65,0.82,0.18,1
17.29,15.29,0.70,0.82,0.12,1
17.30,-7.06,0.76,0.82,0.07,1
17.31,-20.39,0.80,0.82,0.03,1
17.32,-23.14,0.81,0.82,0.01,1
17.33,-21.57,0.80,0.83,0.02,1
17.34,-10.20,0.77,0.85,0.06,1
17.35,15.69,0.73,0.90,0.12,1
17.36,25.10,0.67,0.98,0.22,1
17.37,25.88,0.61,1.05,0.37,1
17.38,26.67,0.55,1.05,0.50,1
17.39,27.06,0.49,1.04,0.56,1
17.40,27.45,0.44,1.02,0.60,1
17.41,27.45,0.40,0.96,0.62,1
17.42,27.45,0.37,0.89,0.60,1
17.43,27.06,0.34,0.78,0.54,1
17.44,26.67,0.32,0.64,0.46,1
17.45,25.88,0.29,0.56,0.35,1
17.46,25.49,0.26,0.57,0.29,1
17.47,25.88,0.22,0.58,0.35,1
17.48,26.27,0.17,0.58,0.41,1
17.49,26.67,0.11,0.58,0.47,1
17.50,27.06,0.05,0.58,0.52,1
17.51,27.06,-0.00,0.57,0.58,1
17.52,27.45,-0.05,0.57,0.62,1
17.53,27.84,-0.09,0.57,0.66,1
17.54,27.84,-0.13,0.57,0.70,1
17.55,28.24,-0.16,0.57,0.72,1
17.56,28.24,-0.17,0.56,0.73,1
17.57,28.24,-0.17,0.56,0.73,1
17.58,28.24,-0.17,0.56,0.73,1
17.59,27.84,-0.16,0.55,0.72,1
17.60,27.84,-0.16,0.55,0.71,1
17.61,27.84,-0.15,0.54,0.70,1
17.62,27.84,-0.15,0.54,0.69,1
17.63,27.84,-0.14,0.54,0.68,1
17.64,27.84,-0.14,0.53,0.67,1
17.65,27.84,-0.13,0.53,0.67,1
17.66,27.45,-0.13,0.53,0.66,1
17.67,27.45,-0.13,0.52,0.65,1
17.68,27.45,-0.13,0.52,0.65,1
17.69,27.45,-0.13,0.51,0.65,1
17.70,27.45,-0.13,0.51,0.65,1
17.71,27.45,-0.14,0.50,0.65,1
17.72,27.45,-0.15,0.50,0.66,1
17.73,27.84,-0.16,0.49,0.66,1
17.74,27.84,-0.17,0.49,0.66,1
17.75,27.45,-0.17,0.47,0.65,1
17.76,27.45,-0.17,0.47,0.64,1
17.77,27.45,-0.17,0.45,0.64,1
17.78,27.45,-0.17,0.44,0.62,1
17.79,27.45,-0.17,0.42,0.61,1
17.80,27.06,-0.17,0.38,0.59,1
17.81,27.06,-0.18,0.33,0.56,1
17.82,26.67,-0.18,0.25,0.51,1
17.83,26.27,-0.18,0.14,0.43,1
17.84,25.49,-0.17,0.01,0.31,1
17.85,24.71,-0.17,-0.02,0.18,1
17.86,21.18,-0.17,-0.01,0.14,1
17.87,23.92,-0.17,-0.00,0.16,1
17.88,24.31,-0.16,-0.00,0.16,1
17.89,22.75,-0.15,-0.00,0.15,1
17.90,20.78,-0.14,-0.00,0.14,1
17.91,19.22,-0.14,-0.00,0.13,1
17.92,19.22,-0.14,0.00,0.13,1
17.93,19.22,-0.13,0.00,0.13,1
17.94,18.43,-0.13,0.00,0.13,1
17.95,17.65,-0.13,0.00,0.13,1
17.96,18.04,-0.12,0.00,0.13,1
17.97,16.86,-0.12,0.01,0.12,1
17.98,17.25,-0.12,0.01,0.12,1
17.99,17.25,-0.12,0.01,0.12,1
18.00,18.43,-0.12,0.01,0.13,1
18.01,17.65,-0.11,0.01,0.12,1
18.02,16.86,-0.11,0.01,0.12,1
18.03,14.51,-0.10,0.01,0.11,1
18.04,10.98,-0.09,0.01,0.10,1
18.05,8.24,-0.08,0.01,0.09,1
18.06,8.63,-0.08,0.02,0.09,1
18.07,10.20,-0.08,0.02,0.10,1
18.08,11.76,-0.08,0.02,0.10,1
18.09,13.33,-0.08,0.02,0.10,1
18.10,14.90,-0.08,0.02,0.11,1
18.11,14.90,-0.08,0.03,0.11,1
18.12,16.47,-0.08,0.03,0.11,1
18.13,15.29,-0.08,0.03,0.11,1
18.14,15.69,-0.08,0.03,0.11,1
18.15,15.69,-0.08,0.03,0.11,1
18.16,16.08,-0.08,0.03,0.11,1
18.17,16.08,-0.08,0.03,0.11,1
18.18,16.08,-0.08,0.03,0.11,1
18.19,16.47,-0.08,0.03,0.11,1
18.20,16.47,-0.08,0.03,0.11,1
18.21,16.86,-0.08,0.03,0.11,1
18.22,16.86,-0.08,0.03,0.11,1
18.23,16.86,-0.08,0.03,0.11,1
18.24,17.25,-0.08,0.03,0.11,1
18.25,17.25,-0.08,0.03,0.11,1
18.26,18.43,-0.08,0.03,0.11,1
18.27,18.82,-0.08,0.03,0.11,1
18.28,18.82,-0.08,0.03,0.11,1
18.29,18.82,-0.08,0.03,0.11,1
18.30,19.22,-0.08,0.03,0.11,1
18.31,19.22,-0.08,0.03,0.11,1
18.32,19.22,-0.08,0.03,0.11,1
18.33,20.39,-0.09,0.03,0.12,1
18.34,20.39,-0.09,0.03,0.12,1
18.35,20.39,-0.09,0.03,0.12,1
18.36,20.78,-0.09,0.03,0.12,1
18.37,20.78,-0.09,0.03,0.12,1
18.38,20.78,-0.09,0.03,0.12,1
18.39,20.78,-0.09,0.03,0.12,1
18.40,21.18,-0.09,0.03,0.12,1
18.41,21.18,-0.09,0.03,0.12,1
18.42,21.18,-0.09,0.03,0.12,1
18.43,21.18,-0.09,0.03,0.12,1
18.44,21.18,-0.09,0.03,0.12,1
18.45,20.78,-0.08,0.03,0.11,1
18.46,20.78,-0.08,0.03,0.11,1
18.47,20.78,-0.08,0.03,0.11,1
18.48,20.78,-0.08,0.03,0.11,1
18.49,20.78,-0.08,0.03,0.11,1
18.50,21.18,-0.08,0.03,0.11,1
18.51,21.18,-0.08,0.03,0.11,1
18.52,21.18,-0.08,0.03,0.11,1
18.53,21.18,-0.08,0.03,0.11,1
18.54,21.57,-0.08,0.03,0.11,1
18.55,21.57,-0.08,0.03,0.11,1
18.56,21.57,-0.08,0.03,0.11,1
18.57,21.57,-0.08,0.03,0.11,1
18.58,21.57,-0.08,0.03,0.11,1
18.59,21.57,-0.08,0.03,0.11,1
18.60,21.96,-0.08,0.03,0.11,1
18.61,21.96,-0.08,0.03,0.11,1
18.62,21.96,-0.08,0.03,0.11,1
18.63,21.96,-0.08,0.03,0.11,1
18.64,21.96,-0.08,0.03,0.11,1
18.65,21.96,-0.08,0.03,0.11,1
18.66,22.35,-0.08,0.03,0.11,1
18.67,22.35,-0.08,0.03,0.11,1
18.68,22.75,-0.09,0.03,0.12,1
18.69,23.14,-0.09,0.03,0.12,1
18.70,23.14,-0.09,0.03,0.12,1
18.71,23.14,-0.09,0.03,0.12,1
18.72,22.35,-0.08,0.02,0.11,1
18.73,21.96,-0.08,0.02,0.11,1
18.74,21.18,-0.08,0.01,0.10,1
18.75,19.61,-0.08,0.00,0.10,1
18.76,17.65,-0.09,-0.01,0.09,1
18.77,11.37,-0.09,-0.03,0.07,1
18.78,5.88,-0.09,-0.04,0.06,1
18.79,1.57,-0.09,-0.06,0.05,1
18.80,-5.49,-0.09,-0.07,0.03,1
18.81,-12.55,-0.09,-0.08,0.01,1
18.82,-12.55,-0.09,-0.09,0.01,1
18.83,-14.90,-0.09,-0.10,0.01,1
18.84,-19.22,-0.10,-0.12,-0.01,1
18.85,-21.57,-0.10,-0.16,-0.02,1
18.86,-24.71,-0.12,-0.22,-0.05,1
18.87,-25.10,-0.13,-0.30,-0.09,1
18.88,-25.49,-0.14,-0.38,-0.16,1
18.89,-25.88,-0.16,-0.49,-0.23,1
18.90,-26.27,-0.17,-0.62,-0.32,1
18.91,-27.06,-0.17,-0.72,-0.45,1
18.92,-27.84,-0.17,-0.77,-0.54,1
18.93,-27.84,-0.17,-0.85,-0.60,1
18.94,-28.63,-0.17,-0.95,-0.68,1
18.95,-29.02,-0.18,-1.08,-0.77,1
18.96,-29.80,-0.18,-1.23,-0.90,1
18.97,-30.59,-0.18,-1.37,-1.05,1
18.98,-31.37,-0.19,-1.47,-1.18,1
18.99,-31.76,-0.19,-1.58,-1.28,1
19.00,-32.55,-0.20,-1.70,-1.39,1
19.01,-33.33,-0.20,-1.85,-1.50,1
19.02,-34.12,-0.19,-1.98,-1.65,1
19.03,-34.90,-0.19,-2.07,-1.79,1
19.04,-35.29,-0.18,-2.18,-1.90,1
19.05,-36.08,-0.17,-2.29,-2.01,1
19.06,-36.86,-0.17,-2.41,-2.12,1
19.07,-37.25,-0.17,-2.52,-2.24,1
19.08,-38.04,-0.16,-2.57,-2.35,1
19.09,-38.43,-0.16,-2.58,-2.41,1
19.10,-38.43,-0.15,-2.60,-2.43,1
19.11,-38.43,-0.15,-2.62,-2.45,1
19.12,-38.82,-0.14,-2.66,-2.49,1
19.13,-38.82,-0.13,-2.72,-2.53,1
19.14,-39.22,-0.11,-2.81,-2.61,1
19.15,-40.00,-0.10,-2.89,-2.71,1
19.16,-40.39,-0.09,-2.99,-2.80,1
19.17,-41.18,-0.08,-3.11,-2.91,1
19.18,-41.96,-0.07,-3.21,-3.05,1
19.19,-42.35,-0.05,-3.27,-3.16,1
19.20,-43.14,-0.03,-3.34,-3.24,1
19.21,-43.53,-0.00,-3.43,-3.34,1
19.22,-44.31,0.02,-3.54,-3.45,1
19.23,-44.71,0.04,-3.68,-3.58,1
19.24,-45.88,0.06,-3.82,-3.73,1
19.25,-46.67,0.07,-3.93,-3.89,1
19.26,-47.45,0.08,-4.05,-4.01,1
19.27,-47.84,0.09,-4.18,-4.14,1
19.28,-48.63,0.09,-4.36,-4.27,1
19.29,-49.80,0.09,-4.52,-4.44,1
19.30,-50.59,0.09,-4.65,-4.61,1
19.31,-51.37,0.08,-4.79,-4.73,1
19.32,-52.16,0.08,-4.96,-4.87,1
19.33,-52.94,0.08,-5.12,-5.03,1
19.34,-54.12,0.07,-5.26,-5.19,1
19.35,-54.51,0.07,-5.40,-5.33,1
19.36,-55.29,0.07,-5.56,-5.47,1
19.37,-56.47,0.06,-5.74,-5.62,1
19.38,-57.25,0.05,-5.86,-5.79,1
19.39,-58.04,0.05,-5.97,-5.91,1
19.40,-58.43,0.05,-6.08,-6.01,1
19.41,-59.22,0.04,-6.25,-6.12,1
19.42,-60.00,0.03,-6.38,-6.28,1
19.43,-60.78,0.02,-6.49,-6.41,1
19.44,-61.18,0.02,-6.60,-6.50,1
19.45,-61.57,0.01,-6.70,-6.61,1
19.46,-62.35,0.01,-6.83,-6.71,1
19.47,-62.75,0.01,-6.95,-6.83,1
19.48,-63.53,0.00,-7.03,-6.95,1
19.49,-63.92,0.00,-7.09,-7.03,1
19.50,-64.31,0.00,-7.17,-7.09,1
19.51,-64.71,0.00,-7.27,-7.17,1
19.52,-65.10,0.00,-7.38,-7.27,1
19.53,-65.88,0.00,-7.49,-7.38,1
19.54,-66.27,0.00,-7.57,-7.49,1
19.55,-66.67,-0.00,-7.62,-7.57,1
19.56,-67.06,-0.00,-7.66,-7.61,1
19.57,-67.06,-0.01,-7.72,-7.66,1
19.58,-67.45,-0.01,-7.78,-7.71,1
19.59,-67.84,-0.01,-7.82,-7.76,1
19.60,-67.84,-0.02,-7.85,-7.80,1
19.61,-67.84,-0.02,-7.87,-7.82,1
19.62,-67.84,-0.03,-7.89,-7.84,1
19.63,-68.24,-0.03,-7.91,-7.86,1
19.64,-68.24,-0.03,-7.93,-7.88,1
19.65,-68.24,-0.03,-7.93,-7.89,1
19.66,-68.24,-0.04,-7.93,-7.90,1
19.67,-67.84,-0.05,-7.92,-7.89,1
19.68,-67.84,-0.06,-7.87,-7.87,1
19.69,-67.45,-0.07,-7.70,-7.80,1
19.70,-66.27,-0.08,-7.33,-7.62,1
19.71,-63.92,-0.08,-6.79,-7.25,1
19.72,-60.78,-0.09,-6.11,-6.71,1
19.73,-56.86,-0.08,-5.31,-6.02,1
19.74,-52.16,-0.08,-4.42,-5.23,1
19.75,-47.06,-0.07,-3.48,-4.35,1
19.76,-41.57,-0.06,-2.49,-3.42,1
19.77,-35.69,-0.04,-1.49,-2.45,1
19.78,-30.20,-0.01,-0.50,-1.48,1
19.79,-13.33,0.02,0.34,-0.52,1
19.80,28.63,0.07,0.88,0.27,1
19.81,31.37,0.13,1.13,0.75,1
19.82,32.55,0.21,1.15,0.93,1
19.83,32.16,0.28,1.10,0.87,1
19.84,31.37,0.35,0.99,0.75,1
19.85,30.20,0.40,0.82,0.58,1
19.86,29.02,0.44,0.58,0.37,1
19.87,27.45,0.45,0.33,0.13,1
19.88,26.27,0.45,0.05,-0.12,1
19.89,20.39,0.43,-0.23,-0.38,1
19.90,-25.49,0.40,-0.48,-0.63,1
19.91,-26.67,0.36,-0.68,-0.84,1
19.92,-27.45,0.32,-0.66,-0.99,1
19.93,-27.45,0.27,-0.55,-0.94,1
19.94,-26.27,0.24,-0.49,-0.79,1
19.95,-25.88,0.22,-0.50,-0.71,1
19.96,-26.27,0.22,-0.53,-0.72,1
19.97,-26.27,0.23,-0.58,-0.76,1
19.98,-26.67,0.24,-0.60,-0.81,1
19.99,-27.06,0.24,-0.60,-0.84,1
20.00,-27.06,0.25,-0.60,-0.84,1
20.01,-27.06,0.25,-0.60,-0.85,1
20.02,-27.06,0.25,-0.60,-0.85,1
20.03,-27.06,0.25,-0.60,-0.85,1
20.04,-27.06,0.25,-0.60,-0.85,1
20.05,-27.06,0.25,-0.60,-0.85,1
20.06,-27.06,0.25,-0.60,-0.85,1
20.07,-27.06,0.25,-0.60,-0.85,1
20.08,-27.06,0.25,-0.60,-0.84,1
20.09,-27.06,0.25,-0.60,-0.84,1
20.10,-27.06,0.25,-0.60,-0.85,1
20.11,-27.06,0.25,-0.60,-0.85,1
20.12,-27.06,0.25,-0.60,-0.85,1
20.13,-27.06,0.25,-0.60,-0.85,1
20.14,-27.06,0.25,-0.60,-0.85,1
20.15,-27.06,0.26,-0.60,-0.86,1
20.16,-27.06,0.26,-0.60,-0.86,1
20.17,-27.06,0.27,-0.60,-0.86,1
20.18,-27.06,0.27,-0.60,-0.86,1
20.19,-27.45,0.27,-0.60,-0.86,1
20.20,-27.45,0.27,-0.59,-0.86,1
20.21,-27.45,0.27,-0.59,-0.86,1
20.22,-27.45,0.27,-0.59,-0.86,1
20.23,-27.45,0.27,-0.59,-0.86,1
20.24,-27.06,0.27,-0.58,-0.85,1
20.25,-27.06,0.27,-0.58,-0.85,1
20.26,-27.45,0.27,-0.58,-0.85,1
20.27,-27.06,0.27,-0.58,-0.84,1
20.28,-27.06,0.27,-0.58,-0.84,1
20.29,-27.06,0.26,-0.57,-0.84,1
20.30,-27.06,0.26,-0.57,-0.83,1
20.31,-27.06,0.26,-0.57,-0.83,1
20.32,-27.06,0.26,-0.57,-0.83,1
20.33,-27.06,0.25,-0.57,-0.82,1
20.34,-27.06,0.25,-0.56,-0.82,1
20.35,-27.06,0.24,-0.56,-0.81,1
20.36,-27.06,0.24,-0.56,-0.80,1
20.37,-27.06,0.23,-0.56,-0.79,1
20.38,-27.06,0.22,-0.56,-0.77,1
20.39,-27.06,0.21,-0.56,-0.76,1
20.40,-27.06,0.20,-0.56,-0.75,1
20.41,-26.67,0.19,-0.56,-0.75,1
20.42,-26.67,0.19,-0.56,-0.74,1
20.43,-26.67,0.18,-0.56,-0.73,1
20.44,-26.67,0.17,-0.56,-0.72,1
20.45,-26.67,0.16,-0.56,-0.72,1
20.46,-26.67,0.16,-0.56,-0.72,1
20.47,-26.67,0.16,-0.56,-0.72,1
20.48,-26.67,0.16,-0.56,-0.72,1
20.49,-26.67,0.16,-0.56,-0.72,1
20.50,-26.67,0.16,-0.56,-0.72,1
20.51,-26.67,0.16,-0.56,-0.72,1
20.52,-26.67,0.16,-0.56,-0.71,1
20.53,-26.67,0.16,-0.56,-0.71,1
20.54,-26.67,0.16,-0.56,-0.72,1
20.55,-26.67,0.16,-0.56,-0.72,1
20.56,-26.67,0.16,-0.56,-0.72,1
20.57,-26.67,0.17,-0.56,-0.72,1
20.58,-27.06,0.17,-0.56,-0.72,1
20.59,-27.06,0.17,-0.56,-0.72,1
20.60,-27.06,0.17,-0.56,-0.72,1
20.61,-27.06,0.17,-0.56,-0.72,1
20.62,-27.06,0.17,-0.55,-0.72,1
20.63,-27.06,0.17,-0.55,-0.72,1
20.64,-27.06,0.17,-0.54,-0.72,1
20.65,-27.06,0.17,-0.53,-0.71,1
20.66,-26.67,0.17,-0.53,-0.71,1
20.67,-26.67,0.17,-0.52,-0.70,1
20.68,-26.67,0.17,-0.52,-0.69,1
20.69,-26.67,0.17,-0.50,-0.68,1
20.70,-26.67,0.16,-0.46,-0.67,1
20.71,-26.27,0.16,-0.38,-0.62,1
20.72,-25.88,0.16,-0.29,-0.54,1
20.73,-25.49,0.16,-0.22,-0.45,1
20.74,-25.10,0.16,-0.20,-0.38,1
20.75,-25.10,0.16,-0.20,-0.36,1
20.76,-24.71,0.16,-0.18,-0.36,1
20.77,-24.71,0.16,-0.15,-0.34,1
20.78,-21.96,0.16,-0.09,-0.31,1
20.79,-3.14,0.16,-0.02,-0.25,1
20.80,18.82,0.17,0.02,-0.20,1
20.81,24.31,0.19,0.05,-0.16,1
20.82,24.71,0.21,0.07,-0.16,1
20.83,23.14,0.24,0.07,-0.17,1
20.84,16.47,0.27,0.08,-0.20,1
20.85,5.88,0.30,0.07,-0.22,1
20.86,-1.96,0.31,0.07,-0.24,1
20.87,-5.88,0.31,0.06,-0.24,1
20.88,-8.24,0.31,0.05,-0.25,1
20.89,-14.51,0.31,0.03,-0.26,1
20.90,-18.43,0.30,0.02,-0.27,1
20.91,-20.78,0.30,0.01,-0.28,1
20.92,-22.75,0.29,-0.01,-0.29,1
20.93,-23.92,0.28,-0.03,-0.29,1
20.94,-24.71,0.27,-0.05,-0.30,1
20.95,-24.71,0.26,-0.06,-0.30,1
20.96,-24.71,0.24,-0.06,-0.30,1
20.97,-22.35,0.22,-0.06,-0.28,1
20.98,-13.73,0.19,-0.06,-0.24,1
20.99,-1.57,0.16,-0.05,-0.21,1
21.00,8.24,0.14,-0.05,-0.19,1
21.01,16.47,0.12,-0.05,-0.16,1
21.02,19.22,0.10,-0.05,-0.15,1
21.03,20.78,0.10,-0.05,-0.15,1
21.04,20.00,0.10,-0.05,-0.15,1
21.05,19.61,0.10,-0.05,-0.15,1
21.06,19.22,0.10,-0.05,-0.15,1
21.07,18.82,0.10,-0.05,-0.15,1
21.08,18.43,0.10,-0.04,-0.15,1
21.09,18.82,0.10,-0.03,-0.14,1
21.10,19.22,0.10,-0.02,-0.14,1
21.11,18.82,0.12,0.00,-0.14,1
21.12,21.18,0.13,0.02,-0.13,1
21.13,20.78,0.15,0.03,-0.13,1
21.14,18.43,0.17,0.03,-0.14,1
21.15,14.51,0.18,0.04,-0.15,1
21.16,15.29,0.18,0.05,-0.14,1
21.17,16.86,0.18,0.06,-0.14,1
21.18,19.61,0.18,0.06,-0.13,1
21.19,20.78,0.18,0.07,-0.12,1
21.20,22.75,0.18,0.08,-0.11,1
21.21,23.92,0.18,0.09,-0.10,1
21.22,24.31,0.19,0.10,-0.09,1
21.23,22.75,0.21,0.12,-0.10,1
21.24,18.04,0.24,0.12,-0.12,1
21.25,8.24,0.27,0.13,-0.15,1
21.26,3.14,0.28,0.13,-0.16,1
21.27,4.31,0.28,0.13,-0.15,1
21.28,5.10,0.28,0.14,-0.15,1
21.29,7.45,0.28,0.14,-0.14,1
21.30,8.24,0.28,0.15,-0.14,1
21.31,9.41,0.28,0.15,-0.14,1
21.32,10.20,0.28,0.15,-0.13,1
21.33,10.98,0.28,0.16,-0.13,1
21.34,11.76,0.28,0.17,-0.13,1
21.35,15.29,0.28,0.18,-0.12,1
21.36,19.22,0.28,0.20,-0.10,1
21.37,22.75,0.28,0.22,-0.08,1
21.38,23.92,0.29,0.24,-0.07,1
21.39,24.31,0.31,0.26,-0.07,1
21.40,22.75,0.34,0.27,-0.08,1
21.41,13.73,0.38,0.28,-0.11,1
21.42,-2.75,0.43,0.28,-0.15,1
21.43,-6.27,0.43,0.28,-0.16,1
21.44,-5.10,0.43,0.27,-0.15,1
21.45,-7.06,0.43,0.27,-0.16,1
21.46,-10.59,0.43,0.26,-0.16,1
21.47,-12.55,0.43,0.26,-0.17,1
21.48,-14.12,0.43,0.25,-0.17,1
21.49,-15.69,0.43,0.25,-0.17,1
21.50,-17.25,0.43,0.25,-0.18,1
21.51,-17.65,0.43,0.24,-0.18,1
21.52,-20.00,0.43,0.23,-0.19,1
21.53,-20.78,0.42,0.22,-0.19,1
21.54,-23.53,0.42,0.21,-0.20,1
21.55,-24.31,0.42,0.20,-0.21,1
21.56,-24.71,0.40,0.19,-0.21,1
21.57,-24.71,0.39,0.18,-0.21,1
21.58,-24.31,0.38,0.17,-0.21,1
21.59,-24.31,0.38,0.17,-0.20,1
21.60,-23.92,0.37,0.17,-0.20,1
21.61,-24.31,0.37,0.17,-0.20,1
21.62,-24.31,0.37,0.16,-0.20,1
21.63,-24.71,0.37,0.16,-0.21,1
21.64,-24.71,0.37,0.15,-0.21,1
21.65,-24.71,0.37,0.14,-0.22,1
21.66,-24.71,0.36,0.14,-0.22,1
21.67,-24.71,0.36,0.14,-0.22,1
21.68,-24.71,0.36,0.14,-0.22,1
21.69,-24.71,0.36,0.14,-0.21,1
21.70,-24.71,0.35,0.14,-0.21,1
21.71,-24.71,0.35,0.14,-0.21,1
21.72,-24.71,0.35,0.14,-0.21,1
21.73,-24.71,0.35,0.14,-0.21,1
21.74,-24.71,0.35,0.14,-0.21,1
21.75,-24.71,0.35,0.13,-0.21,1
21.76,-24.71,0.34,0.13,-0.21,1
21.77,-24.71,0.34,0.13,-0.21,1
21.78,-24.71,0.34,0.13,-0.21,1
21.79,-24.71,0.34,0.13,-0.21,1
21.80,-24.71,0.34,0.13,-0.20,1
21.81,-24.71,0.34,0.13,-0.20,1
21.82,-24.71,0.33,0.13,-0.20,1
21.83,-24.71,0.33,0.13,-0.20,1
21.84,-24.71,0.33,0.13,-0.20,1
21.85,-24.71,0.33,0.13,-0.20,1
21.86,-24.31,0.31,0.13,-0.18,1
21.87,-16.08,0.28,0.13,-0.14,1
21.88,7.84,0.22,0.13,-0.08,1
21.89,23.53,0.16,0.13,-0.03,1
21.90,24.71,0.14,0.13,-0.00,1
21.91,24.71,0.13,0.13,0.00,1
21.92,24.71,0.13,0.13,0.01,1
21.93,25.10,0.10,0.13,0.03,1
21.94,25.49,0.03,0.13,0.09,1
21.95,25.88,-0.08,0.13,0.21,1
21.96,27.06,-0.24,0.12,0.37,1
21.97,28.24,-0.43,0.12,0.55,1
21.98,29.02,-0.61,0.11,0.73,1
21.99,30.20,-0.80,0.11,0.91,1
22.00,31.37,-1.03,0.10,1.14,1
22.01,32.94,-1.28,0.09,1.39,1
22.02,34.12,-1.51,0.09,1.60,1
22.03,35.29,-1.71,0.08,1.80,1
22.04,36.47,-1.90,0.08,1.98,1
22.05,37.25,-2.05,0.08,2.13,1
22.06,37.65,-2.16,0.09,2.24,1
22.07,38.43,-2.26,0.09,2.35,1
22.08,38.82,-2.37,0.09,2.46,1
22.09,40.00,-2.51,0.09,2.60,1
22.10,40.78,-2.67,0.09,2.76,1
22.11,41.57,-2.80,0.09,2.89,1
22.12,41.96,-2.89,0.09,2.98,1
22.13,42.35,-2.98,0.09,3.07,1
22.14,43.14,-3.07,0.09,3.17,1
22.15,43.53,-3.20,0.09,3.29,1
22.16,44.71,-3.35,0.09,3.45,1
22.17,45.49,-3.51,0.09,3.60,1
22.18,46.27,-3.63,0.09,3.72,1
22.19,46.67,-3.74,0.09,3.83,1
22.20,47.45,-3.84,0.09,3.93,1
22.21,47.84,-3.96,0.09,4.05,1
22.22,48.63,-4.11,0.10,4.21,1
22.23,49.80,-4.28,0.10,4.37,1
22.24,50.59,-4.42,0.10,4.51,1
22.25,51.37,-4.54,0.10,4.65,1
22.26,52.16,-4.69,0.10,4.79,1
22.27,52.94,-4.86,0.10,4.96,1
22.28,54.12,-5.05,0.09,5.15,1
22.29,54.90,-5.21,0.09,5.30,1
22.30,55.69,-5.35,0.08,5.44,1
22.31,56.47,-5.50,0.08,5.59,1
22.32,57.65,-5.70,0.08,5.78,1
22.33,58.43,-5.88,0.07,5.96,1
22.34,59.22,-6.04,0.07,6.11,1
22.35,60.00,-6.18,0.07,6.25,1
22.36,61.18,-6.34,0.07,6.41,1
22.37,61.96,-6.51,0.07,6.58,1
22.38,63.14,-6.69,0.07,6.75,1
22.39,63.92,-6.85,0.06,6.92,1
22.40,64.71,-7.03,0.06,7.09,1
22.41,65.88,-7.25,0.05,7.31,1
22.42,67.45,-7.49,0.04,7.54,1
22.43,68.24,-7.69,0.03,7.73,1
22.44,68.24,-7.68,0.03,7.72,1
22.45,68.24,-7.68,0.03,7.71,1
22.46,68.24,-7.68,0.02,7.71,1
22.47,67.45,-7.62,0.02,7.65,1
22.48,66.27,-7.42,0.01,7.44,1
22.49,63.92,-7.01,0.01,7.02,1
22.50,60.39,-6.41,0.00,6.42,1
22.51,55.69,-5.65,0.00,5.66,1
22.52,50.59,-4.77,0.00,4.77,1
22.53,44.71,-3.80,0.01,3.80,1
22.54,38.82,-2.79,0.01,2.80,1
22.55,32.94,-1.76,0.02,1.77,1
22.56,26.67,-0.71,0.02,0.73,1
22.57,-27.84,0.35,0.03,-0.33,1
22.58,-33.73,1.32,0.03,-1.29,1
22.59,-38.04,2.10,0.03,-2.07,1
22.60,-41.57,2.68,0.05,-2.64,1
22.61,-43.53,3.05,0.10,-3.00,1
22.62,-43.92,3.20,0.14,-3.10,1
22.63,-43.53,3.17,0.18,-3.03,1
22.64,-42.35,3.02,0.21,-2.84,1
22.65,-40.78,2.77,0.24,-2.56,1
22.66,-38.82,2.46,0.26,-2.22,1
22.67,-36.47,2.09,0.28,-1.83,1
22.68,-33.73,1.67,0.28,-1.39,1
22.69,-30.98,1.22,0.29,-0.94,1
22.70,-28.24,0.76,0.29,-0.48,1
22.71,-25.49,0.30,0.28,-0.01,1
22.72,25.49,-0.16,0.28,0.44,1
22.73,27.84,-0.56,0.28,0.84,1
22.74,29.41,-0.81,0.28,1.09,1
22.75,30.20,-0.94,0.27,1.21,1
22.76,30.20,-0.96,0.25,1.23,1
22.77,29.80,-0.92,0.20,1.18,1
22.78,29.41,-0.87,0.15,1.07,1
22.79,28.63,-0.80,0.09,0.94,1
22.80,27.84,-0.71,0.05,0.80,1
22.81,26.67,-0.59,0.02,0.64,1
22.82,25.88,-0.43,0.01,0.45,1
22.83,16.08,-0.23,0.01,0.25,1
22.84,-25.10,-0.06,0.01,0.07,1
22.85,-25.49,0.03,0.01,-0.01,1
22.86,-25.49,-0.00,0.02,0.02,1
22.87,-25.10,-0.08,0.04,0.09,1
22.88,11.76,-0.19,0.06,0.23,1
22.89,25.10,-0.29,0.07,0.35,1
22.90,25.49,-0.31,0.08,0.39,1
22.91,25.10,-0.27,0.08,0.35,1
22.92,24.71,-0.22,0.08,0.30,1
22.93,22.35,-0.17,0.08,0.25,1
22.94,17.25,-0.16,0.08,0.23,1
22.95,18.04,-0.16,0.08,0.23,1
22.96,18.43,-0.16,0.08,0.23,1
22.97,19.61,-0.16,0.09,0.24,1
22.98,21.57,-0.16,0.09,0.24,1
22.99,23.14,-0.16,0.10,0.25,1
23.00,24.71,-0.16,0.10,0.26,1
23.01,24.31,-0.15,0.10,0.26,1
23.02,24.31,-0.15,0.10,0.26,1
23.03,24.71,-0.15,0.10,0.26,1
23.04,24.71,-0.15,0.10,0.26,1
23.05,24.71,-0.15,0.10,0.25,1
23.06,23.92,-0.15,0.09,0.25,1
23.07,23.14,-0.15,0.08,0.24,1
23.08,22.35,-0.15,0.08,0.23,1
23.09,22.75,-0.15,0.08,0.23,1
23.10,22.75,-0.15,0.08,0.23,1
23.11,23.14,-0.15,0.08,0.23,1
23.12,23.14,-0.15,0.08,0.23,1
23.13,23.53,-0.15,0.08,0.23,1
23.14,23.53,-0.15,0.09,0.23,1
23.15,24.31,-0.15,0.09,0.24,1
23.16,24.31,-0.15,0.08,0.24,1
23.17,23.92,-0.15,0.08,0.23,1
23.18,23.92,-0.15,0.08,0.23,1
23.19,23.14,-0.15,0.07,0.22,1
23.20,21.96,-0.15,0.06,0.22,1
23.21,20.39,-0.15,0.06,0.21,1
23.22,20.00,-0.15,0.06,0.21,1
23.23,19.22,-0.15,0.06,0.20,1
23.24,19.61,-0.15,0.06,0.20,1
23.25,20.00,-0.15,0.06,0.20,1
23.26,20.39,-0.15,0.06,0.20,1
23.27,20.39,-0.15,0.06,0.20,1
23.28,20.78,-0.15,0.06,0.20,1
23.29,21.18,-0.15,0.06,0.20,1
23.30,21.18,-0.15,0.06,0.20,1
23.31,21.57,-0.15,0.05,0.20,1
23.32,21.18,-0.15,0.05,0.20,1
23.33,20.39,-0.15,0.05,0.20,1
23.34,20.00,-0.15,0.04,0.19,1
23.35,18.04,-0.15,0.03,0.19,1
23.36,16.47,-0.15,0.03,0.18,1
23.37,17.65,-0.15,0.03,0.18,1
23.38,16.86,-0.15,0.03,0.18,1
23.39,18.43,-0.15,0.03,0.18,1
23.40,17.65,-0.15,0.03,0.18,1
23.41,18.04,-0.15,0.02,0.18,1
23.42,16.08,-0.15,0.01,0.17,1
23.43,12.55,-0.15,-0.01,0.16,1
23.44,5.88,-0.15,-0.02,0.14,1
23.45,1.96,-0.15,-0.03,0.13,1
23.46,-1.96,-0.15,-0.03,0.12,1
23.47,-2.75,-0.15,-0.03,0.12,1
23.48,-3.92,-0.15,-0.03,0.12,1
23.49,-1.96,-0.15,-0.04,0.12,1
23.50,-3.14,-0.15,-0.04,0.12,1
23.51,-2.75,-0.15,-0.04,0.12,1
23.52,-3.53,-0.15,-0.04,0.11,1
23.53,-1.57,-0.15,-0.04,0.12,1
23.54,-1.18,-0.15,-0.03,0.12,1
23.55,0.39,-0.15,-0.03,0.12,1
23.56,3.92,-0.15,-0.02,0.13,1
23.57,8.63,-0.15,-0.01,0.14,1
23.58,13.33,-0.15,0.00,0.15,1
23.59,17.25,-0.15,0.01,0.16,1
23.60,20.39,-0.15,0.02,0.17,1
23.61,21.96,-0.15,0.03,0.17,1
23.62,22.75,-0.15,0.03,0.18,1
23.63,23.14,-0.15,0.03,0.18,1
23.64,23.14,-0.15,0.03,0.18,1
23.65,23.14,-0.15,0.03,0.18,1
23.66,23.92,-0.15,0.03,0.18,1
23.67,23.92,-0.15,0.03,0.18,1
23.68,23.92,-0.15,0.03,0.18,1
23.69,24.31,-0.15,0.03,0.18,1
23.70,24.31,-0.15,0.03,0.18,1
23.71,24.31,-0.15,0.03,0.18,1
23.72,23.92,-0.14,0.03,0.18,1
23.73,23.92,-0.14,0.03,0.18,1
23.74,24.31,-0.14,0.03,0.18,1
23.75,24.31,-0.14,0.03,0.18,1
23.76,24.31,-0.14,0.03,0.18,1
23.77,24.31,-0.14,0.03,0.18,1
23.78,23.92,-0.14,0.03,0.17,1
23.79,24.31,-0.14,0.03,0.17,1
23.80,24.31,-0.14,0.03,0.17,1
23.81,24.31,-0.14,0.03,0.17,1
23.82,24.31,-0.14,0.03,0.17,1
23.83,23.92,-0.14,0.03,0.17,1
23.84,24.31,-0.14,0.03,0.17,1
23.85,24.31,-0.14,0.03,0.17,1
23.86,24.31,-0.14,0.03,0.17,1
23.87,24.31,-0.14,0.03,0.17,1
23.88,23.92,-0.13,0.03,0.17,1
23.89,24.31,-0.13,0.03,0.17,1
23.90,24.31,-0.13,0.03,0.17,1
23.91,24.31,-0.13,0.03,0.17,1
23.92,23.92,-0.13,0.03,0.16,1
23.93,23.92,-0.13,0.03,0.16,1
23.94,23.92,-0.13,0.03,0.16,1
23.95,24.31,-0.13,0.03,0.16,1
23.96,24.31,-0.13,0.03,0.16,1
23.97,23.92,-0.13,0.03,0.16,1
23.98,23.92,-0.13,0.03,0.16,1
23.99,23.92,-0.13,0.03,0.16,1
24.00,23.92,-0.13,0.03,0.16,1
24.01,24.31,-0.13,0.03,0.16,1
24.02,23.92,-0.12,0.03,0.16,1
24.03,23.92,-0.12,0.03,0.16,1
24.04,23.92,-0.12,0.03,0.16,1
24.05,23.92,-0.12,0.03,0.16,1
24.06,23.92,-0.12,0.03,0.16,1
24.07,23.92,-0.12,0.03,0.15,1
24.08,23.92,-0.12,0.03,0.15,1
24.09,23.92,-0.12,0.03,0.15,1
24.10,23.92,-0.12,0.03,0.15,1
24.11,23.92,-0.12,0.03,0.15,1
24.12,23.92,-0.12,0.03,0.15,1
24.13,23.92,-0.12,0.03,0.15,1
24.14,23.92,-0.12,0.03,0.15,1
24.15,23.92,-0.12,0.03,0.15,1
24.16,23.92,-0.12,0.03,0.15,1
24.17,23.92,-0.12,0.03,0.15,1
24.18,23.92,-0.12,0.03,0.15,1
24.19,23.92,-0.12,0.03,0.15,1
24.20,23.92,-0.11,0.03,0.15,1
24.21,23.92,-0.11,0.03,0.15,1
24.22,23.92,-0.11,0.03,0.15,1
24.23,23.92,-0.11,0.03,0.15,1
24.24,23.92,-0.11,0.03,0.15,1
24.25,23.92,-0.11,0.03,0.15,1
24.26,23.92,-0.11,0.03,0.15,1
24.27,24.31,-0.11,0.03,0.15,1
24.28,23.92,-0.11,0.03,0.14,1
24.29,23.92,-0.11,0.03,0.14,1
24.30,23.92,-0.11,0.03,0.14,1
24.31,23.92,-0.11,0.03,0.14,1
24.32,23.92,-0.11,0.03,0.14,1
24.33,23.92,-0.11,0.03,0.14,1
24.34,23.92,-0.11,0.03,0.14,1
24.35,24.31,-0.11,0.03,0.14,1
24.36,23.92,-0.10,0.03,0.14,1
24.37,23.92,-0.10,0.03,0.14,1
24.38,23.92,-0.10,0.03,0.14,1
24.39,23.92,-0.10,0.03,0.14,1
24.40,23.92,-0.10,0.03,0.14,1
24.41,23.92,-0.10,0.03,0.14,1
24.42,23.92,-0.10,0.03,0.14,1
24.43,24.31,-0.10,0.03,0.14,1
24.44,23.92,-0.10,0.03,0.14,1
24.45,23.92,-0.10,0.03,0.14,1
24.46,23.92,-0.10,0.03,0.14,1
24.47,23.92,-0.10,0.03,0.14,1
24.48,23.92,-0.10,0.03,0.14,1
24.49,23.92,-0.10,0.03,0.14,1
24.50,23.92,-0.10,0.03,0.14,1
24.51,23.92,-0.10,0.03,0.14,1
24.52,23.92,-0.10,0.03,0.13,1
24.53,23.92,-0.10,0.03,0.13,1
24.54,23.92,-0.10,0.03,0.13,1
24.55,23.92,-0.10,0.03,0.13,1
24.56,23.92,-0.10,0.03,0.13,1
24.57,23.92,-0.10,0.03,0.13,1
24.58,23.92,-0.10,0.03,0.13,1
24.59,23.92,-0.10,0.03,0.13,1
24.60,23.53,-0.09,0.03,0.13,1
24.61,23.92,-0.09,0.03,0.13,1
24.62,23.92,-0.09,0.03,0.13,1
24.63,23.92,-0.09,0.03,0.13,1
24.64,23.92,-0.09,0.03,0.13,1
24.65,23.92,-0.09,0.03,0.13,1
24.66,23.92,-0.09,0.03,0.13,1
24.67,23.92,-0.09,0.03,0.13,1
24.68,23.92,-0.09,0.03,0.13,1
24.69,23.53,-0.09,0.03,0.13,1
24.70,23.53,-0.09,0.03,0.13,1
24.71,23.53,-0.09,0.03,0.13,1
24.72,23.92,-0.09,0.03,0.13,1
24.73,23.92,-0.09,0.03,0.13,1
24.74,23.92,-0.09,0.03,0.13,1
24.75,23.92,-0.09,0.03,0.13,1
24.76,23.92,-0.09,0.03,0.13,1
24.77,23.92,-0.09,0.03,0.13,1
24.78,23.92,-0.09,0.03,0.13,1
24.79,23.53,-0.09,0.03,0.12,1
24.80,23.53,-0.09,0.03,0.12,1
24.81,23.53,-0.09,0.03,0.12,1
24.82,23.53,-0.09,0.03,0.12,1
24.83,23.92,-0.09,0.03,0.12,1
24.84,23.92,-0.09,0.03,0.12,1
24.85,23.92,-0.09,0.03,0.12,1
24.86,23.92,-0.09,0.03,0.12,1
24.87,23.92,-0.09,0.03,0.12,1
24.88,23.92,-0.09,0.03,0.12,1
24.89,23.92,-0.09,0.03,0.12,1
24.90,23.53,-0.08,0.03,0.12,1
24.91,23.53,-0.08,0.03,0.12,1
24.92,23.53,-0.08,0.03,0.12,1
24.93,23.53,-0.08,0.03,0.12,1
24.94,23.53,-0.08,0.03,0.12,1
24.95,23.92,-0.08,0.03,0.12,1
24.96,23.92,-0.08,0.03,0.12,1
24.97,23.92,-0.08,0.03,0.12,1
24.98,23.92,-0.08,0.03,0.12,1
24.99,23.92,-0.08,0.03,0.12,1
25.00,23.53,-0.08,0.03,0.12,1
25.01,23.53,-0.08,0.03,0.12,1
25.02,23.53,-0.08,0.03,0.12,1
25.03,23.53,-0.08,0.03,0.12,1
25.04,23.53,-0.08,0.03,0.12,1
25.05,23.53,-0.08,0.03,0.12,1
25.06,23.53,-0.08,0.03,0.12,1
25.07,23.53,-0.08,0.03,0.12,1
25.08,23.53,-0.08,0.03,0.12,1
25.09,23.92,-0.08,0.03,0.12,1
25.10,23.92,-0.08,0.03,0.12,1
25.11,23.92,-0.08,0.03,0.12,1
25.12,23.53,-0.08,0.03,0.11,1
25.13,23.53,-0.08,0.03,0.11,1
25.14,23.53,-0.08,0.03,0.11,1
25.15,23.53,-0.08,0.03,0.11,1
25.16,23.53,-0.08,0.03,0.11,1
25.17,23.53,-0.08,0.03,0.11,1
25.18,23.53,-0.08,0.03,0.11,1
25.19,23.53,-0.08,0.03,0.11,1
25.20,23.53,-0.08,0.03,0.11,1
25.21,23.53,-0.08,0.03,0.11,1
25.22,23.53,-0.08,0.03,0.11,1
25.23,23.14,-0.07,0.03,0.11,1
25.24,23.14,-0.07,0.03,0.11,1
25.25,23.14,-0.07,0.03,0.11,1
25.26,23.14,-0.07,0.03,0.11,1
25.27,23.14,-0.07,0.03,0.11,1
25.28,23.53,-0.07,0.03,0.11,1
25.29,23.53,-0.07,0.03,0.11,1
25.30,23.53,-0.07,0.03,0.11,1
25.31,23.53,-0.07,0.03,0.11,1
25.32,23.53,-0.07,0.03,0.11,1
25.33,23.53,-0.07,0.03,0.11,1
25.34,23.53,-0.07,0.03,0.11,1
25.35,23.14,-0.07,0.03,0.10,1
25.36,23.14,-0.07,0.03,0.10,1
25.37,23.14,-0.07,0.03,0.10,1
25.38,23.14,-0.07,0.03,0.10,1
25.39,23.14,-0.07,0.03,0.10,1
25.40,23.14,-0.07,0.03,0.10,1
25.41,23.14,-0.07,0.03,0.10,1
25.42,23.14,-0.07,0.03,0.10,1
25.43,23.14,-0.07,0.03,0.10,1
25.44,23.14,-0.07,0.03,0.10,1
25.45,23.14,-0.07,0.03,0.10,1
25.46,23.53,-0.07,0.03,0.10,1
25.47,23.53,-0.07,0.03,0.10,1
25.48,23.53,-0.07,0.03,0.10,1
25.49,23.53,-0.07,0.03,0.10,1
25.50,23.53,-0.07,0.03,0.10,1
25.51,23.14,-0.07,0.03,0.10,1
25.52,23.14,-0.07,0.03,0.10,1
25.53,23.14,-0.07,0.03,0.10,1
25.54,23.14,-0.07,0.03,0.10,1
25.55,23.14,-0.07,0.03,0.10,1
25.56,23.14,-0.07,0.03,0.10,1
25.57,23.14,-0.07,0.03,0.10,1
25.58,23.14,-0.07,0.03,0.10,1
25.59,23.14,-0.07,0.03,0.10,1
25.60,23.14,-0.07,0.03,0.10,1
25.61,23.14,-0.07,0.03,0.10,1
25.62,23.14,-0.07,0.03,0.10,1
25.63,23.14,-0.07,0.03,0.10,1
25.64,23.14,-0.07,0.03,0.10,1
25.65,23.14,-0.07,0.03,0.10,1
25.66,23.14,-0.07,0.03,0.10,1
25.67,23.53,-0.07,0.03,0.10,1
25.68,22.75,-0.06,0.03,0.10,1
25.69,22.75,-0.06,0.03,0.10,1
25.70,22.75,-0.06,0.03,0.10,1
25.71,22.75,-0.06,0.03,0.10,1
25.72,22.75,-0.06,0.03,0.10,1
25.73,23.14,-0.06,0.03,0.10,1
25.74,23.14,-0.06,0.03,0.10,1
25.75,23.14,-0.06,0.03,0.10,1
25.76,23.14,-0.06,0.03,0.10,1
25.77,23.14,-0.06,0.03,0.10,1
25.78,23.14,-0.06,0.03,0.10,1
25.79,23.14,-0.06,0.03,0.10,1
25.80,23.14,-0.06,0.03,0.10,1
25.81,23.14,-0.06,0.03,0.10,1
25.82,23.14,-0.06,0.03,0.10,1
25.83,23.14,-0.06,0.03,0.10,1
25.84,23.14,-0.06,0.03,0.10,1
25.85,23.14,-0.06,0.03,0.10,1
25.86,23.14,-0.06,0.03,0.10,1
25.87,23.14,-0.06,0.03,0.10,1
25.88,22.75,-0.06,0.03,0.09,1
25.89,22.75,-0.06,0.03,0.09,1
25.90,22.75,-0.06,0.03,0.09,1
25.91,22.75,-0.06,0.03,0.09,1
25.92,22.75,-0.06,0.03,0.09,1
25.93,22.75,-0.06,0.03,0.09,1
25.94,22.75,-0.06,0.03,0.09,1
25.95,22.75,-0.06,0.03,0.09,1
25.96,22.75,-0.06,0.03,0.09,1
25.97,22.75,-0.06,0.03,0.09,1
25.98,22.75,-0.06,0.03,0.09,1
25.99,22.75,-0.06,0.03,0.09,1
26.00,23.14,-0.06,0.03,0.09,1
26.01,23.14,-0.06,0.03,0.09,1
26.02,23.14,-0.06,0.03,0.09,1
26.03,23.14,-0.06,0.03,0.09,1
26.04,23.14,-0.06,0.03,0.09,1
26.05,23.14,-0.06,0.03,0.09,1
26.06,23.14,-0.06,0.03,0.09,1
26.07,23.14,-0.06,0.03,0.09,1
26.08,23.14,-0.06,0.03,0.09,1
26.09,23.14,-0.06,0.03,0.09,1
26.10,23.14,-0.06,0.03,0.09,1
26.11,23.14,-0.06,0.03,0.09,1
26.12,23.14,-0.06,0.03,0.09,1
26.13,22.75,-0.06,0.03,0.09,1
26.14,22.75,-0.06,0.03,0.09,1
26.15,22.75,-0.06,0.03,0.09,1
26.16,22.75,-0.06,0.03,0.09,1
26.17,22.75,-0.06,0.03,0.09,1
26.18,22.75,-0.06,0.03,0.09,1
26.19,22.75,-0.06,0.03,0.09,1
26.20,22.75,-0.06,0.03,0.09,1
26.21,22.75,-0.06,0.03,0.09,1
26.22,22.75,-0.06,0.03,0.09,1
26.23,22.75,-0.06,0.03,0.09,1
26.24,22.75,-0.06,0.03,0.09,1
26.25,22.75,-0.06,0.03,0.09,1
26.26,22.75,-0.06,0.03,0.09,1
26.27,22.75,-0.06,0.03,0.09,1
26.28,22.75,-0.06,0.03,0.09,1
26.29,22.75,-0.06,0.03,0.09,1
26.30,22.75,-0.06,0.03,0.09,1
26.31,22.75,-0.06,0.03,0.09,1
26.32,22.75,-0.06,0.03,0.09,1
26.33,22.75,-0.06,0.03,0.09,1
26.34,23.14,-0.06,0.03,0.09,1
26.35,23.14,-0.06,0.03,0.09,1
26.36,23.14,-0.06,0.03,0.09,1
26.37,23.14,-0.06,0.03,0.09,1
26.38,23.14,-0.06,0.03,0.09,1
26.39,23.14,-0.06,0.03,0.09,1
26.40,23.14,-0.06,0.03,0.09,1
26.41,23.14,-0.06,0.03,0.09,1
26.42,23.14,-0.06,0.03,0.09,1
26.43,23.14,-0.06,0.03,0.09,1
26.44,23.14,-0.06,0.03,0.09,1
26.45,22.35,-0.05,0.03,0.09,1
26.46,22.35,-0.05,0.03,0.09,1
26.47,22.35,-0.05,0.03,0.09,1
26.48,22.35,-0.05,0.03,0.09,1
26.49,22.75,-0.05,0.03,0.09,1
26.50,22.75,-0.05,0.03,0.09,1
26.51,22.75,-0.05,0.03,0.09,1
26.52,22.75,-0.05,0.03,0.09,1
26.53,22.75,-0.05,0.03,0.09,1
26.54,22.75,-0.05,0.03,0.09,1
26.55,22.75,-0.05,0.03,0.09,1
26.56,22.75,-0.05,0.03,0.09,1
26.57,22.75,-0.05,0.03,0.09,1
26.58,22.75,-0.05,0.03,0.09,1
26.59,22.75,-0.05,0.03,0.09,1
26.60,22.75,-0.05,0.03,0.09,1
26.61,22.75,-0.05,0.03,0.09,1
26.62,22.75,-0.05,0.03,0.09,1
26.63,22.75,-0.05,0.03,0.09,1
26.64,22.75,-0.05,0.03,0.09,1
26.65,22.75,-0.05,0.03,0.09,1
26.66,22.75,-0.05,0.03,0.09,1
26.67,22.75,-0.05,0.03,0.09,1
26.68,22.75,-0.05,0.03,0.09,1
26.69,22.75,-0.05,0.03,0.09,1
26.70,22.75,-0.05,0.03,0.09,1
26.71,22.75,-0.05,0.03,0.09,1
26.72,22.75,-0.05,0.03,0.09,1
26.73,22.75,-0.05,0.03,0.09,1
26.74,22.75,-0.05,0.03,0.09,1
26.75,22.75,-0.05,0.03,0.09,1
26.76,22.75,-0.05,0.03,0.09,1
26.77,22.75,-0.05,0.03,0.09,1
26.78,22.75,-0.05,0.03,0.09,1
26.79,22.75,-0.05,0.03,0.09,1
26.80,22.75,-0.05,0.03,0.09,1
26.81,22.75,-0.05,0.03,0.09,1
26.82,23.14,-0.05,0.03,0.09,1
26.83,23.14,-0.05,0.03,0.09,1
26.84,23.14,-0.05,0.03,0.09,1
26.85,23.14,-0.05,0.03,0.09,1
26.86,23.14,-0.05,0.03,0.09,1
26.87,23.14,-0.05,0.03,0.09,1
26.88,23.14,-0.05,0.03,0.09,1
26.89,23.14,-0.05,0.03,0.09,1
26.90,23.14,-0.05,0.03,0.09,1
26.91,22.35,-0.05,0.03,0.08,1
26.92,22.35,-0.05,0.03,0.08,1
26.93,22.35,-0.05,0.03,0.08,1
26.94,22.35,-0.05,0.03,0.08,1
26.95,22.35,-0.05,0.03,0.08,1
26.96,22.35,-0.05,0.03,0.08,1
26.97,22.35,-0.05,0.03,0.08,1
26.98,22.35,-0.05,0.03,0.08,1
26.99,22.35,-0.05,0.03,0.08,1
27.00,22.35,-0.05,0.03,0.08,1
27.01,22.35,-0.05,0.03,0.08,1
27.02,22.35,-0.05,0.03,0.08,1
27.03,22.35,-0.05,0.03,0.08,1
27.04,22.75,-0.05,0.03,0.08,1
27.05,22.75,-0.05,0.03,0.08,1
27.06,22.75,-0.05,0.03,0.08,1
27.07,22.75,-0.05,0.03,0.08,1
27.08,22.75,-0.05,0.03,0.08,1
27.09,22.75,-0.05,0.03,0.08,1
27.10,22.75,-0.05,0.03,0.08,1
27.11,22.75,-0.05,0.03,0.08,1
27.12,22.75,-0.05,0.03,0.08,1
27.13,22.75,-0.05,0.03,0.08,1
27.14,22.75,-0.05,0.03,0.08,1
27.15,22.75,-0.05,0.03,0.08,1
27.16,22.75,-0.05,0.03,0.08,1
27.17,22.75,-0.05,0.03,0.08,1
27.18,22.75,-0.05,0.03,0.08,1
27.19,22.75,-0.05,0.03,0.08,1
27.20,22.75,-0.05,0.03,0.08,1
27.21,22.75,-0.05,0.03,0.08,1
27.22,22.75,-0.05,0.03,0.08,1
27.23,22.75,-0.05,0.03,0.08,1
27.24,22.75,-0.05,0.03,0.08,1
27.25,22.75,-0.05,0.03,0.08,1
27.26,22.75,-0.05,0.03,0.08,1
27.27,22.75,-0.05,0.03,0.08,1
27.28,22.75,-0.05,0.03,0.08,1
27.29,22.75,-0.05,0.03,0.08,1
27.30,22.75,-0.05,0.03,0.08,1
27.31,22.75,-0.05,0.03,0.08,1
27.32,22.75,-0.05,0.03,0.08,1
27.33,22.75,-0.05,0.03,0.08,1
27.34,22.75,-0.05,0.03,0.08,1
27.35,22.75,-0.05,0.03,0.08,1
27.36,22.75,-0.05,0.03,0.08,1
27.37,22.75,-0.05,0.03,0.08,1
27.38,22.75,-0.05,0.03,0.08,1
27.39,22.75,-0.05,0.03,0.08,1
27.40,22.75,-0.05,0.03,0.08,1
27.41,22.75,-0.05,0.03,0.08,1
27.42,22.75,-0.05,0.03,0.08,1
27.43,22.75,-0.05,0.03,0.08,1
27.44,22.75,-0.05,0.03,0.08,1
27.45,22.75,-0.05,0.03,0.08,1
27.46,22.35,-0.05,0.03,0.08,1
27.47,22.35,-0.05,0.03,0.08,1
27.48,22.35,-0.05,0.03,0.08,1
27.49,22.35,-0.05,0.03,0.08,1
27.50,22.35,-0.05,0.03,0.08,1
27.51,22.35,-0.05,0.03,0.08,1
27.52,22.35,-0.05,0.03,0.08,1
27.53,22.35,-0.05,0.03,0.08,1
27.54,22.35,-0.05,0.03,0.08,1
27.55,22.35,-0.05,0.03,0.08,1
27.56,22.35,-0.05,0.03,0.08,1
27.57,22.35,-0.05,0.03,0.08,1
27.58,22.35,-0.05,0.03,0.08,1
27.59,22.35,-0.05,0.03,0.08,1
27.60,22.35,-0.05,0.03,0.08,1
27.61,22.35,-0.05,0.03,0.08,1
27.62,22.35,-0.05,0.03,0.08,1
27.63,22.35,-0.05,0.03,0.08,1
27.64,22.35,-0.05,0.03,0.08,1
27.65,22.35,-0.05,0.03,0.08,1
27.66,22.35,-0.05,0.03,0.08,1
27.67,22.35,-0.05,0.03,0.08,1
27.68,22.35,-0.05,0.03,0.08,1
27.69,22.35,-0.05,0.03,0.08,1
27.70,22.35,-0.05,0.03,0.08,1
27.71,22.35,-0.05,0.03,0.08,1
27.72,22.35,-0.05,0.03,0.08,1
27.73,22.35,-0.05,0.03,0.08,1
27.74,22.35,-0.05,0.03,0.08,1
27.75,22.35,-0.05,0.03,0.08,1
27.76,22.35,-0.05,0.03,0.08,1
27.77,22.35,-0.05,0.03,0.08,1
27.78,22.35,-0.05,0.03,0.08,1
27.79,22.35,-0.05,0.03,0.08,1
27.80,22.35,-0.05,0.03,0.08,1
27.81,22.35,-0.05,0.03,0.08,1
27.82,22.35,-0.05,0.03,0.08,1
27.83,22.35,-0.05,0.03,0.08,1
27.84,22.35,-0.05,0.03,0.08,1
27.85,22.35,-0.05,0.03,0.08,1
27.86,22.35,-0.05,0.03,0.08,1
27.87,22.35,-0.05,0.03,0.08,1
27.88,22.35,-0.05,0.03,0.08,1
27.89,22.35,-0.05,0.03,0.08,1
27.90,22.35,-0.05,0.03,0.08,1
27.91,22.35,-0.05,0.03,0.08,1
27.92,22.35,-0.05,0.03,0.08,1
27.93,22.35,-0.05,0.03,0.08,1
27.94,22.35,-0.05,0.03,0.08,1
27.95,22.35,-0.05,0.03,0.08,1
27.96,22.35,-0.05,0.03,0.08,1
27.97,22.35,-0.05,0.03,0.08,1
27.98,22.35,-0.05,0.03,0.08,1
27.99,22.35,-0.05,0.03,0.08,1
28.00,22.35,-0.05,0.03,0.08,1
28.01,22.35,-0.05,0.03,0.08,1
28.02,22.35,-0.05,0.03,0.08,1
28.03,22.75,-0.05,0.03,0.08,1
28.04,22.75,-0.05,0.03,0.08,1
28.05,22.75,-0.05,0.03,0.08,1
28.06,22.75,-0.05,0.03,0.08,1
28.07,22.75,-0.05,0.03,0.08,1
28.08,22.75,-0.05,0.03,0.08,1
28.09,22.75,-0.05,0.03,0.08,1
28.10,22.75,-0.05,0.03,0.08,1
28.11,22.75,-0.05,0.03,0.08,1
28.12,22.75,-0.05,0.03,0.08,1
28.13,22.75,-0.05,0.03,0.08,1
28.14,22.75,-0.05,0.03,0.08,1
28.15,22.75,-0.05,0.03,0.08,1
28.16,22.75,-0.05,0.03,0.08,1
28.17,22.75,-0.05,0.03,0.08,1
28.18,22.75,-0.05,0.03,0.08,1
28.19,22.75,-0.05,0.03,0.08,1
28.20,22.75,-0.05,0.03,0.08,1
28.21,22.75,-0.05,0.03,0.08,1
28.22,22.75,-0.05,0.03,0.08,1
28.23,22.75,-0.05,0.03,0.08,1
28.24,22.75,-0.05,0.03,0.08,1
28.25,22.75,-0.05,0.03,0.08,1
28.26,22.75,-0.05,0.03,0.08,1
28.27,22.75,-0.05,0.03,0.08,1
28.28,22.75,-0.05,0.03,0.08,1
28.29,22.75,-0.05,0.03,0.08,1
28.30,22.75,-0.05,0.03,0.08,1
28.31,22.75,-0.05,0.03,0.08,1
28.32,22.75,-0.05,0.03,0.08,1
28.33,22.75,-0.05,0.03,0.08,1
28.34,22.75,-0.05,0.03,0.08,1
28.35,22.75,-0.05,0.03,0.08,1
28.36,22.75,-0.05,0.03,0.08,1
28.37,22.75,-0.05,0.03,0.08,1
28.38,22.75,-0.05,0.03,0.08,1
28.39,22.75,-0.05,0.03,0.08,1
28.40,22.75,-0.05,0.03,0.08,1
28.41,22.75,-0.05,0.03,0.08,1
28.42,22.75,-0.05,0.03,0.08,1
28.43,22.75,-0.05,0.03,0.08,1
28.44,22.75,-0.05,0.03,0.08,1
28.45,22.75,-0.05,0.03,0.08,1
28.46,22.75,-0.05,0.03,0.08,1
28.47,22.75,-0.05,0.03,0.08,1
28.48,22.75,-0.05,0.03,0.08,1
28.49,22.75,-0.05,0.03,0.08,1
28.50,22.75,-0.05,0.03,0.08,1
28.51,22.75,-0.05,0.03,0.08,1
28.52,22.75,-0.05,0.03,0.08,1
28.53,22.75,-0.05,0.03,0.08,1
28.54,22.75,-0.05,0.03,0.08,1
28.55,22.75,-0.05,0.03,0.08,1
28.56,22.75,-0.05,0.03,0.08,1
28.57,22.75,-0.05,0.03,0.08,1
28.58,22.75,-0.05,0.03,0.08,1
28.59,22.75,-0.05,0.03,0.08,1
28.60,22.75,-0.05,0.03,0.08,1
28.61,22.75,-0.05,0.03,0.08,1
28.62,22.75,-0.05,0.03,0.08,1
28.63,22.75,-0.05,0.03,0.08,1
28.64,22.75,-0.05,0.03,0.08,1
28.65,22.75,-0.05,0.03,0.08,1
28.66,22.75,-0.05,0.03,0.08,1
28.67,22.75,-0.05,0.03,0.08,1
28.68,22.75,-0.05,0.03,0.08,1
28.69,22.75,-0.05,0.03,0.08,1
28.70,22.75,-0.05,0.03,0.08,1
28.71,22.75,-0.05,0.03,0.08,1
28.72,22.75,-0.05,0.03,0.08,1
28.73,22.75,-0.05,0.03,0.08,1
28.74,22.75,-0.05,0.03,0.08,1
28.75,22.75,-0.05,0.03,0.08,1
28.76,22.75,-0.05,0.03,0.08,1
28.77,22.75,-0.05,0.03,0.08,1
28.78,22.75,-0.05,0.03,0.08,1
28.79,22.75,-0.05,0.03,0.08,1
28.80,22.75,-0.05,0.03,0.08,1
28.81,22.75,-0.05,0.03,0.08,1
28.82,22.75,-0.05,0.03,0.08,1
28.83,22.75,-0.05,0.03,0.08,1
28.84,22.75,-0.05,0.03,0.08,1
28.85,22.75,-0.05,0.03,0.08,1
28.86,22.75,-0.05,0.03,0.08,1
28.87,22.75,-0.05,0.03,0.08,1
28.88,22.75,-0.05,0.03,0.08,1
28.89,22.75,-0.05,0.03,0.08,1
28.90,22.75,-0.05,0.03,0.08,1
28.91,22.75,-0.05,0.03,0.08,1
28.92,22.75,-0.05,0.03,0.08,1
28.93,22.75,-0.05,0.03,0.08,1
28.94,22.75,-0.05,0.03,0.08,1
28.95,22.75,-0.05,0.03,0.08,1
28.96,22.75,-0.05,0.03,0.08,1
28.97,22.75,-0.05,0.03,0.08,1
28.98,22.75,-0.05,0.03,0.08,1
28.99,22.75,-0.05,0.03,0.08,1
29.00,22.75,-0.05,0.03,0.08,1
29.01,22.75,-0.05,0.03,0.08,1
29.02,22.75,-0.05,0.03,0.08,1
29.03,22.75,-0.05,0.03,0.08,1
29.04,22.75,-0.05,0.03,0.08,1
29.05,22.75,-0.05,0.03,0.08,1
29.06,22.75,-0.05,0.03,0.08,1
29.07,22.75,-0.05,0.03,0.08,1
29.08,22.75,-0.05,0.03,0.08,1
29.09,22.75,-0.05,0.03,0.08,1
29.10,22.75,-0.05,0.03,0.08,1
29.11,22.75,-0.05,0.03,0.08,1
29.12,22.75,-0.05,0.03,0.08,1
29.13,22.75,-0.05,0.03,0.08,1
29.14,22.75,-0.05,0.03,0.08,1
29.15,22.75,-0.05,0.03,0.08,1
29.16,22.75,-0.05,0.03,0.08,1
29.17,22.75,-0.05,0.03,0.08,1
29.18,22.75,-0.05,0.03,0.08,1
29.19,22.75,-0.05,0.03,0.08,1
29.20,22.75,-0.05,0.03,0.08,1
29.21,22.75,-0.05,0.03,0.08,1
29.22,22.75,-0.05,0.03,0.08,1
29.23,22.75,-0.05,0.03,0.08,1
29.24,22.75,-0.05,0.03,0.08,1
29.25,22.75,-0.05,0.03,0.08,1
29.26,22.75,-0.05,0.03,0.08,1
29.27,22.75,-0.05,0.03,0.08,1
29.28,22.75,-0.05,0.03,0.08,1
29.29,22.75,-0.05,0.03,0.08,1
29.30,22.75,-0.05,0.03,0.08,1
29.31,22.75,-0.05,0.03,0.08,1
29.32,22.75,-0.05,0.03,0.08,1
29.33,22.75,-0.05,0.03,0.08,1
29.34,22.75,-0.05,0.03,0.08,1
29.35,22.75,-0.05,0.03,0.08,1
29.36,22.75,-0.05,0.03,0.08,1
29.37,22.75,-0.05,0.03,0.08,1
29.38,22.75,-0.05,0.03,0.08,1
29.39,22.75,-0.05,0.03,0.08,1
29.40,22.75,-0.05,0.03,0.08,1
29.41,22.75,-0.05,0.03,0.08,1
29.42,22.75,-0.05,0.03,0.08,1
29.43,22.75,-0.05,0.03,0.08,1
29.44,22.75,-0.05,0.03,0.08,1
29.45,22.75,-0.05,0.03,0.08,1
29.46,22.75,-0.05,0.03,0.08,1
29.47,22.75,-0.05,0.03,0.08,1
29.48,22.75,-0.05,0.03,0.08,1
29.49,22.75,-0.05,0.03,0.08,1
29.50,22.75,-0.05,0.03,0.08,1
29.51,22.75,-0.05,0.03,0.08,1
29.52,22.75,-0.05,0.03,0.08,1
29.53,22.75,-0.05,0.03,0.08,1
29.54,22.75,-0.05,0.03,0.08,1
29.55,22.75,-0.05,0.03,0.08,1
29.56,22.75,-0.05,0.03,0.08,1
29.57,22.75,-0.05,0.03,0.08,1
29.58,22.75,-0.05,0.03,0.08,1
29.59,22.75,-0.05,0.03,0.08,1
29.60,22.75,-0.05,0.03,0.08,1
29.61,22.75,-0.05,0.03,0.08,1
29.62,22.75,-0.05,0.03,0.08,1
29.63,22.75,-0.05,0.03,0.08,1
29.64,22.75,-0.05,0.03,0.08,1
29.65,22.75,-0.05,0.03,0.08,1
29.66,22.75,-0.05,0.03,0.08,1
29.67,22.75,-0.05,0.03,0.08,1
29.68,22.75,-0.05,0.03,0.08,1
29.69,22.75,-0.05,0.03,0.08,1
29.70,22.75,-0.05,0.03,0.08,1
29.71,22.75,-0.05,0.03,0.08,1
29.72,22.75,-0.05,0.03,0.08,1
29.73,22.75,-0.05,0.03,0.08,1
29.74,22.75,-0.05,0.03,0.08,1
29.75,22.75,-0.05,0.03,0.08,1
29.76,22.75,-0.05,0.03,0.08,1
29.77,22.75,-0.05,0.03,0.08,1
29.78,22.75,-0.05,0.03,0.08,1
29.79,22.75,-0.05,0.03,0.08,1
29.80,22.75,-0.05,0.03,0.08,1
29.81,22.75,-0.05,0.03,0.08,1
29.82,22.75,-0.05,0.03,0.08,1
29.83,22.75,-0.05,0.03,0.08,1
29.84,22.75,-0.05,0.03,0.08,1
29.85,22.75,-0.05,0.03,0.08,1
29.86,22.75,-0.05,0.03,0.08,1
29.87,22.75,-0.05,0.03,0.08,1
29.88,22.75,-0.05,0.03,0.08,1
29.89,22.75,-0.05,0.03,0.08,1
29.90,22.75,-0.05,0.03,0.08,1
29.91,22.75,-0.05,0.03,0.08,1
29.92,22.75,-0.05,0.03,0.08,1
29.93,22.75,-0.05,0.03,0.08,1
29.94,22.75,-0.05,0.03,0.08,1
29.95,22.75,-0.05,0.03,0.08,1
29.96,22.75,-0.05,0.03,0.08,1
29.97,22.75,-0.05,0.03,0.08,1
29.98,22.75,-0.05,0.03,0.08,1
29.99,22.75,-0.05,0.03,0.08,1
30.00,22.75,-0.05,0.03,0.08,1
30.01,22.75,-0.05,0.03,0.08,1
30.02,22.75,-0.05,0.03,0.08,1
30.03,22.75,-0.05,0.03,0.08,1
30.04,22.75,-0.05,0.03,0.08,1
30.05,22.75,-0.05,0.03,0.08,1
30.06,22.75,-0.05,0.03,0.08,1
30.07,22.75,-0.05,0.03,0.08,1
30.08,22.75,-0.05,0.03,0.08,1
30.09,22.75,-0.05,0.03,0.08,1
30.10,22.75,-0.05,0.03,0.08,1
30.11,22.75,-0.05,0.03,0.08,1
30.12,22.75,-0.05,0.03,0.08,1
30.13,22.75,-0.05,0.03,0.08,1
30.14,22.75,-0.05,0.03,0.08,1
30.15,22.75,-0.05,0.03,0.08,1
30.16,22.75,-0.05,0.03,0.08,1
30.17,22.75,-0.05,0.03,0.08,1
30.18,22.75,-0.05,0.03,0.08,1
30.19,22.75,-0.05,0.03,0.08,1
30.20,22.75,-0.05,0.03,0.08,1
30.21,22.75,-0.05,0.03,0.08,1
30.22,22.75,-0.05,0.03,0.08,1
30.23,22.75,-0.05,0.03,0.08,1
30.24,22.75,-0.05,0.03,0.08,1
30.25,22.75,-0.05,0.03,0.08,1
30.26,22.75,-0.05,0.03,0.08,1
30.27,22.75,-0.05,0.03,0.08,1
30.28,22.75,-0.05,0.03,0.08,1
30.29,22.75,-0.05,0.03,0.08,1
30.30,22.75,-0.05,0.03,0.08,1
30.31,22.75,-0.05,0.03,0.08,1
30.32,22.75,-0.05,0.03,0.08,1
30.33,22.75,-0.05,0.03,0.08,1
30.34,22.75,-0.05,0.03,0.08,1
30.35,22.75,-0.05,0.03,0.08,1
30.36,22.75,-0.05,0.03,0.08,1
30.37,22.75,-0.05,0.03,0.08,1
30.38,22.75,-0.05,0.03,0.08,1
30.39,22.75,-0.05,0.03,0.08,1
30.40,22.75,-0.05,0.03,0.08,1
30.41,22.75,-0.05,0.03,0.08,1
30.42,22.75,-0.05,0.03,0.08,1
30.43,22.75,-0.05,0.03,0.08,1
30.44,22.75,-0.05,0.03,0.08,1
30.45,22.75,-0.05,0.03,0.08,1
30.46,22.75,-0.05,0.03,0.08,1
30.47,22.75,-0.05,0.03,0.08,1
30.48,22.75,-0.05,0.03,0.08,1
30.49,22.75,-0.05,0.03,0.08,1
30.50,22.75,-0.05,0.03,0.08,1
30.51,22.75,-0.05,0.03,0.08,1
30.52,22.75,-0.05,0.03,0.08,1
30.53,22.75,-0.05,0.03,0.08,1
30.54,22.75,-0.05,0.03,0.08,1
30.55,22.75,-0.05,0.03,0.08,1
30.56,22.75,-0.05,0.03,0.08,1
30.57,22.75,-0.05,0.03,0.08,1
30.58,22.75,-0.05,0.03,0.08,1
30.59,22.75,-0.05,0.03,0.08,1
30.60,22.75,-0.05,0.03,0.08,1
30.61,22.75,-0.05,0.03,0.08,1
30.62,22.75,-0.05,0.03,0.08,1
30.63,22.75,-0.05,0.03,0.08,1
30.64,22.75,-0.05,0.03,0.08,1
30.65,22.75,-0.05,0.03,0.08,1
30.66,22.75,-0.05,0.03,0.08,1
30.67,22.75,-0.05,0.03,0.08,1
30.68,22.75,-0.05,0.03,0.08,1
30.69,22.75,-0.05,0.03,0.08,1
30.70,22.75,-0.05,0.03,0.08,1
30.71,22.75,-0.05,0.03,0.08,1
30.72,22.75,-0.05,0.03,0.08,1
30.73,22.75,-0.05,0.03,0.08,1
30.74,22.75,-0.05,0.03,0.08,1
30.75,22.75,-0.05,0.03,0.08,1
30.76,22.75,-0.05,0.03,0.08,1
30.77,22.75,-0.05,0.03,0.08,1
30.78,22.75,-0.05,0.03,0.08,1
30.79,22.75,-0.05,0.03,0.08,1
30.80,22.75,-0.05,0.03,0.08,1
30.81,22.75,-0.05,0.03,0.08,1
30.82,22.75,-0.05,0.03,0.08,1
30.83,22.75,-0.05,0.03,0.08,1
30.84,22.75,-0.05,0.03,0.08,1
30.85,22.75,-0.05,0.03,0.08,1
30.86,22.75,-0.05,0.03,0.08,1
30.87,22.75,-0.05,0.03,0.08,1
30.88,22.75,-0.05,0.03,0.08,1
30.89,22.75,-0.05,0.03,0.08,1
30.90,22.75,-0.05,0.03,0.08,1
30.91,22.75,-0.05,0.03,0.08,1
30.92,22.75,-0.05,0.03,0.08,1
30.93,22.75,-0.05,0.03,0.08,1
30.94,22.75,-0.05,0.03,0.08,1
30.95,22.75,-0.05,0.03,0.08,1
30.96,22.75,-0.05,0.03,0.08,1
30.97,22.75,-0.05,0.03,0.08,1
30.98,22.75,-0.05,0.03,0.08,1
30.99,22.75,-0.05,0.03,0.08,1
31.00,22.75,-0.05,0.03,0.08,1
31.01,22.75,-0.05,0.03,0.08,1
31.02,22.75,-0.05,0.03,0.08,1
31.03,22.75,-0.05,0.03,0.08,1
31.04,22.75,-0.05,0.03,0.08,1
31.05,22.75,-0.05,0.03,0.08,1
31.06,22.75,-0.05,0.03,0.08,1
31.07,22.75,-0.05,0.03,0.08,1
31.08,22.75,-0.05,0.03,0.08,1
31.09,22.75,-0.05,0.03,0.08,1
31.10,22.75,-0.05,0.03,0.08,1
31.11,22.75,-0.05,0.03,0.08,1
31.12,22.75,-0.05,0.03,0.08,1
31.13,22.75,-0.05,0.03,0.08,1
31.14,22.75,-0.05,0.03,0.08,1
31.15,22.75,-0.05,0.03,0.08,1
31.16,22.75,-0.05,0.03,0.08,1
31.17,22.75,-0.05,0.03,0.08,1
31.18,22.75,-0.05,0.03,0.08,1
31.19,22.75,-0.05,0.03,0.08,1
31.20,22.75,-0.05,0.03,0.08,1
31.21,22.75,-0.05,0.03,0.08,1
31.22,22.75,-0.05,0.03,0.08,1
31.23,22.75,-0.05,0.03,0.08,1
31.24,22.75,-0.05,0.03,0.08,1
31.25,22.75,-0.05,0.03,0.08,1
31.26,22.75,-0.05,0.03,0.08,1
31.27,22.75,-0.05,0.03,0.08,1
31.28,22.75,-0.05,0.03,0.08,1
31.29,22.75,-0.05,0.03,0.08,1
31.30,22.75,-0.05,0.03,0.08,1
31.31,22.75,-0.05,0.03,0.08,1
31.32,22.75,-0.05,0.03,0.08,1
31.33,22.75,-0.05,0.03,0.08,1
31.34,22.75,-0.05,0.03,0.08,1
31.35,22.75,-0.05,0.03,0.08,1
31.36,22.75,-0.05,0.03,0.08,1
31.37,22.75,-0.05,0.03,0.08,1
31.38,22.75,-0.05,0.03,0.08,1
31.39,22.75,-0.05,0.03,0.08,1
31.40,22.75,-0.05,0.03,0.08,1
31.41,22.75,-0.05,0.03,0.08,1
31.42,22.75,-0.05,0.03,0.08,1
31.43,22.75,-0.05,0.03,0.08,1
31.44,22.75,-0.05,0.03,0.08,1
31.45,22.75,-0.05,0.03,0.08,1
31.46,22.75,-0.05,0.03,0.08,1
31.47,22.75,-0.05,0.03,0.08,1
31.48,22.75,-0.05,0.03,0.08,1
31.49,22.75,-0.05,0.03,0.08,1
31.50,22.75,-0.05,0.03,0.08,1
31.51,22.75,-0.05,0.03,0.08,1
31.52,22.75,-0.05,0.03,0.08,1
31.53,22.75,-0.05,0.03,0.08,1
31.54,22.75,-0.05,0.03,0.08,1
31.55,22.75,-0.05,0.03,0.08,1
31.56,22.75,-0.05,0.03,0.08,1
31.57,22.75,-0.05,0.03,0.08,1
31.58,22.75,-0.05,0.03,0.08,1
31.59,22.75,-0.05,0.03,0.08,1
31.60,22.75,-0.05,0.03,0.08,1
31.61,22.75,-0.05,0.03,0.08,1
31.62,22.75,-0.05,0.03,0.08,1
31.63,22.75,-0.05,0.03,0.08,1
31.64,22.75,-0.05,0.03,0.08,1
31.65,22.75,-0.05,0.03,0.08,1
31.66,22.75,-0.05,0.03,0.08,1
31.67,22.75,-0.05,0.03,0.08,1
31.68,22.75,-0.05,0.03,0.08,1
31.69,22.75,-0.05,0.03,0.08,1
31.70,22.75,-0.05,0.03,0.08,1
31.71,22.75,-0.05,0.03,0.08,1
31.72,22.75,-0.05,0.03,0.08,1
31.73,22.75,-0.05,0.03,0.08,1
31.74,22.75,-0.05,0.03,0.08,1
31.75,22.75,-0.05,0.03,0.08,1
31.76,22.75,-0.05,0.03,0.08,1
31.77,22.75,-0.05,0.03,0.08,1
31.78,22.75,-0.05,0.03,0.08,1
31.79,22.75,-0.05,0.03,0.08,1
31.80,22.75,-0.05,0.03,0.08,1
31.81,22.75,-0.05,0.03,0.08,1
31.82,22.75,-0.05,0.03,0.08,1
31.83,22.75,-0.05,0.03,0.08,1
31.84,22.75,-0.05,0.03,0.08,1
31.85,22.75,-0.05,0.03,0.08,1
31.86,22.75,-0.05,0.03,0.08,1
31.87,22.75,-0.05,0.03,0.08,1
31.88,22.75,-0.05,0.03,0.08,1
31.89,22.75,-0.05,0.03,0.08,1
31.90,22.75,-0.05,0.03,0.08,1
31.91,22.75,-0.05,0.03,0.08,1
31.92,22.75,-0.05,0.03,0.08,1
31.93,22.75,-0.05,0.03,0.08,1
31.94,22.75,-0.05,0.03,0.08,1
31.95,22.75,-0.05,0.03,0.08,1
31.96,22.75,-0.05,0.03,0.08,1
31.97,22.75,-0.05,0.03,0.08,1
31.98,22.75,-0.05,0.03,0.08,1
31.99,22.75,-0.05,0.03,0.08,1
32.00,22.75,-0.05,0.03,0.08,1
32.01,22.75,-0.05,0.03,0.08,1
32.02,22.75,-0.05,0.03,0.08,1
32.03,22.75,-0.05,0.03,0.08,1
32.04,22.75,-0.05,0.03,0.08,1
32.05,22.75,-0.05,0.03,0.08,1
32.06,22.75,-0.05,0.03,0.08,1
32.07,22.75,-0.05,0.03,0.08,1
32.08,22.75,-0.05,0.03,0.08,1
32.09,22.75,-0.05,0.03,0.08,1
32.10,22.75,-0.05,0.03,0.08,1
32.11,22.75,-0.05,0.03,0.08,1
32.12,22.75,-0.05,0.03,0.08,1
32.13,22.75,-0.05,0.03,0.08,1
32.14,22.75,-0.05,0.03,0.08,1
32.15,22.75,-0.05,0.03,0.08,1
32.16,22.75,-0.05,0.03,0.08,1
32.17,22.75,-0.05,0.03,0.08,1
32.18,22.75,-0.05,0.03,0.08,1
32.19,22.75,-0.05,0.03,0.08,1
32.20,22.75,-0.05,0.03,0.08,1
32.21,22.75,-0.05,0.03,0.08,1
32.22,22.75,-0.05,0.03,0.08,1
32.23,22.75,-0.05,0.03,0.08,1
32.24,22.75,-0.05,0.03,0.08,1
32.25,22.75,-0.05,0.03,0.08,1
32.26,22.75,-0.05,0.03,0.08,1
32.27,22.75,-0.05,0.03,0.08,1
32.28,22.75,-0.05,0.03,0.08,1
32.29,22.75,-0.05,0.03,0.08,1
32.30,22.75,-0.05,0.03,0.08,1
32.31,22.75,-0.05,0.03,0.08,1
32.32,22.75,-0.05,0.03,0.08,1
32.33,22.75,-0.05,0.03,0.08,1
32.34,22.75,-0.05,0.03,0.08,1
32.35,22.75,-0.05,0.03,0.08,1
32.36,22.75,-0.05,0.03,0.08,1
32.37,22.75,-0.05,0.03,0.08,1
32.38,22.75,-0.05,0.03,0.08,1
32.39,22.75,-0.05,0.03,0.08,1
32.40,22.75,-0.05,0.03,0.08,1
32.41,22.75,-0.05,0.03,0.08,1
32.42,22.75,-0.05,0.03,0.08,1
32.43,22.75,-0.05,0.03,0.08,1
32.44,22.75,-0.05,0.03,0.08,1
32.45,22.75,-0.05,0.03,0.08,1
32.46,22.75,-0.05,0.03,0.08,1
32.47,22.75,-0.05,0.03,0.08,1
32.48,22.75,-0.05,0.03,0.08,1
32.49,22.75,-0.05,0.03,0.08,1
32.50,22.75,-0.05,0.03,0.08,1
32.51,22.75,-0.05,0.03,0.08,1
32.52,22.75,-0.05,0.03,0.08,1
32.53,22.75,-0.05,0.03,0.08,1
32.54,22.75,-0.05,0.03,0.08,1
32.55,22.75,-0.05,0.03,0.08,1
32.56,22.75,-0.05,0.03,0.08,1
32.57,22.75,-0.05,0.03,0.08,1
32.58,22.75,-0.05,0.03,0.08,1
32.59,22.75,-0.05,0.03,0.08,1
32.60,22.75,-0.05,0.03,0.08,1
32.61,22.75,-0.05,0.03,0.08,1
32.62,22.75,-0.05,0.03,0.08,1
32.63,22.75,-0.05,0.03,0.08,1
32.64,22.75,-0.05,0.03,0.08,1
32.65,22.75,-0.05,0.03,0.08,1
32.66,22.75,-0.05,0.03,0.08,1
32.67,22.75,-0.05,0.03,0.08,1
32.68,22.75,-0.05,0.03,0.08,1
32.69,22.75,-0.05,0.03,0.08,1
32.70,22.75,-0.05,0.03,0.08,1
32.71,22.75,-0.05,0.03,0.08,1
32.72,22.75,-0.05,0.03,0.08,1
32.73,22.75,-0.05,0.03,0.08,1
32.74,22.75,-0.05,0.03,0.08,1
32.75,22.75,-0.05,0.03,0.08,1
32.76,22.75,-0.05,0.03,0.08,1
32.77,22.75,-0.05,0.03,0.08,1
32.78,22.75,-0.05,0.03,0.08,1
32.79,22.75,-0.05,0.03,0.08,1
32.80,22.75,-0.05,0.03,0.08,1
32.81,22.75,-0.05,0.03,0.08,1
32.82,22.75,-0.05,0.03,0.08,1
32.83,22.75,-0.05,0.03,0.08,1
32.84,22.75,-0.05,0.03,0.08,1
32.85,22.75,-0.05,0.03,0.08,1
32.86,22.75,-0.05,0.03,0.08,1
32.87,22.75,-0.05,0.03,0.08,1
32.88,22.75,-0.05,0.03,0.08,1
32.89,22.75,-0.05,0.03,0.08,1
32.90,22.75,-0.05,0.03,0.08,1
32.91,22.75,-0.05,0.03,0.08,1
32.92,22.75,-0.05,0.03,0.08,1
32.93,22.75,-0.05,0.03,0.08,1
32.94,22.75,-0.05,0.03,0.08,1
32.95,22.75,-0.05,0.03,0.08,1
32.96,22.75,-0.05,0.03,0.08,1
32.97,22.75,-0.05,0.03,0.08,1
32.98,22.75,-0.05,0.03,0.08,1
32.99,22.75,-0.05,0.03,0.08,1
33.00,22.75,-0.05,0.03,0.08,1
33.01,22.75,-0.05,0.03,0.08,1
33.02,22.75,-0.05,0.03,0.08,1
33.03,22.75,-0.05,0.03,0.08,1
33.04,22.75,-0.05,0.03,0.08,1
33.05,22.75,-0.05,0.03,0.08,1
33.06,22.75,-0.05,0.03,0.08,1
33.07,22.75,-0.05,0.03,0.08,1
33.08,22.75,-0.05,0.03,0.08,1
33.09,22.75,-0.05,0.03,0.08,1
33.10,22.75,-0.05,0.03,0.08,1
33.11,22.75,-0.05,0.03,0.08,1
33.12,22.75,-0.05,0.03,0.08,1
33.13,22.75,-0.05,0.03,0.08,1
33.14,22.75,-0.05,0.03,0.08,1
33.15,22.75,-0.05,0.03,0.08,1
33.16,22.75,-0.05,0.03,0.08,1
33.17,22.75,-0.05,0.03,0.08,1
33.18,22.75,-0.05,0.03,0.08,1
33.19,22.75,-0.05,0.03,0.08,1
33.20,22.75,-0.05,0.03,0.08,1
33.21,22.75,-0.05,0.03,0.08,1
33.22,22.75,-0.05,0.03,0.08,1
33.23,22.75,-0.05,0.03,0.08,1
33.24,22.75,-0.05,0.03,0.08,1
33.25,22.75,-0.05,0.03,0.08,1
33.26,22.75,-0.05,0.03,0.08,1
33.27,22.75,-0.05,0.03,0.08,1
33.28,22.75,-0.05,0.03,0.08,1
33.29,22.75,-0.05,0.03,0.08,1
33.30,22.75,-0.05,0.03,0.08,1
33.31,22.75,-0.05,0.03,0.08,1
33.32,22.75,-0.05,0.03,0.08,1
33.33,22.75,-0.05,0.03,0.08,1
33.34,22.75,-0.05,0.03,0.08,1
33.35,22.75,-0.05,0.03,0.08,1
33.36,22.75,-0.05,0.03,0.08,1
33.37,22.75,-0.05,0.03,0.08,1
33.38,22.75,-0.05,0.03,0.08,1
33.39,22.75,-0.05,0.03,0.08,1
33.40,22.75,-0.05,0.03,0.08,1
33.41,22.75,-0.05,0.03,0.08,1
33.42,22.75,-0.05,0.03,0.08,1
33.43,22.75,-0.05,0.03,0.08,1
33.44,22.75,-0.05,0.03,0.08,1
33.45,22.75,-0.05,0.03,0.08,1
33.46,22.75,-0.05,0.03,0.08,1
33.47,22.75,-0.05,0.03,0.08,1
33.48,22.75,-0.05,0.03,0.08,1
33.49,22.75,-0.05,0.03,0.08,1
33.50,22.75,-0.05,0.03,0.08,1
33.51,22.75,-0.05,0.03,0.08,1
33.52,22.75,-0.05,0.03,0.08,1
33.53,22.75,-0.05,0.03,0.08,1
33.54,22.75,-0.05,0.03,0.08,1
33.55,22.75,-0.05,0.03,0.08,1
33.56,22.75,-0.05,0.03,0.08,1
33.57,22.75,-0.05,0.03,0.08,1
33.58,22.75,-0.05,0.03,0.08,1
33.59,22.75,-0.05,0.03,0.08,1
33.60,22.75,-0.05,0.03,0.08,1
33.61,22.75,-0.05,0.03,0.08,1
33.62,22.75,-0.05,0.03,0.08,1
33.63,22.75,-0.05,0.03,0.08,1
33.64,22.75,-0.05,0.03,0.08,1
33.65,22.75,-0.05,0.03,0.08,1
33.66,22.75,-0.05,0.03,0.08,1
33.67,22.75,-0.05,0.03,0.08,1
33.68,22.75,-0.05,0.03,0.08,1
33.69,22.75,-0.05,0.03,0.08,1
33.70,22.75,-0.05,0.03,0.08,1
33.71,22.75,-0.05,0.03,0.08,1
33.72,22.75,-0.05,0.03,0.08,1
33.73,22.75,-0.05,0.03,0.08,1
33.74,22.75,-0.05,0.03,0.08,1
33.75,22.75,-0.05,0.03,0.08,1
33.76,22.75,-0.05,0.03,0.08,1
33.77,22.75,-0.05,0.03,0.08,1
33.78,22.75,-0.05,0.03,0.08,1
33.79,22.75,-0.05,0.03,0.08,1
33.80,22.75,-0.05,0.03,0.08,1
33.81,22.75,-0.05,0.03,0.08,1
33.82,22.75,-0.05,0.03,0.08,1
33.83,22.75,-0.05,0.03,0.08,1
33.84,22.75,-0.05,0.03,0.08,1
33.85,22.75,-0.05,0.03,0.08,1
33.86,22.75,-0.05,0.03,0.08,1
33.87,22.75,-0.05,0.03,0.08,1
33.88,22.75,-0.05,0.03,0.08,1
33.89,22.75,-0.05,0.03,0.08,1
33.90,22.75,-0.05,0.03,0.08,1
33.91,22.75,-0.05,0.03,0.08,1
33.92,22.75,-0.05,0.03,0.08,1
33.93,22.75,-0.05,0.03,0.08,1
33.94,22.75,-0.05,0.03,0.08,1
33.95,22.75,-0.05,0.03,0.08,1
33.96,22.75,-0.05,0.03,0.08,1
33.97,22.75,-0.05,0.03,0.08,1
33.98,22.75,-0.05,0.03,0.08,1
33.99,22.75,-0.05,0.03,0.08,1
34.00,22.75,-0.05,0.03,0.08,1
34.01,22.75,-0.05,0.03,0.08,1
34.02,22.75,-0.05,0.03,0.08,1
34.03,22.75,-0.05,0.03,0.08,1
34.04,22.75,-0.05,0.03,0.08,1
34.05,22.75,-0.05,0.03,0.08,1
34.06,22.75,-0.05,0.03,0.08,1
34.07,22.75,-0.05,0.03,0.08,1
34.08,22.75,-0.05,0.03,0.08,1
34.09,22.75,-0.05,0.03,0.08,1
34.10,22.75,-0.05,0.03,0.08,1
34.11,22.75,-0.05,0.03,0.08,1
34.12,22.75,-0.05,0.03,0.08,1
34.13,22.75,-0.05,0.03,0.08,1
34.14,22.75,-0.05,0.03,0.08,1
34.15,22.75,-0.05,0.03,0.08,1
34.16,22.75,-0.05,0.03,0.08,1
34.17,22.75,-0.05,0.03,0.08,1
34.18,22.75,-0.05,0.03,0.08,1
34.19,22.75,-0.05,0.03,0.08,1
34.20,22.75,-0.05,0.03,0.08,1
34.21,22.75,-0.05,0.03,0.08,1
34.22,22.75,-0.05,0.03,0.08,1
34.23,22.75,-0.05,0.03,0.08,1
34.24,22.75,-0.05,0.03,0.08,1
34.25,22.75,-0.05,0.03,0.08,1
34.26,22.75,-0.05,0.03,0.08,1
34.27,22.75,-0.05,0.03,0.08,1
34.28,22.75,-0.05,0.03,0.08,1
34.29,22.75,-0.05,0.03,0.08,1
34.30,22.75,-0.05,0.03,0.08,1
34.31,22.75,-0.05,0.03,0.08,1
34.32,22.75,-0.05,0.03,0.08,1
34.33,22.75,-0.05,0.03,0.08,1
34.34,22.75,-0.05,0.03,0.08,1
34.35,22.75,-0.05,0.03,0.08,1
34.36,22.75,-0.05,0.03,0.08,1
34.37,22.75,-0.05,0.03,0.08,1
34.38,22.75,-0.05,0.03,0.08,1
34.39,22.75,-0.05,0.03,0.08,1
34.40,22.75,-0.05,0.03,0.08,1
34.41,22.75,-0.05,0.03,0.08,1
34.42,22.75,-0.05,0.03,0.08,1
34.43,22.75,-0.05,0.03,0.08,1
34.44,22.75,-0.05,0.03,0.08,1
34.45,22.75,-0.05,0.03,0.08,1
34.46,22.75,-0.05,0.03,0.08,1
34.47,22.75,-0.05,0.03,0.08,1
34.48,22.75,-0.05,0.03,0.08,1
34.49,22.75,-0.05,0.03,0.08,1
34.50,22.75,-0.05,0.03,0.08,1
34.51,22.75,-0.05,0.03,0.08,1
34.52,22.75,-0.05,0.03,0.08,1
34.53,22.75,-0.05,0.03,0.08,1
34.54,22.75,-0.05,0.03,0.08,1
34.55,22.75,-0.05,0.03,0.08,1
34.56,22.75,-0.05,0.03,0.08,1
34.57,22.75,-0.05,0.03,0.08,1
34.58,22.75,-0.05,0.03,0.08,1
34.59,22.75,-0.05,0.03,0.08,1
34.60,22.75,-0.05,0.03,0.08,1
34.61,22.75,-0.05,0.03,0.08,1
34.62,22.75,-0.05,0.03,0.08,1
34.63,22.75,-0.05,0.03,0.08,1
34.64,22.75,-0.05,0.03,0.08,1
34.65,22.75,-0.05,0.03,0.08,1
34.66,22.75,-0.05,0.03,0.08,1
34.67,22.75,-0.05,0.03,0.08,1
34.68,22.75,-0.05,0.03,0.08,1
34.69,22.75,-0.05,0.03,0.08,1
34.70,22.75,-0.05,0.03,0.08,1
34.71,22.75,-0.05,0.03,0.08,1
34.72,22.75,-0.05,0.03,0.08,1
34.73,22.75,-0.05,0.03,0.08,1
34.74,22.75,-0.05,0.03,0.08,1
34.75,22.75,-0.05,0.03,0.08,1
34.76,22.75,-0.05,0.03,0.08,1
34.77,22.75,-0.05,0.03,0.08,1
34.78,22.75,-0.05,0.03,0.08,1
34.79,22.75,-0.05,0.03,0.08,1
34.80,22.75,-0.05,0.03,0.08,1
34.81,22.75,-0.05,0.03,0.08,1
34.82,22.75,-0.05,0.03,0.08,1
34.83,22.75,-0.05,0.03,0.08,1
34.84,22.75,-0.05,0.03,0.08,1
34.85,22.75,-0.05,0.03,0.08,1
34.86,22.75,-0.05,0.03,0.08,1
34.87,22.75,-0.05,0.03,0.08,1
34.88,22.75,-0.05,0.03,0.08,1
34.89,22.75,-0.05,0.03,0.08,1
34.90,22.75,-0.05,0.03,0.08,1
34.91,22.75,-0.05,0.03,0.08,1
34.92,22.75,-0.05,0.03,0.08,1
34.93,22.75,-0.05,0.03,0.08,1
34.94,22.75,-0.05,0.03,0.08,1
34.95,22.75,-0.05,0.03,0.08,1
34.96,22.75,-0.05,0.03,0.08,1
34.97,22.75,-0.05,0.03,0.08,1
34.98,22.75,-0.05,0.03,0.08,1
34.99,22.75,-0.05,0.03,0.08,1
35.00,22.75,-0.05,0.03,0.08,1
35.01,22.75,-0.05,0.03,0.08,1
35.02,22.75,-0.05,0.03,0.08,1
35.03,22.75,-0.05,0.03,0.08,1
35.04,22.75,-0.05,0.03,0.08,1
35.05,22.75,-0.05,0.03,0.08,1
35.06,22.75,-0.05,0.03,0.08,1
35.07,22.75,-0.05,0.03,0.08,1
35.08,22.75,-0.05,0.03,0.08,1
35.09,22.75,-0.05,0.03,0.08,1
35.10,22.75,-0.05,0.03,0.08,1
35.11,22.75,-0.05,0.03,0.08,1
35.12,22.75,-0.05,0.03,0.08,1
35.13,22.75,-0.05,0.03,0.08,1
35.14,22.75,-0.05,0.03,0.08,1
35.15,22.75,-0.05,0.03,0.08,1
35.16,22.75,-0.05,0.03,0.08,1
35.17,22.75,-0.05,0.03,0.08,1
35.18,22.75,-0.05,0.03,0.08,1
35.19,22.75,-0.05,0.03,0.08,1
35.20,22.75,-0.05,0.03,0.08,1
35.21,22.75,-0.05,0.03,0.08,1
35.22,22.75,-0.05,0.03,0.08,1
35.23,22.75,-0.05,0.03,0.08,1
35.24,22.75,-0.05,0.03,0.08,1
35.25,22.75,-0.05,0.03,0.08,1
35.26,22.75,-0.05,0.03,0.08,1
35.27,22.75,-0.05,0.03,0.08,1
35.28,22.75,-0.05,0.03,0.08,1
35.29,22.75,-0.05,0.03,0.08,1
35.30,22.75,-0.05,0.03,0.08,1
35.31,22.75,-0.05,0.03,0.08,1
35.32,22.75,-0.05,0.03,0.08,1
35.33,22.75,-0.05,0.03,0.08,1
35.34,22.75,-0.05,0.03,0.08,1
35.35,22.75,-0.05,0.03,0.08,1
35.36,22.75,-0.05,0.03,0.08,1
35.37,22.75,-0.05,0.03,0.08,1
35.38,22.75,-0.05,0.03,0.08,1
35.39,22.75,-0.05,0.03,0.08,1
35.40,22.75,-0.05,0.03,0.08,1
35.41,22.75,-0.05,0.03,0.08,1
35.42,22.75,-0.05,0.03,0.08,1
35.43,22.75,-0.05,0.03,0.08,1
35.44,22.75,-0.05,0.03,0.08,1
35.45,22.75,-0.05,0.03,0.08,1
35.46,22.75,-0.05,0.03,0.08,1
35.47,22.75,-0.05,0.03,0.08,1
35.48,22.75,-0.05,0.03,0.08,1
35.49,22.75,-0.05,0.03,0.08,1
35.50,22.75,-0.05,0.03,0.08,1
35.51,22.75,-0.05,0.03,0.08,1
35.52,22.75,-0.05,0.03,0.08,1
35.53,22.75,-0.05,0.03,0.08,1
35.54,22.75,-0.05,0.03,0.08,1
35.55,22.75,-0.05,0.03,0.08,1
35.56,22.75,-0.05,0.03,0.08,1
35.57,22.75,-0.05,0.03,0.08,1
35.58,22.75,-0.05,0.03,0.08,1
35.59,22.75,-0.05,0.03,0.08,1
35.60,22.75,-0.05,0.03,0.08,1
35.61,22.75,-0.05,0.03,0.08,1
35.62,22.75,-0.05,0.03,0.08,1
35.63,22.75,-0.05,0.03,0.08,1
35.64,22.75,-0.05,0.03,0.08,1
35.65,22.75,-0.05,0.03,0.08,1
35.66,22.75,-0.05,0.03,0.08,1
35.67,22.75,-0.05,0.03,0.08,1
35.68,22.75,-0.05,0.03,0.08,1
35.69,22.75,-0.05,0.03,0.08,1
35.70,22.75,-0.05,0.03,0.08,1
35.71,22.75,-0.05,0.03,0.08,1
35.72,22.75,-0.05,0.03,0.08,1
35.73,22.75,-0.05,0.03,0.08,1
35.74,22.75,-0.05,0.03,0.08,1
35.75,22.75,-0.05,0.03,0.08,1
35.76,22.75,-0.05,0.03,0.08,1
35.77,22.75,-0.05,0.03,0.08,1
35.78,22.75,-0.05,0.03,0.08,1
35.79,22.75,-0.05,0.03,0.08,1
35.80,22.75,-0.05,0.03,0.08,1
35.81,22.75,-0.05,0.03,0.08,1
35.82,22.75,-0.05,0.03,0.08,1
35.83,22.75,-0.05,0.03,0.08,1
35.84,22.75,-0.05,0.03,0.08,1
35.85,22.75,-0.05,0.03,0.08,1
35.86,22.75,-0.05,0.03,0.08,1
35.87,22.75,-0.05,0.03,0.08,1
35.88,22.75,-0.05,0.03,0.08,1
35.89,22.75,-0.05,0.03,0.08,1
35.90,22.75,-0.05,0.03,0.08,1
35.91,22.75,-0.05,0.03,0.08,1
35.92,22.75,-0.05,0.03,0.08,1
35.93,22.75,-0.05,0.03,0.08,1
35.94,22.75,-0.05,0.03,0.08,1
35.95,22.75,-0.05,0.03,0.08,1
35.96,22.75,-0.05,0.03,0.08,1
35.97,22.75,-0.05,0.03,0.08,1
35.98,22.75,-0.05,0.03,0.08,1
35.99,22.75,-0.05,0.03,0.08,1
36.00,22.75,-0.05,0.03,0.08,1
36.01,22.75,-0.05,0.03,0.08,1
36.02,22.75,-0.05,0.03,0.08,1
36.03,22.75,-0.05,0.03,0.08,1
36.04,22.75,-0.05,0.03,0.08,1
36.05,22.75,-0.05,0.03,0.08,1
36.06,22.75,-0.05,0.03,0.08,1
36.07,22.75,-0.05,0.03,0.08,1
36.08,22.75,-0.05,0.03,0.08,1
36.09,22.75,-0.05,0.03,0.08,1
36.10,22.75,-0.05,0.03,0.08,1
36.11,22.75,-0.05,0.03,0.08,1
36.12,22.75,-0.05,0.03,0.08,1
36.13,22.75,-0.05,0.03,0.08,1
36.14,22.75,-0.05,0.03,0.08,1
36.15,22.75,-0.05,0.03,0.08,1
36.16,22.75,-0.05,0.03,0.08,1
36.17,22.75,-0.05,0.03,0.08,1
36.18,22.75,-0.05,0.03,0.08,1
36.19,22.75,-0.05,0.03,0.08,1
36.20,22.75,-0.05,0.03,0.08,1
36.21,22.75,-0.05,0.03,0.08,1
36.22,22.75,-0.05,0.03,0.08,1
36.23,22.75,-0.05,0.03,0.08,1
36.24,22.75,-0.05,0.03,0.08,1
36.25,22.75,-0.05,0.03,0.08,1
36.26,22.75,-0.05,0.03,0.08,1
36.27,22.75,-0.05,0.03,0.08,1
36.28,22.75,-0.05,0.03,0.08,1
36.29,22.75,-0.05,0.03,0.08,1
36.30,22.75,-0.05,0.03,0.08,1
36.31,22.75,-0.05,0.03,0.08,1
36.32,22.75,-0.05,0.03,0.08,1
36.33,22.75,-0.05,0.03,0.08,1
36.34,22.75,-0.05,0.03,0.08,1
36.35,22.75,-0.05,0.03,0.08,1
36.36,22.75,-0.05,0.03,0.08,1
36.37,22.75,-0.05,0.03,0.08,1
36.38,22.75,-0.05,0.03,0.08,1
36.39,22.75,-0.05,0.03,0.08,1
36.40,22.75,-0.05,0.03,0.08,1
36.41,22.75,-0.05,0.03,0.08,1
36.42,22.75,-0.05,0.03,0.08,1
36.43,22.75,-0.05,0.03,0.08,1
36.44,22.75,-0.05,0.03,0.08,1
36.45,22.75,-0.05,0.03,0.08,1
36.46,22.75,-0.05,0.03,0.08,1
36.47,22.75,-0.05,0.03,0.08,1
36.48,22.75,-0.05,0.03,0.08,1
36.49,22.75,-0.05,0.03,0.08,1
36.50,22.75,-0.05,0.03,0.08,1
36.51,22.75,-0.05,0.03,0.08,1
36.52,22.75,-0.05,0.03,0.08,1
36.53,22.75,-0.05,0.03,0.08,1
36.54,22.75,-0.05,0.03,0.08,1
36.55,22.75,-0.05,0.03,0.08,1
36.56,22.75,-0.05,0.03,0.08,1
36.57,22.75,-0.05,0.03,0.08,1
36.58,22.75,-0.05,0.03,0.08,1
36.59,22.75,-0.05,0.03,0.08,1
36.60,22.75,-0.05,0.03,0.08,1
36.61,22.75,-0.05,0.03,0.08,1
36.62,22.75,-0.05,0.03,0.08,1
36.63,22.75,-0.05,0.03,0.08,1
36.64,22.75,-0.05,0.03,0.08,1
36.65,22.75,-0.05,0.03,0.08,1
36.66,22.75,-0.05,0.03,0.08,1
36.67,22.75,-0.05,0.03,0.08,1
36.68,22.75,-0.05,0.03,0.08,1
36.69,22.75,-0.05,0.03,0.08,1
36.70,22.75,-0.05,0.03,0.08,1
36.71,22.75,-0.05,0.03,0.08,1
36.72,22.75,-0.05,0.03,0.08,1
36.73,22.75,-0.05,0.03,0.08,1
36.74,22.75,-0.05,0.03,0.08,1
36.75,22.75,-0.05,0.03,0.08,1
36.76,22.75,-0.05,0.03,0.08,1
36.77,22.75,-0.05,0.03,0.08,1
36.78,22.75,-0.05,0.03,0.08,1
36.79,22.75,-0.05,0.03,0.08,1
36.80,22.75,-0.05,0.03,0.08,1
36.81,22.75,-0.05,0.03,0.08,1
36.82,22.75,-0.05,0.03,0.08,1
36.83,22.75,-0.05,0.03,0.08,1
36.84,22.75,-0.05,0.03,0.08,1
36.85,22.75,-0.05,0.03,0.08,1
36.86,22.75,-0.05,0.03,0.08,1
36.87,22.75,-0.05,0.03,0.08,1
36.88,22.75,-0.05,0.03,0.08,1
36.89,22.75,-0.05,0.03,0.08,1
36.90,22.75,-0.05,0.03,0.08,1
36.91,22.75,-0.05,0.03,0.08,1
36.92,22.75,-0.05,0.03,0.08,1
36.93,22.75,-0.05,0.03,0.08,1
36.94,22.75,-0.05,0.03,0.08,1
36.95,22.75,-0.05,0.03,0.08,1
36.96,22.75,-0.05,0.03,0.08,1
36.97,22.75,-0.05,0.03,0.08,1
36.98,22.75,-0.05,0.03,0.08,1
36.99,22.75,-0.05,0.03,0.08,1
37.00,22.75,-0.05,0.03,0.08,1
37.01,22.75,-0.05,0.03,0.08,1
37.02,22.75,-0.05,0.03,0.08,1
37.03,22.75,-0.05,0.03,0.08,1
37.04,22.75,-0.05,0.03,0.08,1
37.05,22.75,-0.05,0.03,0.08,1
37.06,22.75,-0.05,0.03,0.08,1
37.07,22.75,-0.05,0.03,0.08,1
37.08,22.75,-0.05,0.03,0.08,1
37.09,22.75,-0.05,0.03,0.08,1
37.10,22.75,-0.05,0.03,0.08,1
37.11,22.75,-0.05,0.03,0.08,1
37.12,22.75,-0.05,0.03,0.08,1
37.13,22.75,-0.05,0.03,0.08,1
37.14,22.75,-0.05,0.03,0.08,1
37.15,22.75,-0.05,0.03,0.08,1
37.16,22.75,-0.05,0.03,0.08,1
37.17,22.75,-0.05,0.03,0.08,1
37.18,22.75,-0.05,0.03,0.08,1
37.19,22.75,-0.05,0.03,0.08,1
37.20,22.75,-0.05,0.03,0.08,1
37.21,22.75,-0.05,0.03,0.08,1
37.22,22.75,-0.05,0.03,0.08,1
37.23,22.75,-0.05,0.03,0.08,1
37.24,22.75,-0.05,0.03,0.08,1
37.25,22.75,-0.05,0.03,0.08,1
37.26,22.75,-0.05,0.03,0.08,1
37.27,22.75,-0.05,0.03,0.08,1
37.28,22.75,-0.05,0.03,0.08,1
37.29,22.75,-0.05,0.03,0.08,1
37.30,22.75,-0.05,0.03,0.08,1
37.31,22.75,-0.05,0.03,0.08,1
37.32,22.75,-0.05,0.03,0.08,1
37.33,22.75,-0.05,0.03,0.08,1
37.34,22.75,-0.05,0.03,0.08,1
37.35,22.75,-0.05,0.03,0.08,1
37.36,22.75,-0.05,0.03,0.08,1
37.37,22.75,-0.05,0.03,0.08,1
37.38,22.75,-0.05,0.03,0.08,1
37.39,22.75,-0.05,0.03,0.08,1
37.40,22.75,-0.05,0.03,0.08,1
37.41,22.75,-0.05,0.03,0.08,1
37.42,22.75,-0.05,0.03,0.08,1
37.43,22.75,-0.05,0.03,0.08,1
37.44,22.75,-0.05,0.03,0.08,1
37.45,22.75,-0.05,0.03,0.08,1
37.46,22.75,-0.05,0.03,0.08,1
37.47,22.75,-0.05,0.03,0.08,1
37.48,22.75,-0.05,0.03,0.08,1
37.49,22.75,-0.05,0.03,0.08,1
37.50,22.75,-0.05,0.03,0.08,1
37.51,22.75,-0.05,0.03,0.08,1
37.52,22.75,-0.05,0.03,0.08,1
37.53,22.75,-0.05,0.03,0.08,1
37.54,22.75,-0.05,0.03,0.08,1
37.55,22.75,-0.05,0.03,0.08,1
37.56,22.75,-0.05,0.03,0.08,1
37.57,22.75,-0.05,0.03,0.08,1
37.58,22.75,-0.05,0.03,0.08,1
37.59,22.75,-0.05,0.03,0.08,1
37.60,22.75,-0.05,0.03,0.08,1
37.61,22.75,-0.05,0.03,0.08,1
37.62,22.75,-0.05,0.03,0.08,1
37.63,22.75,-0.05,0.03,0.08,1
37.64,22.75,-0.05,0.03,0.08,1
37.65,22.75,-0.05,0.03,0.08,1
37.66,22.75,-0.05,0.03,0.08,1
37.67,22.75,-0.05,0.03,0.08,1
37.68,22.75,-0.05,0.03,0.08,1
37.69,22.75,-0.05,0.03,0.08,1
37.70,22.75,-0.05,0.03,0.08,1
37.71,22.75,-0.05,0.03,0.08,1
37.72,22.75,-0.05,0.03,0.08,1
37.73,22.75,-0.05,0.03,0.08,1
37.74,22.75,-0.05,0.03,0.08,1
37.75,22.75,-0.05,0.03,0.08,1
37.76,22.75,-0.05,0.03,0.08,1
37.77,22.75,-0.05,0.03,0.08,1
37.78,22.75,-0.05,0.03,0.08,1
37.79,22.75,-0.05,0.03,0.08,1
37.80,22.75,-0.05,0.03,0.08,1
37.81,22.75,-0.05,0.03,0.08,1
37.82,22.75,-0.05,0.03,0.08,1
37.83,22.75,-0.05,0.03,0.08,1
37.84,22.75,-0.05,0.03,0.08,1
37.85,22.75,-0.05,0.03,0.08,1
37.86,22.75,-0.05,0.03,0.08,1
37.87,22.75,-0.05,0.03,0.08,1
37.88,22.75,-0.05,0.03,0.08,1
37.89,22.75,-0.05,0.03,0.08,1
37.90,22.75,-0.05,0.03,0.08,1
37.91,22.75,-0.05,0.03,0.08,1
37.92,22.75,-0.05,0.03,0.08,1
37.93,22.75,-0.05,0.03,0.08,1
37.94,22.75,-0.05,0.03,0.08,1
37.95,22.75,-0.05,0.03,0.08,1
37.96,22.75,-0.05,0.03,0.08,1
37.97,22.75,-0.05,0.03,0.08,1
37.98,22.75,-0.05,0.03,0.08,1
37.99,22.75,-0.05,0.03,0.08,1
38.00,22.75,-0.05,0.03,0.08,1
38.01,22.75,-0.05,0.03,0.08,1
38.02,22.75,-0.05,0.03,0.08,1
38.03,22.75,-0.05,0.03,0.08,1
38.04,22.75,-0.05,0.03,0.08,1
38.05,22.75,-0.05,0.03,0.08,1
38.06,22.75,-0.05,0.03,0.08,1
38.07,22.75,-0.05,0.03,0.08,1
38.08,22.75,-0.05,0.03,0.08,1
38.09,22.75,-0.05,0.03,0.08,1
38.10,22.75,-0.05,0.03,0.08,1
38.11,22.75,-0.05,0.03,0.08,1
38.12,22.75,-0.05,0.03,0.08,1
38.13,22.75,-0.05,0.03,0.08,1
38.14,22.75,-0.05,0.03,0.08,1
38.15,22.75,-0.05,0.03,0.08,1
38.16,22.75,-0.05,0.03,0.08,1
38.17,22.75,-0.05,0.03,0.08,1
38.18,22.75,-0.05,0.03,0.08,1
38.19,22.75,-0.05,0.03,0.08,1
38.20,22.75,-0.05,0.03,0.08,1
38.21,22.75,-0.05,0.03,0.08,1
38.22,22.75,-0.05,0.03,0.08,1
38.23,22.75,-0.05,0.03,0.08,1
38.24,22.75,-0.05,0.03,0.08,1
38.25,22.75,-0.05,0.03,0.08,1
38.26,22.75,-0.05,0.03,0.08,1
38.27,22.75,-0.05,0.03,0.08,1
38.28,22.75,-0.05,0.03,0.08,1
38.29,22.75,-0.05,0.03,0.08,1
38.30,22.75,-0.05,0.03,0.08,1
38.31,22.75,-0.05,0.03,0.08,1
38.32,22.75,-0.05,0.03,0.08,1
38.33,22.75,-0.05,0.03,0.08,1
38.34,22.75,-0.05,0.03,0.08,1
38.35,22.75,-0.05,0.03,0.08,1
38.36,22.75,-0.05,0.03,0.08,1
38.37,22.75,-0.05,0.03,0.08,1
38.38,22.75,-0.05,0.03,0.08,1
38.39,22.75,-0.05,0.03,0.08,1
38.40,22.75,-0.05,0.03,0.08,1
38.41,22.75,-0.05,0.03,0.08,1
38.42,22.75,-0.05,0.03,0.08,1
38.43,22.75,-0.05,0.03,0.08,1
38.44,22.75,-0.05,0.03,0.08,1
38.45,22.75,-0.05,0.03,0.08,1
38.46,22.75,-0.05,0.03,0.08,1
38.47,22.75,-0.05,0.03,0.08,1
38.48,22.75,-0.05,0.03,0.08,1
38.49,22.75,-0.05,0.03,0.08,1
38.50,22.75,-0.05,0.03,0.08,1
38.51,22.75,-0.05,0.03,0.08,1
38.52,22.75,-0.05,0.03,0.08,1
38.53,22.75,-0.05,0.03,0.08,1
38.54,22.75,-0.05,0.03,0.08,1
38.55,22.75,-0.05,0.03,0.08,1
38.56,22.75,-0.05,0.03,0.08,1
38.57,22.75,-0.05,0.03,0.08,1
38.58,22.75,-0.05,0.03,0.08,1
38.59,22.75,-0.05,0.03,0.08,1
38.60,22.75,-0.05,0.03,0.08,1
38.61,22.75,-0.05,0.03,0.08,1
38.62,22.75,-0.05,0.03,0.08,1
38.63,22.75,-0.05,0.03,0.08,1
38.64,22.75,-0.05,0.03,0.08,1
38.65,22.75,-0.05,0.03,0.08,1
38.66,22.75,-0.05,0.03,0.08,1
38.67,22.75,-0.05,0.03,0.08,1
38.68,22.75,-0.05,0.03,0.08,1
38.69,22.75,-0.05,0.03,0.08,1
38.70,22.75,-0.05,0.03,0.08,1
38.71,22.75,-0.05,0.03,0.08,1
38.72,22.75,-0.05,0.03,0.08,1
38.73,22.75,-0.05,0.03,0.08,1
38.74,22.75,-0.05,0.03,0.08,1
38.75,22.75,-0.05,0.03,0.08,1
38.76,22.75,-0.05,0.03,0.08,1
38.77,22.75,-0.05,0.03,0.08,1
38.78,22.75,-0.05,0.03,0.08,1
38.79,22.75,-0.05,0.03,0.08,1
38.80,22.75,-0.05,0.03,0.08,1
38.81,22.75,-0.05,0.03,0.08,1
38.82,22.75,-0.05,0.03,0.08,1
38.83,22.75,-0.05,0.03,0.08,1
38.84,22.75,-0.05,0.03,0.08,1
38.85,22.75,-0.05,0.03,0.08,1
38.86,22.75,-0.05,0.03,0.08,1
38.87,22.75,-0.05,0.03,0.08,1
38.88,22.75,-0.05,0.03,0.08,1
38.89,22.75,-0.05,0.03,0.08,1
38.90,22.75,-0.05,0.03,0.08,1
38.91,22.75,-0.05,0.03,0.08,1
38.92,22.75,-0.05,0.03,0.08,1
38.93,22.75,-0.05,0.03,0.08,1
38.94,22.75,-0.05,0.03,0.08,1
38.95,22.75,-0.05,0.03,0.08,1
38.96,22.75,-0.05,0.03,0.08,1
38.97,22.75,-0.05,0.03,0.08,1
38.98,22.75,-0.05,0.03,0.08,1
38.99,22.75,-0.05,0.03,0.08,1
39.00,22.75,-0.05,0.03,0.08,1
39.01,22.75,-0.05,0.03,0.08,1
39.02,22.75,-0.05,0.03,0.08,1
39.03,22.75,-0.05,0.03,0.08,1
39.04,22.75,-0.05,0.03,0.08,1
39.05,22.75,-0.05,0.03,0.08,1
39.06,22.75,-0.05,0.03,0.08,1
39.07,22.75,-0.05,0.03,0.08,1
39.08,22.75,-0.05,0.03,0.08,1
39.09,22.75,-0.05,0.03,0.08,1
39.10,22.75,-0.05,0.03,0.08,1
39.11,22.75,-0.05,0.03,0.08,1
39.12,22.75,-0.05,0.03,0.08,1
39.13,22.75,-0.05,0.03,0.08,1
39.14,22.75,-0.05,0.03,0.08,1
39.15,22.75,-0.05,0.03,0.08,1
39.16,22.75,-0.05,0.03,0.08,1
39.17,22.75,-0.05,0.03,0.08,1
39.18,22.75,-0.05,0.03,0.08,1
39.19,22.75,-0.05,0.03,0.08,1
39.20,22.75,-0.05,0.03,0.08,1
39.21,22.75,-0.05,0.03,0.08,1
39.22,22.75,-0.05,0.03,0.08,1
39.23,22.75,-0.05,0.03,0.08,1
39.24,22.75,-0.05,0.03,0.08,1
39.25,22.75,-0.05,0.03,0.08,1
39.26,22.75,-0.05,0.03,0.08,1
39.27,22.75,-0.05,0.03,0.08,1
39.28,22.75,-0.05,0.03,0.08,1
39.29,22.75,-0.05,0.03,0.08,1
39.30,22.75,-0.05,0.03,0.08,1
39.31,22.75,-0.05,0.03,0.08,1
39.32,22.75,-0.05,0.03,0.08,1
39.33,22.75,-0.05,0.03,0.08,1
39.34,22.75,-0.05,0.03,0.08,1
39.35,22.75,-0.05,0.03,0.08,1
39.36,22.75,-0.05,0.03,0.08,1
39.37,22.75,-0.05,0.03,0.08,1
39.38,22.75,-0.05,0.03,0.08,1
39.39,22.75,-0.05,0.03,0.08,1
39.40,22.75,-0.05,0.03,0.08,1
39.41,22.75,-0.05,0.03,0.08,1
39.42,22.75,-0.05,0.03,0.08,1
39.43,22.75,-0.05,0.03,0.08,1
39.44,22.75,-0.05,0.03,0.08,1
39.45,22.75,-0.05,0.03,0.08,1
39.46,22.75,-0.05,0.03,0.08,1
39.47,22.75,-0.05,0.03,0.08,1
39.48,22.75,-0.05,0.03,0.08,1
39.49,22.75,-0.05,0.03,0.08,1
39.50,22.75,-0.05,0.03,0.08,1
39.51,22.75,-0.05,0.03,0.08,1
39.52,22.75,-0.05,0.03,0.08,1
39.53,22.75,-0.05,0.03,0.08,1
39.54,22.75,-0.05,0.03,0.08,1
39.55,22.75,-0.05,0.03,0.08,1
39.56,22.75,-0.05,0.03,0.08,1
39.57,22.75,-0.05,0.03,0.08,1
39.58,22.75,-0.05,0.03,0.08,1
39.59,22.75,-0.05,0.03,0.08,1
39.60,22.75,-0.05,0.03,0.08,1
39.61,22.75,-0.05,0.03,0.08,1
39.62,22.75,-0.05,0.03,0.08,1
39.63,22.75,-0.05,0.03,0.08,1
39.64,22.75,-0.05,0.03,0.08,1
39.65,22.75,-0.05,0.03,0.08,1
39.66,22.75,-0.05,0.03,0.08,1
39.67,22.75,-0.05,0.03,0.08,1
39.68,22.75,-0.05,0.03,0.08,1
39.69,22.75,-0.05,0.03,0.08,1
39.70,22.75,-0.05,0.03,0.08,1
39.71,22.75,-0.05,0.03,0.08,1
39.72,22.75,-0.05,0.03,0.08,1
39.73,22.75,-0.05,0.03,0.08,1
39.74,22.75,-0.05,0.03,0.08,1
39.75,22.75,-0.05,0.03,0.08,1
39.76,22.75,-0.05,0.03,0.08,1
39.77,22.75,-0.05,0.03,0.08,1
39.78,22.75,-0.05,0.03,0.08,1
39.79,22.75,-0.05,0.03,0.08,1
39.80,22.75,-0.05,0.03,0.08,1
39.81,22.75,-0.05,0.03,0.08,1
39.82,22.75,-0.05,0.03,0.08,1
39.83,22.75,-0.05,0.03,0.08,1
39.84,22.75,-0.05,0.03,0.08,1
39.85,22.75,-0.05,0.03,0.08,1
39.86,22.75,-0.05,0.03,0.08,1
39.87,22.75,-0.05,0.03,0.08,1
39.88,22.75,-0.05,0.03,0.08,1
39.89,22.75,-0.05,0.03,0.08,1
39.90,22.75,-0.05,0.03,0.08,1
39.91,22.75,-0.05,0.03,0.08,1
39.92,22.75,-0.05,0.03,0.08,1
39.93,22.75,-0.05,0.03,0.08,1
39.94,22.75,-0.05,0.03,0.08,1
39.95,22.75,-0.05,0.03,0.08,1
39.96,22.75,-0.05,0.03,0.08,1
39.97,22.75,-0.05,0.03,0.08,1
39.98,22.75,-0.05,0.03,0.08,1
39.99,22.75,-0.05,0.03,0.08,1
40.00,22.75,-0.05,0.03,0.08,1
40.01,22.75,-0.05,0.03,0.08,1
40.02,22.75,-0.05,0.03,0.08,1
40.03,22.75,-0.05,0.03,0.08,1
40.04,22.75,-0.05,0.03,0.08,1
40.05,22.75,-0.05,0.03,0.08,1
40.06,22.75,-0.05,0.03,0.08,1
40.07,22.75,-0.05,0.03,0.08,1
40.08,22.75,-0.05,0.03,0.08,1
40.09,22.75,-0.05,0.03,0.08,1
40.10,22.75,-0.05,0.03,0.08,1
40.11,22.75,-0.05,0.03,0.08,1
40.12,22.75,-0.05,0.03,0.08,1
40.13,22.75,-0.05,0.03,0.08,1
40.14,22.75,-0.05,0.03,0.08,1
40.15,22.75,-0.05,0.03,0.08,1
40.16,22.75,-0.05,0.03,0.08,1
40.17,22.75,-0.05,0.03,0.08,1
40.18,22.75,-0.05,0.03,0.08,1
40.19,22.75,-0.05,0.03,0.08,1
40.20,22.75,-0.05,0.03,0.08,1
40.21,22.75,-0.05,0.03,0.08,1
40.22,22.75,-0.05,0.03,0.08,1
40.23,22.75,-0.05,0.03,0.08,1
40.24,22.75,-0.05,0.03,0.08,1
40.25,22.75,-0.05,0.03,0.08,1
40.26,22.75,-0.05,0.03,0.08,1
40.27,22.75,-0.05,0.03,0.08,1
40.28,22.75,-0.05,0.03,0.08,1
40.29,22.75,-0.05,0.03,0.08,1
40.30,22.75,-0.05,0.03,0.08,1
40.31,22.75,-0.05,0.03,0.08,1
40.32,22.75,-0.05,0.03,0.08,1
40.33,22.75,-0.05,0.03,0.08,1
40.34,22.75,-0.05,0.03,0.08,1
40.35,22.75,-0.05,0.03,0.08,1
40.36,22.75,-0.05,0.03,0.08,1
40.37,22.75,-0.05,0.03,0.08,1
40.38,22.75,-0.05,0.03,0.08,1
40.39,22.75,-0.05,0.03,0.08,1
40.40,22.75,-0.05,0.03,0.08,1
40.41,22.75,-0.05,0.03,0.08,1
40.42,22.75,-0.05,0.03,0.08,1
40.43,22.75,-0.05,0.03,0.08,1
40.44,22.75,-0.05,0.03,0.08,1
40.45,22.75,-0.05,0.03,0.08,1
40.46,22.75,-0.05,0.03,0.08,1
40.47,22.75,-0.05,0.03,0.08,1
40.48,22.75,-0.05,0.03,0.08,1
40.49,22.75,-0.05,0.03,0.08,1
40.50,22.75,-0.05,0.03,0.08,1
40.51,22.75,-0.05,0.03,0.08,1
40.52,22.75,-0.05,0.03,0.08,1
40.53,22.75,-0.05,0.03,0.08,1
40.54,22.75,-0.05,0.03,0.08,1
40.55,22.75,-0.05,0.03,0.08,1
40.56,22.75,-0.05,0.03,0.08,1
40.57,22.75,-0.05,0.03,0.08,1
40.58,22.75,-0.05,0.03,0.08,1
40.59,22.75,-0.05,0.03,0.08,1
40.60,22.75,-0.05,0.03,0.08,1
40.61,22.75,-0.05,0.03,0.08,1
40.62,22.75,-0.05,0.03,0.08,1
40.63,22.75,-0.05,0.03,0.08,1
40.64,22.75,-0.05,0.03,0.08,1
40.65,22.75,-0.05,0.03,0.08,1
40.66,22.75,-0.05,0.03,0.08,1
40.67,22.75,-0.05,0.03,0.08,1
40.68,22.75,-0.05,0.03,0.08,1
40.69,22.75,-0.05,0.03,0.08,1
40.70,22.75,-0.05,0.03,0.08,1
40.71,22.75,-0.05,0.03,0.08,1
40.72,22.75,-0.05,0.03,0.08,1
40.73,22.75,-0.05,0.03,0.08,1
40.74,22.75,-0.05,0.03,0.08,1
40.75,22.75,-0.05,0.03,0.08,1
40.76,22.75,-0.05,0.03,0.08,1
40.77,22.75,-0.05,0.03,0.08,1
40.78,22.75,-0.05,0.03,0.08,1
40.79,22.75,-0.05,0.03,0.08,1
40.80,22.75,-0.05,0.03,0.08,1
40.81,22.75,-0.05,0.03,0.08,1
40.82,22.75,-0.05,0.03,0.08,1
40.83,22.75,-0.05,0.03,0.08,1
40.84,22.75,-0.05,0.03,0.08,1
40.85,22.75,-0.05,0.03,0.08,1
40.86,22.75,-0.05,0.03,0.08,1
40.87,22.75,-0.05,0.03,0.08,1
40.88,22.75,-0.05,0.03,0.08,1
40.89,22.75,-0.05,0.03,0.08,1
40.90,22.75,-0.05,0.03,0.08,1
40.91,22.75,-0.05,0.03,0.08,1
40.92,22.75,-0.05,0.03,0.08,1
40.93,22.75,-0.05,0.03,0.08,1
40.94,22.75,-0.05,0.03,0.08,1
40.95,22.75,-0.05,0.03,0.08,1
40.96,22.75,-0.05,0.03,0.08,1
40.97,22.75,-0.05,0.03,0.08,1
40.98,22.75,-0.05,0.03,0.08,1
40.99,22.75,-0.05,0.03,0.08,1
41.00,22.75,-0.05,0.03,0.08,1
41.01,22.75,-0.05,0.03,0.08,1
41.02,22.75,-0.05,0.03,0.08,1
41.03,22.75,-0.05,0.03,0.08,1
41.04,22.75,-0.05,0.03,0.08,1
41.05,22.75,-0.05,0.03,0.08,1
41.06,22.75,-0.05,0.03,0.08,1
41.07,22.75,-0.05,0.03,0.08,1
41.08,22.75,-0.05,0.03,0.08,1
41.09,22.75,-0.05,0.03,0.08,1
41.10,22.75,-0.05,0.03,0.08,1
41.11,22.75,-0.05,0.03,0.08,1
41.12,22.75,-0.05,0.03,0.08,1
41.13,22.75,-0.05,0.03,0.08,1
41.14,22.75,-0.05,0.03,0.08,1
41.15,22.75,-0.05,0.03,0.08,1
41.16,22.75,-0.05,0.03,0.08,1
41.17,22.75,-0.05,0.03,0.08,1
41.18,22.75,-0.05,0.03,0.08,1
41.19,22.75,-0.05,0.03,0.08,1
41.20,22.75,-0.05,0.03,0.08,1
41.21,22.75,-0.05,0.03,0.08,1
41.22,22.75,-0.05,0.03,0.08,1
41.23,22.75,-0.05,0.03,0.08,1
41.24,22.75,-0.05,0.03,0.08,1
41.25,22.75,-0.05,0.03,0.08,1
41.26,22.75,-0.05,0.03,0.08,1
41.27,22.75,-0.05,0.03,0.08,1
41.28,22.75,-0.05,0.03,0.08,1
41.29,22.75,-0.05,0.03,0.08,1
41.30,22.75,-0.05,0.03,0.08,1
41.31,22.75,-0.05,0.03,0.08,1
41.32,22.75,-0.05,0.03,0.08,1
41.33,22.75,-0.05,0.03,0.08,1
41.34,22.75,-0.05,0.03,0.08,1
41.35,22.75,-0.05,0.03,0.08,1
41.36,22.75,-0.05,0.03,0.08,1
41.37,22.75,-0.05,0.03,0.08,1
41.38,22.75,-0.05,0.03,0.08,1
41.39,22.75,-0.05,0.03,0.08,1
41.40,22.75,-0.05,0.03,0.08,1
41.41,22.75,-0.05,0.03,0.08,1
41.42,22.75,-0.05,0.03,0.08,1
41.43,22.75,-0.05,0.03,0.08,1
41.44,22.75,-0.05,0.03,0.08,1
41.45,22.75,-0.05,0.03,0.08,1
41.46,22.75,-0.05,0.03,0.08,1
41.47,22.75,-0.05,0.03,0.08,1
41.48,22.75,-0.05,0.03,0.08,1
41.49,22.75,-0.05,0.03,0.08,1
41.50,22.75,-0.05,0.03,0.08,1
41.51,22.75,-0.05,0.03,0.08,1
41.52,22.75,-0.05,0.03,0.08,1
41.53,22.75,-0.05,0.03,0.08,1
41.54,22.75,-0.05,0.03,0.08,1
41.55,22.75,-0.05,0.03,0.08,1
41.56,22.75,-0.05,0.03,0.08,1
41.57,22.75,-0.05,0.03,0.08,1
41.58,22.75,-0.05,0.03,0.08,1
41.59,22.75,-0.05,0.03,0.08,1
41.60,22.75,-0.05,0.03,0.08,1
41.61,22.75,-0.05,0.03,0.08,1
41.62,22.75,-0.05,0.03,0.08,1
41.63,22.75,-0.05,0.03,0.08,1
41.64,22.75,-0.05,0.03,0.08,1
41.65,22.75,-0.05,0.03,0.08,1
41.66,22.75,-0.05,0.03,0.08,1
41.67,22.75,-0.05,0.03,0.08,1
41.68,22.75,-0.05,0.03,0.08,1
41.69,22.75,-0.05,0.03,0.08,1
41.70,22.75,-0.05,0.03,0.08,1
41.71,22.75,-0.05,0.03,0.08,1
41.72,22.75,-0.05,0.03,0.08,1
41.73,22.75,-0.05,0.03,0.08,1
41.74,22.75,-0.05,0.03,0.08,1
41.75,22.75,-0.05,0.03,0.08,1
41.76,22.75,-0.05,0.03,0.08,1
41.77,22.75,-0.05,0.03,0.08,1
41.78,22.75,-0.05,0.03,0.08,1
41.79,22.75,-0.05,0.03,0.08,1
41.80,22.75,-0.05,0.03,0.08,1
41.81,22.75,-0.05,0.03,0.08,1
41.82,22.75,-0.05,0.03,0.08,1
41.83,22.75,-0.05,0.03,0.08,1
41.84,22.75,-0.05,0.03,0.08,1
41.85,22.75,-0.05,0.03,0.08,1
41.86,22.75,-0.05,0.03,0.08,1
41.87,22.75,-0.05,0.03,0.08,1
41.88,22.75,-0.05,0.03,0.08,1
41.89,22.75,-0.05,0.03,0.08,1
41.90,22.75,-0.05,0.03,0.08,1
41.91,22.75,-0.05,0.03,0.08,1
41.92,22.75,-0.05,0.03,0.08,1
41.93,22.75,-0.05,0.03,0.08,1
41.94,22.75,-0.05,0.03,0.08,1
41.95,22.75,-0.05,0.03,0.08,1
41.96,22.75,-0.05,0.03,0.08,1
41.97,22.75,-0.05,0.03,0.08,1
41.98,22.75,-0.05,0.03,0.08,1
41.99,22.75,-0.05,0.03,0.08,1
42.00,22.75,-0.05,0.03,0.08,1
42.01,22.75,-0.05,0.03,0.08,1
42.02,22.75,-0.05,0.03,0.08,1
42.03,22.75,-0.05,0.03,0.08,1
42.04,22.75,-0.05,0.03,0.08,1
42.05,22.75,-0.05,0.03,0.08,1
42.06,22.75,-0.05,0.03,0.08,1
42.07,22.75,-0.05,0.03,0.08,1
42.08,22.75,-0.05,0.03,0.08,1
42.09,22.75,-0.05,0.03,0.08,1
42.10,22.75,-0.05,0.03,0.08,1
42.11,22.75,-0.05,0.03,0.08,1
42.12,22.75,-0.05,0.03,0.08,1
42.13,22.75,-0.05,0.03,0.08,1
42.14,22.75,-0.05,0.03,0.08,1
42.15,22.75,-0.05,0.03,0.08,1
42.16,22.75,-0.05,0.03,0.08,1
42.17,22.75,-0.05,0.03,0.08,1
42.18,22.75,-0.05,0.03,0.08,1
42.19,22.75,-0.05,0.03,0.08,1
42.20,22.75,-0.05,0.03,0.08,1
42.21,22.75,-0.05,0.03,0.08,1
42.22,22.75,-0.05,0.03,0.08,1
42.23,22.75,-0.05,0.03,0.08,1
42.24,22.75,-0.05,0.03,0.08,1
42.25,22.75,-0.05,0.03,0.08,1
42.26,22.75,-0.05,0.03,0.08,1
42.27,22.75,-0.05,0.03,0.08,1
42.28,22.75,-0.05,0.03,0.08,1
42.29,22.75,-0.05,0.03,0.08,1
42.30,22.75,-0.05,0.03,0.08,1
42.31,22.75,-0.05,0.03,0.08,1
42.32,22.75,-0.05,0.03,0.08,1
42.33,22.75,-0.05,0.03,0.08,1
42.34,22.75,-0.05,0.03,0.08,1
42.35,22.75,-0.05,0.03,0.08,1
42.36,22.75,-0.05,0.03,0.08,1
42.37,22.75,-0.05,0.03,0.08,1
42.38,22.75,-0.05,0.03,0.08,1
42.39,22.75,-0.05,0.03,0.08,1
42.40,22.75,-0.05,0.03,0.08,1
42.41,22.75,-0.05,0.03,0.08,1
42.42,22.75,-0.05,0.03,0.08,1
42.43,22.75,-0.05,0.03,0.08,1
42.44,22.75,-0.05,0.03,0.08,1
42.45,22.75,-0.05,0.03,0.08,1
42.46,22.75,-0.05,0.03,0.08,1
42.47,22.75,-0.05,0.03,0.08,1
42.48,22.75,-0.05,0.03,0.08,1
42.49,22.75,-0.05,0.03,0.08,1
42.50,22.75,-0.05,0.03,0.08,1
42.51,22.75,-0.05,0.03,0.08,1
42.52,22.75,-0.05,0.03,0.08,1
42.53,22.75,-0.05,0.03,0.08,1
42.54,22.75,-0.05,0.03,0.08,1
42.55,22.75,-0.05,0.03,0.08,1
42.56,22.75,-0.05,0.03,0.08,1
42.57,22.75,-0.05,0.03,0.08,1
42.58,22.75,-0.05,0.03,0.08,1
42.59,22.75,-0.05,0.03,0.08,1
42.60,22.75,-0.05,0.03,0.08,1
42.61,22.75,-0.05,0.03,0.08,1
42.62,22.75,-0.05,0.03,0.08,1
42.63,22.75,-0.05,0.03,0.08,1
42.64,22.75,-0.05,0.03,0.08,1
42.65,22.75,-0.05,0.03,0.08,1
42.66,22.75,-0.05,0.03,0.08,1
42.67,22.75,-0.05,0.03,0.08,1
42.68,22.75,-0.05,0.03,0.08,1
42.69,22.75,-0.05,0.03,0.08,1
42.70,22.75,-0.05,0.03,0.08,1
42.71,22.75,-0.05,0.03,0.08,1
42.72,22.75,-0.05,0.03,0.08,1
42.73,22.75,-0.05,0.03,0.08,1
42.74,22.75,-0.05,0.03,0.08,1
42.75,22.75,-0.05,0.03,0.08,1
42.76,22.75,-0.05,0.03,0.08,1
42.77,22.75,-0.05,0.03,0.08,1
42.78,22.75,-0.05,0.03,0.08,1
42.79,22.75,-0.05,0.03,0.08,1
42.80,22.75,-0.05,0.03,0.08,1
42.81,22.75,-0.05,0.03,0.08,1
42.82,22.75,-0.05,0.03,0.08,1
42.83,22.75,-0.05,0.03,0.08,1
42.84,22.75,-0.05,0.03,0.08,1
42.85,22.75,-0.05,0.03,0.08,1
42.86,22.75,-0.05,0.03,0.08,1
42.87,22.75,-0.05,0.03,0.08,1
42.88,22.75,-0.05,0.03,0.08,1
42.89,22.75,-0.05,0.03,0.08,1
42.90,22.75,-0.05,0.03,0.08,1
42.91,22.75,-0.05,0.03,0.08,1
42.92,22.75,-0.05,0.03,0.08,1
42.93,22.75,-0.05,0.03,0.08,1
42.94,22.75,-0.05,0.03,0.08,1
42.95,22.75,-0.05,0.03,0.08,1
42.96,22.75,-0.05,0.03,0.08,1
42.97,22.75,-0.05,0.03,0.08,1
42.98,22.75,-0.05,0.03,0.08,1
42.99,22.75,-0.05,0.03,0.08,1
43.00,22.75,-0.05,0.03,0.08,1
43.01,22.75,-0.05,0.03,0.08,1
43.02,22.75,-0.05,0.03,0.08,1
43.03,22.75,-0.05,0.03,0.08,1
43.04,22.75,-0.05,0.03,0.08,1
43.05,22.75,-0.05,0.03,0.08,1
43.06,22.75,-0.05,0.03,0.08,1
43.07,22.75,-0.05,0.03,0.08,1
43.08,22.75,-0.05,0.03,0.08,1
43.09,22.75,-0.05,0.03,0.08,1
43.10,22.75,-0.05,0.03,0.08,1
43.11,22.75,-0.05,0.03,0.08,1
43.12,22.75,-0.05,0.03,0.08,1
43.13,22.75,-0.05,0.03,0.08,1
43.14,22.75,-0.05,0.03,0.08,1
43.15,22.75,-0.05,0.03,0.08,1
43.16,22.75,-0.05,0.03,0.08,1
43.17,22.75,-0.05,0.03,0.08,1
43.18,22.75,-0.05,0.03,0.08,1
43.19,22.75,-0.05,0.03,0.08,1
43.20,22.75,-0.05,0.03,0.08,1
43.21,22.75,-0.05,0.03,0.08,1
43.22,22.75,-0.05,0.03,0.08,1
43.23,22.75,-0.05,0.03,0.08,1
43.24,22.75,-0.05,0.03,0.08,1
43.25,22.75,-0.05,0.03,0.08,1
43.26,22.75,-0.05,0.03,0.08,1
43.27,22.75,-0.05,0.03,0.08,1
43.28,22.75,-0.05,0.03,0.08,1
43.29,22.75,-0.05,0.03,0.08,1
43.30,22.75,-0.05,0.03,0.08,1
43.31,22.75,-0.05,0.03,0.08,1
43.32,22.75,-0.05,0.03,0.08,1
43.33,22.75,-0.05,0.03,0.08,1
43.34,22.75,-0.05,0.03,0.08,1
43.35,22.75,-0.05,0.03,0.08,1
43.36,22.75,-0.05,0.03,0.08,1
43.37,22.75,-0.05,0.03,0.08,1
43.38,22.75,-0.05,0.03,0.08,1
43.39,22.75,-0.05,0.03,0.08,1
43.40,22.75,-0.05,0.03,0.08,1
43.41,22.75,-0.05,0.03,0.08,1
43.42,22.75,-0.05,0.03,0.08,1
43.43,22.75,-0.05,0.03,0.08,1
43.44,22.75,-0.05,0.03,0.08,1
43.45,22.75,-0.05,0.03,0.08,1
43.46,22.75,-0.05,0.03,0.08,1
43.47,22.75,-0.05,0.03,0.08,1
43.48,22.75,-0.05,0.03,0.08,1
43.49,22.75,-0.05,0.03,0.08,1
43.50,22.75,-0.05,0.03,0.08,1
43.51,22.75,-0.05,0.03,0.08,1
43.52,22.75,-0.05,0.03,0.08,1
43.53,22.75,-0.05,0.03,0.08,1
43.54,22.75,-0.05,0.03,0.08,1
43.55,22.75,-0.05,0.03,0.08,1
43.56,22.75,-0.05,0.03,0.08,1
43.57,22.75,-0.05,0.03,0.08,1
43.58,22.75,-0.05,0.03,0.08,1
43.59,22.75,-0.05,0.03,0.08,1
43.60,22.75,-0.05,0.03,0.08,1
43.61,22.75,-0.05,0.03,0.08,1
43.62,22.75,-0.05,0.03,0.08,1
43.63,22.75,-0.05,0.03,0.08,1
43.64,22.75,-0.05,0.03,0.08,1
43.65,22.75,-0.05,0.03,0.08,1
43.66,22.75,-0.05,0.03,0.08,1
43.67,22.75,-0.05,0.03,0.08,1
43.68,22.75,-0.05,0.03,0.08,1
43.69,22.75,-0.05,0.03,0.08,1
43.70,22.75,-0.05,0.03,0.08,1
43.71,22.75,-0.05,0.03,0.08,1
43.72,22.75,-0.05,0.03,0.08,1
43.73,22.75,-0.05,0.03,0.08,1
43.74,22.75,-0.05,0.03,0.08,1
43.75,22.75,-0.05,0.03,0.08,1
43.76,22.75,-0.05,0.03,0.08,1
43.77,22.75,-0.05,0.03,0.08,1
43.78,22.75,-0.05,0.03,0.08,1
43.79,22.75,-0.05,0.03,0.08,1
43.80,22.75,-0.05,0.03,0.08,1
43.81,22.75,-0.05,0.03,0.08,1
43.82,22.75,-0.05,0.03,0.08,1
43.83,22.75,-0.05,0.03,0.08,1
43.84,22.75,-0.05,0.03,0.08,1
43.85,22.75,-0.05,0.03,0.08,1
43.86,22.75,-0.05,0.03,0.08,1
43.87,22.75,-0.05,0.03,0.08,1
43.88,22.75,-0.05,0.03,0.08,1
43.89,22.75,-0.05,0.03,0.08,1
43.90,22.75,-0.05,0.03,0.08,1
43.91,22.75,-0.05,0.03,0.08,1
43.92,22.75,-0.05,0.03,0.08,1
43.93,22.75,-0.05,0.03,0.08,1
43.94,22.75,-0.05,0.03,0.08,1
43.95,22.75,-0.05,0.03,0.08,1
43.96,22.75,-0.05,0.03,0.08,1
43.97,22.75,-0.05,0.03,0.08,1
43.98,22.75,-0.05,0.03,0.08,1
43.99,22.75,-0.05,0.03,0.08,1
44.00,22.75,-0.05,0.03,0.08,1
44.01,22.75,-0.05,0.03,0.08,1
44.02,22.75,-0.05,0.03,0.08,1
44.03,22.75,-0.05,0.03,0.08,1
44.04,22.75,-0.05,0.03,0.08,1
44.05,22.75,-0.05,0.03,0.08,1
44.06,22.75,-0.05,0.03,0.08,1
44.07,22.75,-0.05,0.03,0.08,1
44.08,22.75,-0.05,0.03,0.08,1
44.09,22.75,-0.05,0.03,0.08,1
44.10,22.75,-0.05,0.03,0.08,1
44.11,22.75,-0.05,0.03,0.08,1
44.12,22.75,-0.05,0.03,0.08,1
44.13,22.75,-0.05,0.03,0.08,1
44.14,22.75,-0.05,0.03,0.08,1
44.15,22.75,-0.05,0.03,0.08,1
44.16,22.75,-0.05,0.03,0.08,1
44.17,22.75,-0.05,0.03,0.08,1
44.18,22.75,-0.05,0.03,0.08,1
44.19,22.75,-0.05,0.03,0.08,1
44.20,22.75,-0.05,0.03,0.08,1
44.21,22.75,-0.05,0.03,0.08,1
44.22,22.75,-0.05,0.03,0.08,1
44.23,22.75,-0.05,0.03,0.08,1
44.24,22.75,-0.05,0.03,0.08,1
44.25,22.75,-0.05,0.03,0.08,1
44.26,22.75,-0.05,0.03,0.08,1
44.27,22.75,-0.05,0.03,0.08,1
44.28,22.75,-0.05,0.03,0.08,1
44.29,22.75,-0.05,0.03,0.08,1
44.30,22.75,-0.05,0.03,0.08,1
44.31,22.75,-0.05,0.03,0.08,1
44.32,22.75,-0.05,0.03,0.08,1
44.33,22.75,-0.05,0.03,0.08,1
44.34,22.75,-0.05,0.03,0.08,1
44.35,22.75,-0.05,0.03,0.08,1
44.36,22.75,-0.05,0.03,0.08,1
44.37,22.75,-0.05,0.03,0.08,1
44.38,22.75,-0.05,0.03,0.08,1
44.39,22.75,-0.05,0.03,0.08,1
44.40,22.75,-0.05,0.03,0.08,1
44.41,22.75,-0.05,0.03,0.08,1
44.42,22.75,-0.05,0.03,0.08,1
44.43,22.75,-0.05,0.03,0.08,1
44.44,22.75,-0.05,0.03,0.08,1
44.45,22.75,-0.05,0.03,0.08,1
44.46,22.75,-0.05,0.03,0.08,1
44.47,22.75,-0.05,0.03,0.08,1
44.48,22.75,-0.05,0.03,0.08,1
44.49,22.75,-0.05,0.03,0.08,1
44.50,22.75,-0.05,0.03,0.08,1
44.51,22.75,-0.05,0.03,0.08,1
44.52,22.75,-0.05,0.03,0.08,1
44.53,22.75,-0.05,0.03,0.08,1
44.54,22.75,-0.05,0.03,0.08,1
44.55,22.75,-0.05,0.03,0.08,1
44.56,22.75,-0.05,0.03,0.08,1
44.57,22.75,-0.05,0.03,0.08,1
44.58,22.75,-0.05,0.03,0.08,1
44.59,22.75,-0.05,0.03,0.08,1
44.60,22.75,-0.05,0.03,0.08,1
44.61,22.75,-0.05,0.03,0.08,1
44.62,22.75,-0.05,0.03,0.08,1
44.63,22.75,-0.05,0.03,0.08,1
44.64,22.75,-0.05,0.03,0.08,1
44.65,22.75,-0.05,0.03,0.08,1
44.66,22.75,-0.05,0.03,0.08,1
44.67,22.75,-0.05,0.03,0.08,1
44.68,22.75,-0.05,0.03,0.08,1
44.69,22.75,-0.05,0.03,0.08,1
44.70,22.75,-0.05,0.03,0.08,1
44.71,22.75,-0.05,0.03,0.08,1
44.72,22.75,-0.05,0.03,0.08,1
44.73,22.75,-0.05,0.03,0.08,1
44.74,22.75,-0.05,0.03,0.08,1
44.75,22.75,-0.05,0.03,0.08,1
44.76,22.75,-0.05,0.03,0.08,1
44.77,22.75,-0.05,0.03,0.08,1
44.78,22.75,-0.05,0.03,0.08,1
44.79,22.75,-0.05,0.03,0.08,1
44.80,22.75,-0.05,0.03,0.08,1
44.81,22.75,-0.05,0.03,0.08,1
44.82,22.75,-0.05,0.03,0.08,1
44.83,22.75,-0.05,0.03,0.08,1
44.84,22.75,-0.05,0.03,0.08,1
44.85,22.75,-0.05,0.03,0.08,1
44.86,22.75,-0.05,0.03,0.08,1
44.87,22.75,-0.05,0.03,0.08,1
44.88,22.75,-0.05,0.03,0.08,1
44.89,22.75,-0.05,0.03,0.08,1
44.90,22.75,-0.05,0.03,0.08,1
44.91,22.75,-0.05,0.03,0.08,1
44.92,22.75,-0.05,0.03,0.08,1
44.93,22.75,-0.05,0.03,0.08,1
44.94,22.75,-0.05,0.03,0.08,1
44.95,22.75,-0.05,0.03,0.08,1
44.96,22.75,-0.05,0.03,0.08,1
44.97,22.75,-0.05,0.03,0.08,1
44.98,22.75,-0.05,0.03,0.08,1
44.99,22.75,-0.05,0.03,0.08,1
45.00,22.75,-0.05,0.03,0.08,1
45.01,22.75,-0.05,0.03,0.08,1
45.02,22.75,-0.05,0.03,0.08,1
45.03,22.75,-0.05,0.03,0.08,1
45.04,22.75,-0.05,0.03,0.08,1
45.05,22.75,-0.05,0.03,0.08,1
45.06,22.75,-0.05,0.03,0.08,1
45.07,22.75,-0.05,0.03,0.08,1
45.08,22.75,-0.05,0.03,0.08,1
45.09,22.75,-0.05,0.03,0.08,1
45.10,22.75,-0.05,0.03,0.08,1
45.11,22.75,-0.05,0.03,0.08,1
45.12,22.75,-0.05,0.03,0.08,1
45.13,22.75,-0.05,0.03,0.08,1
45.14,22.75,-0.05,0.03,0.08,1
45.15,22.75,-0.05,0.03,0.08,1
45.16,22.75,-0.05,0.03,0.08,1
45.17,22.75,-0.05,0.03,0.08,1
45.18,22.75,-0.05,0.03,0.08,1
45.19,22.75,-0.05,0.03,0.08,1
45.20,22.75,-0.05,0.03,0.08,1
45.21,22.75,-0.05,0.03,0.08,1
45.22,22.75,-0.05,0.03,0.08,1
45.23,22.75,-0.05,0.03,0.08,1
45.24,22.75,-0.05,0.03,0.08,1
45.25,22.75,-0.05,0.03,0.08,1
45.26,22.75,-0.05,0.03,0.08,1
45.27,22.75,-0.05,0.03,0.08,1
45.28,22.75,-0.05,0.03,0.08,1
45.29,22.75,-0.05,0.03,0.08,1
45.30,22.75,-0.05,0.03,0.08,1
45.31,22.75,-0.05,0.03,0.08,1
45.32,22.75,-0.05,0.03,0.08,1
45.33,22.75,-0.05,0.03,0.08,1
45.34,22.75,-0.05,0.03,0.08,1
45.35,22.75,-0.05,0.03,0.08,1
45.36,22.75,-0.05,0.03,0.08,1
45.37,22.75,-0.05,0.03,0.08,1
45.38,22.75,-0.05,0.03,0.08,1
45.39,22.75,-0.05,0.03,0.08,1
45.40,22.75,-0.05,0.03,0.08,1
45.41,22.75,-0.05,0.03,0.08,1
45.42,22.75,-0.05,0.03,0.08,1
45.43,22.75,-0.05,0.03,0.08,1
45.44,22.75,-0.05,0.03,0.08,1
45.45,22.75,-0.05,0.03,0.08,1
45.46,22.75,-0.05,0.03,0.08,1
45.47,22.75,-0.05,0.03,0.08,1
45.48,22.75,-0.05,0.03,0.08,1
45.49,22.75,-0.05,0.03,0.08,1
45.50,22.75,-0.05,0.03,0.08,1
45.51,22.75,-0.05,0.03,0.08,1
45.52,22.75,-0.05,0.03,0.08,1
45.53,22.75,-0.05,0.03,0.08,1
45.54,22.75,-0.05,0.03,0.08,1
45.55,22.75,-0.05,0.03,0.08,1
45.56,22.75,-0.05,0.03,0.08,1
45.57,22.75,-0.05,0.03,0.08,1
45.58,22.75,-0.05,0.03,0.08,1
45.59,22.75,-0.05,0.03,0.08,1
45.60,22.75,-0.05,0.03,0.08,1
45.61,22.75,-0.05,0.03,0.08,1
45.62,22.75,-0.05,0.03,0.08,1
45.63,22.75,-0.05,0.03,0.08,1
45.64,22.75,-0.05,0.03,0.08,1
45.65,22.75,-0.05,0.03,0.08,1
45.66,22.75,-0.05,0.03,0.08,1
45.67,22.75,-0.05,0.03,0.08,1
45.68,22.75,-0.05,0.03,0.08,1
45.69,22.75,-0.05,0.03,0.08,1
45.70,22.75,-0.05,0.03,0.08,1
45.71,22.75,-0.05,0.03,0.08,1
45.72,22.75,-0.05,0.03,0.08,1
45.73,22.75,-0.05,0.03,0.08,1
45.74,22.75,-0.05,0.03,0.08,1
45.75,22.75,-0.05,0.03,0.08,1
45.76,22.75,-0.05,0.03,0.08,1
45.77,22.75,-0.05,0.03,0.08,1
45.78,22.75,-0.05,0.03,0.08,1
45.79,22.75,-0.05,0.03,0.08,1
45.80,22.75,-0.05,0.03,0.08,1
45.81,22.75,-0.05,0.03,0.08,1
45.82,22.75,-0.05,0.03,0.08,1
45.83,22.75,-0.05,0.03,0.08,1
45.84,22.75,-0.05,0.03,0.08,1
45.85,22.75,-0.05,0.03,0.08,1
45.86,22.75,-0.05,0.03,0.08,1
45.87,22.75,-0.05,0.03,0.08,1
45.88,22.75,-0.05,0.03,0.08,1
45.89,22.75,-0.05,0.03,0.08,1
45.90,22.75,-0.05,0.03,0.08,1
45.91,22.75,-0.05,0.03,0.08,1
45.92,22.75,-0.05,0.03,0.08,1
45.93,22.75,-0.05,0.03,0.08,1
45.94,22.75,-0.05,0.03,0.08,1
45.95,22.75,-0.05,0.03,0.08,1
45.96,22.75,-0.05,0.03,0.08,1
45.97,22.75,-0.05,0.03,0.08,1
45.98,22.75,-0.05,0.03,0.08,1
45.99,22.75,-0.05,0.03,0.08,1
46.00,22.75,-0.05,0.03,0.08,1
46.01,22.75,-0.05,0.03,0.08,1
46.02,22.75,-0.05,0.03,0.08,1
46.03,22.75,-0.05,0.03,0.08,1
46.04,22.75,-0.05,0.03,0.08,1
46.05,22.75,-0.05,0.03,0.08,1
46.06,22.75,-0.05,0.03,0.08,1
46.07,22.75,-0.05,0.03,0.08,1
46.08,22.75,-0.05,0.03,0.08,1
46.09,22.75,-0.05,0.03,0.08,1
46.10,22.75,-0.05,0.03,0.08,1
46.11,22.75,-0.05,0.03,0.08,1
46.12,22.75,-0.05,0.03,0.08,1
46.13,22.75,-0.05,0.03,0.08,1
46.14,22.75,-0.05,0.03,0.08,1
46.15,22.75,-0.05,0.03,0.08,1
46.16,22.75,-0.05,0.03,0.08,1
46.17,22.75,-0.05,0.03,0.08,1
46.18,22.75,-0.05,0.03,0.08,1
46.19,22.75,-0.05,0.03,0.08,1
46.20,22.75,-0.05,0.03,0.08,1
46.21,22.75,-0.05,0.03,0.08,1
46.22,22.75,-0.05,0.03,0.08,1
46.23,22.75,-0.05,0.03,0.08,1
46.24,22.75,-0.05,0.03,0.08,1
46.25,22.75,-0.05,0.03,0.08,1
46.26,22.75,-0.05,0.03,0.08,1
46.27,22.75,-0.05,0.03,0.08,1
46.28,22.75,-0.05,0.03,0.08,1
46.29,22.75,-0.05,0.03,0.08,1
46.30,22.75,-0.05,0.03,0.08,1
46.31,22.75,-0.05,0.03,0.08,1
46.32,22.75,-0.05,0.03,0.08,1
46.33,22.75,-0.05,0.03,0.08,1
46.34,22.75,-0.05,0.03,0.08,1
46.35,22.75,-0.05,0.03,0.08,1
46.36,22.75,-0.05,0.03,0.08,1
46.37,22.75,-0.05,0.03,0.08,1
46.38,22.75,-0.05,0.03,0.08,1
46.39,22.75,-0.05,0.03,0.08,1
46.40,22.75,-0.05,0.03,0.08,1
46.41,22.75,-0.05,0.03,0.08,1
46.42,22.75,-0.05,0.03,0.08,1
46.43,22.75,-0.05,0.03,0.08,1
46.44,22.75,-0.05,0.03,0.08,1
46.45,22.75,-0.05,0.03,0.08,1
46.46,22.75,-0.05,0.03,0.08,1
46.47,22.75,-0.05,0.03,0.08,1
46.48,22.75,-0.05,0.03,0.08,1
46.49,22.75,-0.05,0.03,0.08,1
46.50,22.75,-0.05,0.03,0.08,1
46.51,22.75,-0.05,0.03,0.08,1
46.52,22.75,-0.05,0.03,0.08,1
46.53,22.75,-0.05,0.03,0.08,1
46.54,22.75,-0.05,0.03,0.08,1
46.55,22.75,-0.05,0.03,0.08,1
46.56,22.75,-0.05,0.03,0.08,1
46.57,22.75,-0.05,0.03,0.08,1
46.58,22.75,-0.05,0.03,0.08,1
46.59,22.75,-0.05,0.03,0.08,1
46.60,22.75,-0.05,0.03,0.08,1
46.61,22.75,-0.05,0.03,0.08,1
46.62,22.75,-0.05,0.03,0.08,1
46.63,22.75,-0.05,0.03,0.08,1
46.64,22.75,-0.05,0.03,0.08,1
46.65,22.75,-0.05,0.03,0.08,1
46.66,22.75,-0.05,0.03,0.08,1
46.67,22.75,-0.05,0.03,0.08,1
46.68,22.75,-0.05,0.03,0.08,1
46.69,22.75,-0.05,0.03,0.08,1
46.70,22.75,-0.05,0.03,0.08,1
46.71,22.75,-0.05,0.03,0.08,1
46.72,22.75,-0.05,0.03,0.08,1
46.73,22.75,-0.05,0.03,0.08,1
46.74,22.75,-0.05,0.03,0.08,1
46.75,22.75,-0.05,0.03,0.08,1
46.76,22.75,-0.05,0.03,0.08,1
46.77,22.75,-0.05,0.03,0.08,1
46.78,22.75,-0.05,0.03,0.08,1
46.79,22.75,-0.05,0.03,0.08,1
46.80,22.75,-0.05,0.03,0.08,1
46.81,22.75,-0.05,0.03,0.08,1
46.82,22.75,-0.05,0.03,0.08,1
46.83,22.75,-0.05,0.03,0.08,1
46.84,22.75,-0.05,0.03,0.08,1
46.85,22.75,-0.05,0.03,0.08,1
46.86,22.75,-0.05,0.03,0.08,1
46.87,22.75,-0.05,0.03,0.08,1
46.88,22.75,-0.05,0.03,0.08,1
46.89,22.75,-0.05,0.03,0.08,1
46.90,22.75,-0.05,0.03,0.08,1
46.91,22.75,-0.05,0.03,0.08,1
46.92,22.75,-0.05,0.03,0.08,1
46.93,22.75,-0.05,0.03,0.08,1
46.94,22.75,-0.05,0.03,0.08,1
46.95,22.75,-0.05,0.03,0.08,1
46.96,22.75,-0.05,0.03,0.08,1
46.97,22.75,-0.05,0.03,0.08,1
46.98,22.75,-0.05,0.03,0.08,1
46.99,22.75,-0.05,0.03,0.08,1
47.00,22.75,-0.05,0.03,0.08,1
47.01,22.75,-0.05,0.03,0.08,1
47.02,22.75,-0.05,0.03,0.08,1
47.03,22.75,-0.05,0.03,0.08,1
47.04,22.75,-0.05,0.03,0.08,1
47.05,22.75,-0.05,0.03,0.08,1
47.06,22.75,-0.05,0.03,0.08,1
47.07,22.75,-0.05,0.03,0.08,1
47.08,22.75,-0.05,0.03,0.08,1
47.09,22.75,-0.05,0.03,0.08,1
47.10,22.75,-0.05,0.03,0.08,1
47.11,22.75,-0.05,0.03,0.08,1
47.12,22.75,-0.05,0.03,0.08,1
47.13,22.75,-0.05,0.03,0.08,1
47.14,22.75,-0.05,0.03,0.08,1
47.15,22.75,-0.05,0.03,0.08,1
47.16,22.75,-0.05,0.03,0.08,1
47.17,22.75,-0.05,0.03,0.08,1
47.18,22.75,-0.05,0.03,0.08,1
47.19,22.75,-0.05,0.03,0.08,1
47.20,22.75,-0.05,0.03,0.08,1
47.21,22.75,-0.05,0.03,0.08,1
47.22,22.75,-0.05,0.03,0.08,1
47.23,22.75,-0.05,0.03,0.08,1
47.24,22.75,-0.05,0.03,0.08,1
47.25,22.75,-0.05,0.03,0.08,1
47.26,22.75,-0.05,0.03,0.08,1
47.27,22.75,-0.05,0.03,0.08,1
47.28,22.75,-0.05,0.03,0.08,1
47.29,22.75,-0.05,0.03,0.08,1
47.30,22.75,-0.05,0.03,0.08,1
47.31,22.75,-0.05,0.03,0.08,1
47.32,22.75,-0.05,0.03,0.08,1
47.33,22.75,-0.05,0.03,0.08,1
47.34,22.75,-0.05,0.03,0.08,1
47.35,22.75,-0.05,0.03,0.08,1
47.36,22.75,-0.05,0.03,0.08,1
47.37,22.75,-0.05,0.03,0.08,1
47.38,22.75,-0.05,0.03,0.08,1
47.39,22.75,-0.05,0.03,0.08,1
47.40,22.75,-0.05,0.03,0.08,1
47.41,22.75,-0.05,0.03,0.08,1
47.42,22.75,-0.05,0.03,0.08,1
47.43,22.75,-0.05,0.03,0.08,1
47.44,22.75,-0.05,0.03,0.08,1
47.45,22.75,-0.05,0.03,0.08,1
47.46,22.75,-0.05,0.03,0.08,1
47.47,22.75,-0.05,0.03,0.08,1
47.48,22.75,-0.05,0.03,0.08,1
47.49,22.75,-0.05,0.03,0.08,1
47.50,22.75,-0.05,0.03,0.08,1
47.51,22.75,-0.05,0.03,0.08,1
47.52,22.75,-0.05,0.03,0.08,1
47.53,22.75,-0.05,0.03,0.08,1
47.54,22.75,-0.05,0.03,0.08,1
47.55,22.75,-0.05,0.03,0.08,1
47.56,22.75,-0.05,0.03,0.08,1
47.57,22.75,-0.05,0.03,0.08,1
47.58,22.75,-0.05,0.03,0.08,1
47.59,22.75,-0.05,0.03,0.08,1
47.60,22.75,-0.05,0.03,0.08,1
47.61,22.75,-0.05,0.03,0.08,1
47.62,22.75,-0.05,0.03,0.08,1
47.63,22.75,-0.05,0.03,0.08,1
47.64,22.75,-0.05,0.03,0.08,1
47.65,22.75,-0.05,0.03,0.08,1
47.66,22.75,-0.05,0.03,0.08,1
47.67,22.75,-0.05,0.03,0.08,1
47.68,22.75,-0.05,0.03,0.08,1
47.69,22.75,-0.05,0.03,0.08,1
47.70,22.75,-0.05,0.03,0.08,1
47.71,22.75,-0.05,0.03,0.08,1
47.72,22.75,-0.05,0.03,0.08,1
47.73,22.75,-0.05,0.03,0.08,1
47.74,22.75,-0.05,0.03,0.08,1
47.75,22.75,-0.05,0.03,0.08,1
47.76,22.75,-0.05,0.03,0.08,1
47.77,22.75,-0.05,0.03,0.08,1
47.78,22.75,-0.05,0.03,0.08,1
47.79,22.75,-0.05,0.03,0.08,1
47.80,22.75,-0.05,0.03,0.08,1
47.81,22.75,-0.05,0.03,0.08,1
47.82,22.75,-0.05,0.03,0.08,1
47.83,22.75,-0.05,0.03,0.08,1
47.84,22.75,-0.05,0.03,0.08,1
47.85,22.75,-0.05,0.03,0.08,1
47.86,22.75,-0.05,0.03,0.08,1
47.87,22.75,-0.05,0.03,0.08,1
47.88,22.75,-0.05,0.03,0.08,1
47.89,22.75,-0.05,0.03,0.08,1
47.90,22.75,-0.05,0.03,0.08,1
47.91,22.75,-0.05,0.03,0.08,1
47.92,22.75,-0.05,0.03,0.08,1
47.93,22.75,-0.05,0.03,0.08,1
47.94,22.75,-0.05,0.03,0.08,1
47.95,22.75,-0.05,0.03,0.08,1
47.96,22.75,-0.05,0.03,0.08,1
47.97,22.75,-0.05,0.03,0.08,1
47.98,22.75,-0.05,0.03,0.08,1
47.99,22.75,-0.05,0.03,0.08,1
48.00,22.75,-0.05,0.03,0.08,1
48.01,22.75,-0.05,0.03,0.08,1
48.02,22.75,-0.05,0.03,0.08,1
48.03,22.75,-0.05,0.03,0.08,1
48.04,22.75,-0.05,0.03,0.08,1
48.05,22.75,-0.05,0.03,0.08,1
48.06,22.75,-0.05,0.03,0.08,1
48.07,22.75,-0.05,0.03,0.08,1
48.08,22.75,-0.05,0.03,0.08,1
48.09,22.75,-0.05,0.03,0.08,1
48.10,22.75,-0.05,0.03,0.08,1
48.11,22.75,-0.05,0.03,0.08,1
48.12,22.75,-0.05,0.03,0.08,1
48.13,22.75,-0.05,0.03,0.08,1
48.14,22.75,-0.05,0.03,0.08,1
48.15,22.75,-0.05,0.03,0.08,1
48.16,22.75,-0.05,0.03,0.08,1
48.17,22.75,-0.05,0.03,0.08,1
48.18,22.75,-0.05,0.03,0.08,1
48.19,22.75,-0.05,0.03,0.08,1
48.20,22.75,-0.05,0.03,0.08,1
48.21,22.75,-0.05,0.03,0.08,1
48.22,22.75,-0.05,0.03,0.08,1
48.23,22.75,-0.05,0.03,0.08,1
48.24,22.75,-0.05,0.03,0.08,1
48.25,22.75,-0.05,0.03,0.08,1
48.26,22.75,-0.05,0.03,0.08,1
48.27,22.75,-0.05,0.03,0.08,1
48.28,22.75,-0.05,0.03,0.08,1
48.29,22.75,-0.05,0.03,0.08,1
48.30,22.75,-0.05,0.03,0.08,1
48.31,22.75,-0.05,0.03,0.08,1
48.32,22.75,-0.05,0.03,0.08,1
48.33,22.75,-0.05,0.03,0.08,1
48.34,22.75,-0.05,0.03,0.08,1
48.35,22.75,-0.05,0.03,0.08,1
48.36,22.75,-0.05,0.03,0.08,1
48.37,22.75,-0.05,0.03,0.08,1
48.38,22.75,-0.05,0.03,0.08,1
48.39,22.75,-0.05,0.03,0.08,1
48.40,22.75,-0.05,0.03,0.08,1
48.41,22.75,-0.05,0.03,0.08,1
48.42,22.75,-0.05,0.03,0.08,1
48.43,22.75,-0.05,0.03,0.08,1
48.44,22.75,-0.05,0.03,0.08,1
48.45,22.75,-0.05,0.03,0.08,1
48.46,22.75,-0.05,0.03,0.08,1
48.47,22.75,-0.05,0.03,0.08,1
48.48,22.75,-0.05,0.03,0.08,1
48.49,22.75,-0.05,0.03,0.08,1
48.50,22.75,-0.05,0.03,0.08,1
48.51,22.75,-0.05,0.03,0.08,1
48.52,22.75,-0.05,0.03,0.08,1
48.53,22.75,-0.05,0.03,0.08,1
48.54,22.75,-0.05,0.03,0.08,1
48.55,22.75,-0.05,0.03,0.08,1
48.56,22.75,-0.05,0.03,0.08,1
48.57,22.75,-0.05,0.03,0.08,1
48.58,22.75,-0.05,0.03,0.08,1
48.59,22.75,-0.05,0.03,0.08,1
48.60,22.75,-0.05,0.03,0.08,1
48.61,22.75,-0.05,0.03,0.08,1
48.62,22.75,-0.05,0.03,0.08,1
48.63,22.75,-0.05,0.03,0.08,1
48.64,22.75,-0.05,0.03,0.08,1
48.65,22.75,-0.05,0.03,0.08,1
48.66,22.75,-0.05,0.03,0.08,1
48.67,22.75,-0.05,0.03,0.08,1
48.68,22.75,-0.05,0.03,0.08,1
48.69,22.75,-0.05,0.03,0.08,1
48.70,22.75,-0.05,0.03,0.08,1
48.71,22.75,-0.05,0.03,0.08,1
48.72,22.75,-0.05,0.03,0.08,1
48.73,22.75,-0.05,0.03,0.08,1
48.74,22.75,-0.05,0.03,0.08,1
48.75,22.75,-0.05,0.03,0.08,1
48.76,22.75,-0.05,0.03,0.08,1
48.77,22.75,-0.05,0.03,0.08,1
48.78,22.75,-0.05,0.03,0.08,1
48.79,22.75,-0.05,0.03,0.08,1
48.80,22.75,-0.05,0.03,0.08,1
48.81,22.75,-0.05,0.03,0.08,1
48.82,22.75,-0.05,0.03,0.08,1
48.83,22.75,-0.05,0.03,0.08,1
48.84,22.75,-0.05,0.03,0.08,1
48.85,22.75,-0.05,0.03,0.08,1
48.86,22.75,-0.05,0.03,0.08,1
48.87,22.75,-0.05,0.03,0.08,1
48.88,22.75,-0.05,0.03,0.08,1
48.89,22.75,-0.05,0.03,0.08,1
48.90,22.75,-0.05,0.03,0.08,1
48.91,22.75,-0.05,0.03,0.08,1
48.92,22.75,-0.05,0.03,0.08,1
48.93,22.75,-0.05,0.03,0.08,1
48.94,22.75,-0.05,0.03,0.08,1
48.95,22.75,-0.05,0.03,0.08,1
48.96,22.75,-0.05,0.03,0.08,1
48.97,22.75,-0.05,0.03,0.08,1
48.98,22.75,-0.05,0.03,0.08,1
48.99,22.75,-0.05,0.03,0.08,1
49.00,22.75,-0.05,0.03,0.08,1
49.01,22.75,-0.05,0.03,0.08,1
49.02,22.75,-0.05,0.03,0.08,1
49.03,22.75,-0.05,0.03,0.08,1
49.04,22.75,-0.05,0.03,0.08,1
49.05,22.75,-0.05,0.03,0.08,1
49.06,22.75,-0.05,0.03,0.08,1
49.07,22.75,-0.05,0.03,0.08,1
49.08,22.75,-0.05,0.03,0.08,1
49.09,22.75,-0.05,0.03,0.08,1
49.10,22.75,-0.05,0.03,0.08,1
49.11,22.75,-0.05,0.03,0.08,1
49.12,22.75,-0.05,0.03,0.08,1
49.13,22.75,-0.05,0.03,0.08,1
49.14,22.75,-0.05,0.03,0.08,1
49.15,22.75,-0.05,0.03,0.08,1
49.16,22.75,-0.05,0.03,0.08,1
49.17,22.75,-0.05,0.03,0.08,1
49.18,22.75,-0.05,0.03,0.08,1
49.19,22.75,-0.05,0.03,0.08,1
49.20,22.75,-0.05,0.03,0.08,1
49.21,22.75,-0.05,0.03,0.08,1
49.22,22.75,-0.05,0.03,0.08,1
49.23,22.75,-0.05,0.03,0.08,1
49.24,22.75,-0.05,0.03,0.08,1
49.25,22.75,-0.05,0.03,0.08,1
49.26,22.75,-0.05,0.03,0.08,1
49.27,22.75,-0.05,0.03,0.08,1
49.28,22.75,-0.05,0.03,0.08,1
49.29,22.75,-0.05,0.03,0.08,1
49.30,22.75,-0.05,0.03,0.08,1
49.31,22.75,-0.05,0.03,0.08,1
49.32,22.75,-0.05,0.03,0.08,1
49.33,22.75,-0.05,0.03,0.08,1
49.34,22.75,-0.05,0.03,0.08,1
49.35,22.75,-0.05,0.03,0.08,1
49.36,22.75,-0.05,0.03,0.08,1
49.37,22.75,-0.05,0.03,0.08,1
49.38,22.75,-0.05,0.03,0.08,1
49.39,22.75,-0.05,0.03,0.08,1
49.40,22.75,-0.05,0.03,0.08,1
49.41,22.75,-0.05,0.03,0.08,1
49.42,22.75,-0.05,0.03,0.08,1
49.43,22.75,-0.05,0.03,0.08,1
49.44,22.75,-0.05,0.03,0.08,1
49.45,22.75,-0.05,0.03,0.08,1
49.46,22.75,-0.05,0.03,0.08,1
49.47,22.75,-0.05,0.03,0.08,1
49.48,22.75,-0.05,0.03,0.08,1
49.49,22.75,-0.05,0.03,0.08,1
49.50,22.75,-0.05,0.03,0.08,1
49.51,22.75,-0.05,0.03,0.08,1
49.52,22.75,-0.05,0.03,0.08,1
49.53,22.75,-0.05,0.03,0.08,1
49.54,22.75,-0.05,0.03,0.08,1
49.55,22.75,-0.05,0.03,0.08,1
49.56,22.75,-0.05,0.03,0.08,1
49.57,22.75,-0.05,0.03,0.08,1
49.58,22.75,-0.05,0.03,0.08,1
49.59,22.75,-0.05,0.03,0.08,1
49.60,22.75,-0.05,0.03,0.08,1
49.61,22.75,-0.05,0.03,0.08,1
49.62,22.75,-0.05,0.03,0.08,1
49.63,22.75,-0.05,0.03,0.08,1
49.64,22.75,-0.05,0.03,0.08,1
49.65,22.75,-0.05,0.03,0.08,1
49.66,22.75,-0.05,0.03,0.08,1
49.67,22.75,-0.05,0.03,0.08,1
49.68,22.75,-0.05,0.03,0.08,1
49.69,22.75,-0.05,0.03,0.08,1
49.70,22.75,-0.05,0.03,0.08,1
49.71,22.75,-0.05,0.03,0.08,1
49.72,22.75,-0.05,0.03,0.08,1
49.73,22.75,-0.05,0.03,0.08,1
49.74,22.75,-0.05,0.03,0.08,1
49.75,22.75,-0.05,0.03,0.08,1
49.76,22.75,-0.05,0.03,0.08,1
49.77,22.75,-0.05,0.03,0.08,1
49.78,22.75,-0.05,0.03,0.08,1
49.79,22.75,-0.05,0.03,0.08,1
49.80,22.75,-0.05,0.03,0.08,1
49.81,22.75,-0.05,0.03,0.08,1
49.82,22.75,-0.05,0.03,0.08,1
49.83,22.75,-0.05,0.03,0.08,1
49.84,22.75,-0.05,0.03,0.08,1
49.85,22.75,-0.05,0.03,0.08,1
49.86,22.75,-0.05,0.03,0.08,1
49.87,22.75,-0.05,0.03,0.08,1
49.88,22.75,-0.05,0.03,0.08,1
49.89,22.75,-0.05,0.03,0.08,1
49.90,22.75,-0.05,0.03,0.08,1
49.91,22.75,-0.05,0.03,0.08,1
49.92,22.75,-0.05,0.03,0.08,1
49.93,22.75,-0.05,0.03,0.08,1
49.94,22.75,-0.05,0.03,0.08,1
49.95,22.75,-0.05,0.03,0.08,1
49.96,22.75,-0.05,0.03,0.08,1
49.97,22.75,-0.05,0.03,0.08,1
49.98,22.75,-0.05,0.03,0.08,1
49.99,22.75,-0.05,0.03,0.08,1
50.00,22.75,-0.05,0.03,0.08,1
50.01,22.75,-0.05,0.03,0.08,1
50.02,22.75,-0.05,0.03,0.08,1
50.03,22.75,-0.05,0.03,0.08,1
50.04,22.75,-0.05,0.03,0.08,1
50.05,22.75,-0.05,0.03,0.08,1
50.06,22.75,-0.05,0.03,0.08,1
50.07,22.75,-0.05,0.03,0.08,1
50.08,22.75,-0.05,0.03,0.08,1
50.09,22.75,-0.05,0.03,0.08,1
50.10,22.75,-0.05,0.03,0.08,1
50.11,22.75,-0.05,0.03,0.08,1
50.12,22.75,-0.05,0.03,0.08,1
50.13,22.75,-0.05,0.03,0.08,1
50.14,22.75,-0.05,0.03,0.08,1
50.15,22.75,-0.05,0.03,0.08,1
50.16,22.75,-0.05,0.03,0.08,1
50.17,22.75,-0.05,0.03,0.08,1
50.18,22.75,-0.05,0.03,0.08,1
50.19,22.75,-0.05,0.03,0.08,1
50.20,22.75,-0.05,0.03,0.08,1
50.21,22.75,-0.05,0.03,0.08,1
50.22,22.75,-0.05,0.03,0.08,1
50.23,22.75,-0.05,0.03,0.08,1
50.24,22.75,-0.05,0.03,0.08,1
50.25,22.75,-0.05,0.03,0.08,1
50.26,22.75,-0.05,0.03,0.08,1
50.27,22.75,-0.05,0.03,0.08,1
50.28,22.75,-0.05,0.03,0.08,1
50.29,22.75,-0.05,0.03,0.08,1
50.30,22.75,-0.05,0.03,0.08,1
50.31,22.75,-0.05,0.03,0.08,1
50.32,22.75,-0.05,0.03,0.08,1
50.33,22.75,-0.05,0.03,0.08,1
50.34,22.75,-0.05,0.03,0.08,1
50.35,22.75,-0.05,0.03,0.08,1
50.36,22.75,-0.05,0.03,0.08,1
50.37,22.75,-0.05,0.03,0.08,1
50.38,22.75,-0.05,0.03,0.08,1
50.39,22.75,-0.05,0.03,0.08,1
50.40,22.75,-0.05,0.03,0.08,1
50.41,22.75,-0.05,0.03,0.08,1
50.42,22.75,-0.05,0.03,0.08,1
50.43,22.75,-0.05,0.03,0.08,1
50.44,22.75,-0.05,0.03,0.08,1
50.45,22.75,-0.05,0.03,0.08,1
50.46,22.75,-0.05,0.03,0.08,1
50.47,22.75,-0.05,0.03,0.08,1
50.48,22.75,-0.05,0.03,0.08,1
50.49,22.75,-0.05,0.03,0.08,1
50.50,22.75,-0.05,0.03,0.08,1
50.51,22.75,-0.05,0.03,0.08,1
50.52,22.75,-0.05,0.03,0.08,1
50.53,22.75,-0.05,0.03,0.08,1
50.54,22.75,-0.05,0.03,0.08,1
50.55,22.75,-0.05,0.03,0.08,1
50.56,22.75,-0.05,0.03,0.08,1
50.57,22.75,-0.05,0.03,0.08,1
50.58,22.75,-0.05,0.03,0.08,1
50.59,22.75,-0.05,0.03,0.08,1
50.60,22.75,-0.05,0.03,0.08,1
50.61,22.75,-0.05,0.03,0.08,1
50.62,22.75,-0.05,0.03,0.08,1
50.63,22.75,-0.05,0.03,0.08,1
50.64,22.75,-0.05,0.03,0.08,1
50.65,22.75,-0.05,0.03,0.08,1
50.66,22.75,-0.05,0.03,0.08,1
50.67,22.75,-0.05,0.03,0.08,1
50.68,22.75,-0.05,0.03,0.08,1
50.69,22.75,-0.05,0.03,0.08,1
50.70,22.75,-0.05,0.03,0.08,1
50.71,22.75,-0.05,0.03,0.08,1
50.72,22.75,-0.05,0.03,0.08,1
50.73,22.75,-0.05,0.03,0.08,1
50.74,22.75,-0.05,0.03,0.08,1
50.75,22.75,-0.05,0.03,0.08,1
50.76,22.75,-0.05,0.03,0.08,1
50.77,22.75,-0.05,0.03,0.08,1
50.78,22.75,-0.05,0.03,0.08,1
50.79,22.75,-0.05,0.03,0.08,1
50.80,22.75,-0.05,0.03,0.08,1
50.81,22.75,-0.05,0.03,0.08,1
50.82,22.75,-0.05,0.03,0.08,1
50.83,22.75,-0.05,0.03,0.08,1
50.84,22.75,-0.05,0.03,0.08,1
50.85,22.75,-0.05,0.03,0.08,1
50.86,22.75,-0.05,0.03,0.08,1
50.87,22.75,-0.05,0.03,0.08,1
50.88,22.75,-0.05,0.03,0.08,1
50.89,22.75,-0.05,0.03,0.08,1
50.90,22.75,-0.05,0.03,0.08,1
50.91,22.75,-0.05,0.03,0.08,1
50.92,22.75,-0.05,0.03,0.08,1
50.93,22.75,-0.05,0.03,0.08,1
50.94,22.75,-0.05,0.03,0.08,1
50.95,22.75,-0.05,0.03,0.08,1
50.96,22.75,-0.05,0.03,0.08,1
50.97,22.75,-0.05,0.03,0.08,1
50.98,22.75,-0.05,0.03,0.08,1
50.99,22.75,-0.05,0.03,0.08,1
51.00,22.75,-0.05,0.03,0.08,1
51.01,22.75,-0.05,0.03,0.08,1
51.02,22.75,-0.05,0.03,0.08,1
51.03,22.75,-0.05,0.03,0.08,1
51.04,22.75,-0.05,0.03,0.08,1
51.05,22.75,-0.05,0.03,0.08,1
51.06,22.75,-0.05,0.03,0.08,1
51.07,22.75,-0.05,0.03,0.08,1
51.08,22.75,-0.05,0.03,0.08,1
51.09,22.75,-0.05,0.03,0.08,1
51.10,22.75,-0.05,0.03,0.08,1
51.11,22.75,-0.05,0.03,0.08,1
51.12,22.75,-0.05,0.03,0.08,1
51.13,22.75,-0.05,0.03,0.08,1
51.14,22.75,-0.05,0.03,0.08,1
51.15,22.75,-0.05,0.03,0.08,1
51.16,22.75,-0.05,0.03,0.08,1
51.17,22.75,-0.05,0.03,0.08,1
51.18,22.75,-0.05,0.03,0.08,1
51.19,22.75,-0.05,0.03,0.08,1
51.20,22.75,-0.05,0.03,0.08,1
51.21,22.75,-0.05,0.03,0.08,1
51.22,22.75,-0.05,0.03,0.08,1
51.23,22.75,-0.05,0.03,0.08,1
51.24,22.75,-0.05,0.03,0.08,1
51.25,22.75,-0.05,0.03,0.08,1
51.26,22.75,-0.05,0.03,0.08,1
51.27,22.75,-0.05,0.03,0.08,1
51.28,22.75,-0.05,0.03,0.08,1
51.29,22.75,-0.05,0.03,0.08,1
51.30,22.75,-0.05,0.03,0.08,1
51.31,22.75,-0.05,0.03,0.08,1
51.32,22.75,-0.05,0.03,0.08,1
51.33,22.75,-0.05,0.03,0.08,1
51.34,22.75,-0.05,0.03,0.08,1
51.35,22.75,-0.05,0.03,0.08,1
51.36,22.75,-0.05,0.03,0.08,1
51.37,22.75,-0.05,0.03,0.08,1
51.38,22.75,-0.05,0.03,0.08,1
51.39,22.75,-0.05,0.03,0.08,1
51.40,22.75,-0.05,0.03,0.08,1
51.41,22.75,-0.05,0.03,0.08,1
51.42,22.75,-0.05,0.03,0.08,1
51.43,22.75,-0.05,0.03,0.08,1
51.44,22.75,-0.05,0.03,0.08,1
51.45,22.75,-0.05,0.03,0.08,1
51.46,22.75,-0.05,0.03,0.08,1
51.47,22.75,-0.05,0.03,0.08,1
51.48,22.75,-0.05,0.03,0.08,1
51.49,22.75,-0.05,0.03,0.08,1
51.50,22.75,-0.05,0.03,0.08,1
51.51,22.75,-0.05,0.03,0.08,1
51.52,22.75,-0.05,0.03,0.08,1
51.53,22.75,-0.05,0.03,0.08,1
51.54,22.75,-0.05,0.03,0.08,1
51.55,22.75,-0.05,0.03,0.08,1
51.56,22.75,-0.05,0.03,0.08,1
51.57,22.75,-0.05,0.03,0.08,1
51.58,22.75,-0.05,0.03,0.08,1
51.59,22.75,-0.05,0.03,0.08,1
51.60,22.75,-0.05,0.03,0.08,1
51.61,22.75,-0.05,0.03,0.08,1
51.62,22.75,-0.05,0.03,0.08,1
51.63,22.75,-0.05,0.03,0.08,1
51.64,22.75,-0.05,0.03,0.08,1
51.65,22.75,-0.05,0.03,0.08,1
51.66,22.75,-0.05,0.03,0.08,1
51.67,22.75,-0.05,0.03,0.08,1
51.68,22.75,-0.05,0.03,0.08,1
51.69,22.75,-0.05,0.03,0.08,1
51.70,22.75,-0.05,0.03,0.08,1
51.71,22.75,-0.05,0.03,0.08,1
51.72,22.75,-0.05,0.03,0.08,1
51.73,22.75,-0.05,0.03,0.08,1
51.74,22.75,-0.05,0.03,0.08,1
51.75,22.75,-0.05,0.03,0.08,1
51.76,22.75,-0.05,0.03,0.08,1
51.77,22.75,-0.05,0.03,0.08,1
51.78,22.75,-0.05,0.03,0.08,1
51.79,22.75,-0.05,0.03,0.08,1
51.80,22.75,-0.05,0.03,0.08,1
51.81,22.75,-0.05,0.03,0.08,1
51.82,22.75,-0.05,0.03,0.08,1
51.83,22.75,-0.05,0.03,0.08,1
51.84,22.75,-0.05,0.03,0.08,1
51.85,22.75,-0.05,0.03,0.08,1
51.86,22.75,-0.05,0.03,0.08,1
51.87,22.75,-0.05,0.03,0.08,1
51.88,22.75,-0.05,0.03,0.08,1
51.89,22.75,-0.05,0.03,0.08,1
51.90,22.75,-0.05,0.03,0.08,1
51.91,22.75,-0.05,0.03,0.08,1
51.92,22.75,-0.05,0.03,0.08,1
51.93,22.75,-0.05,0.03,0.08,1
51.94,22.75,-0.05,0.03,0.08,1
51.95,22.75,-0.05,0.03,0.08,1
51.96,22.75,-0.05,0.03,0.08,1
51.97,22.75,-0.05,0.03,0.08,1
51.98,22.75,-0.05,0.03,0.08,1
51.99,22.75,-0.05,0.03,0.08,1
52.00,22.75,-0.05,0.03,0.08,1
52.01,22.75,-0.05,0.03,0.08,1
52.02,22.75,-0.05,0.03,0.08,1
52.03,22.75,-0.05,0.03,0.08,1
52.04,22.75,-0.05,0.03,0.08,1
52.05,22.75,-0.05,0.03,0.08,1
52.06,22.75,-0.05,0.03,0.08,1
52.07,22.75,-0.05,0.03,0.08,1
52.08,22.75,-0.05,0.03,0.08,1
52.09,22.75,-0.05,0.03,0.08,1
52.10,22.75,-0.05,0.03,0.08,1
52.11,22.75,-0.05,0.03,0.08,1
52.12,22.75,-0.05,0.03,0.08,1
52.13,22.75,-0.05,0.03,0.08,1
52.14,22.75,-0.05,0.03,0.08,1
52.15,22.75,-0.05,0.03,0.08,1
52.16,22.75,-0.05,0.03,0.08,1
52.17,22.75,-0.05,0.03,0.08,1
52.18,22.75,-0.05,0.03,0.08,1
52.19,22.75,-0.05,0.03,0.08,1
52.20,22.75,-0.05,0.03,0.08,1
52.21,22.75,-0.05,0.03,0.08,1
52.22,22.75,-0.05,0.03,0.08,1
52.23,22.75,-0.05,0.03,0.08,1
52.24,22.75,-0.05,0.03,0.08,1
52.25,22.75,-0.05,0.03,0.08,1
52.26,22.75,-0.05,0.03,0.08,1
52.27,22.75,-0.05,0.03,0.08,1
52.28,22.75,-0.05,0.03,0.08,1
52.29,22.75,-0.05,0.03,0.08,1
52.30,22.75,-0.05,0.03,0.08,1
52.31,22.75,-0.05,0.03,0.08,1
52.32,22.75,-0.05,0.03,0.08,1
52.33,22.75,-0.05,0.03,0.08,1
52.34,22.75,-0.05,0.03,0.08,1
52.35,22.75,-0.05,0.03,0.08,1
52.36,22.75,-0.05,0.03,0.08,1
52.37,22.75,-0.05,0.03,0.08,1
52.38,22.75,-0.05,0.03,0.08,1
52.39,22.75,-0.05,0.03,0.08,1
52.40,22.75,-0.05,0.03,0.08,1
52.41,22.75,-0.05,0.03,0.08,1
52.42,22.75,-0.05,0.03,0.08,1
52.43,22.75,-0.05,0.03,0.08,1
52.44,22.75,-0.05,0.03,0.08,1
52.45,22.75,-0.05,0.03,0.08,1
52.46,22.75,-0.05,0.03,0.08,1
52.47,22.75,-0.05,0.03,0.08,1
52.48,22.75,-0.05,0.03,0.08,1
52.49,22.75,-0.05,0.03,0.08,1
52.50,22.75,-0.05,0.03,0.08,1
52.51,22.75,-0.05,0.03,0.08,1
