ets Jul 29 2019 12:21:46
rst:0x1 (POWERON_RESET),boot:0x13 (SPI_FAST_FLASH_BOOT)
configsip: 0, SPIWP:0xee
clk_drv:0x00,q_drv:0x00,d_drv:0x00,cs0_drv:0x00,hd_drv:0x00,wp_drv:0x00
mode:DIO, clock div:2
load:0x3fff0030,len:1184
load:0x40078000,len:13232
load:0x40080400,len:3028
entry 0x400805e4
Iniciando ESP32 + Encoder + PID + MQTT
Conectando a WiFi.............
WiFi conectado. IP: 192.168.18.40
Sistema iniciado
0.00,44.31,0.00,0.00
0.01,-19.22,0.10,0.00
Conectando a WiFi0.02,-19.22,0.10,0.00
0.03,-19.61,0.12,0.00
0.04,-19.61,0.12,0.00
0.05,3.92,-0.03,0.00
0.06,14.90,-0.09,0.00
0.07,7.06,-0.05,0.00
0.08,-3.92,0.00,0.00
0.09,-4.71,0.01,0.00
0.10,-4.31,0.01,0.00
0.11,-4.31,0.01,0.00
0.12,-4.31,0.01,0.00
0.13,-4.31,0.01,0.00
0.14,-4.31,0.01,0.00
0.15,-4.31,0.01,0.00
0.16,-4.31,0.01,0.00
0.17,-4.31,0.01,0.00
0.18,-4.31,0.01,0.00
0.19,-4.31,0.01,0.00
0.20,-4.31,0.01,0.00
0.21,-4.31,0.01,0.00
0.22,-3.92,0.01,0.00
0.23,-3.92,0.01,0.00
0.24,-3.92,0.01,0.00
0.25,-3.92,0.01,0.00
0.26,-3.92,0.01,0.00
0.27,-3.92,0.01,0.00
0.28,-3.92,0.01,0.00
0.29,-3.92,0.01,0.00
0.30,-3.92,0.01,0.00
0.31,-3.92,0.01,0.00
0.32,-3.92,0.01,0.00
0.33,-3.92,0.01,0.00
0.34,-3.92,0.01,0.00
0.35,-3.92,0.01,0.00
0.36,-3.53,0.01,0.00
0.37,-3.53,0.01,0.00
0.38,-3.53,0.01,0.00
0.39,-3.53,0.01,0.00
0.40,-3.53,0.01,0.00
0.41,-3.53,0.01,0.00
0.42,-3.53,0.01,0.00
0.43,-3.53,0.01,0.00
0.44,-3.53,0.01,0.00
0.45,-3.53,0.01,0.00
0.46,-3.53,0.01,0.00
0.47,-3.53,0.01,0.00
0.48,-3.53,0.01,0.00
0.49,-3.53,0.01,0.00
0.50,-3.53,0.01,0.00
0.51,-3.14,0.01,0.00
.0.52,-3.14,0.01,0.00
0.53,-3.14,0.01,0.00
0.54,-3.14,0.01,0.00
0.55,-3.14,0.01,0.00
0.56,-3.14,0.01,0.00
0.57,-3.14,0.01,0.00
0.58,-3.14,0.01,0.00
0.59,-3.14,0.01,0.00
0.60,-3.14,0.01,0.00
0.61,-3.14,0.01,0.00
0.62,-3.14,0.01,0.00
0.63,-3.14,0.01,0.00
0.64,-3.14,0.01,0.00
0.65,-3.14,0.01,0.00
0.66,-3.14,0.01,0.00
0.67,-3.14,0.01,0.00
0.68,-3.14,0.01,0.00
0.69,-3.14,0.01,0.00
0.70,-2.75,0.01,0.00
0.71,-2.75,0.01,0.00
0.72,-2.75,0.01,0.00
0.73,-2.75,0.01,0.00
0.74,-2.75,0.01,0.00
0.75,-2.75,0.01,0.00
0.76,-2.75,0.01,0.00
0.77,-2.75,0.01,0.00
0.78,-2.75,0.01,0.00
0.79,-2.75,0.01,0.00
0.80,-2.75,0.01,0.00
0.81,-2.75,0.01,0.00
0.82,-2.75,0.01,0.00
0.83,-2.75,0.01,0.00
0.84,-2.75,0.01,0.00
0.85,-2.75,0.01,0.00
0.86,-2.75,0.01,0.00
0.87,-2.75,0.01,0.00
0.88,-2.75,0.01,0.00
0.89,-2.75,0.01,0.00
0.90,-2.75,0.01,0.00
0.91,-2.75,0.01,0.00
0.92,-2.75,0.01,0.00
0.93,-2.35,0.01,0.00
0.94,-2.35,0.01,0.00
0.95,-2.35,0.01,0.00
0.96,-2.35,0.01,0.00
0.97,-2.35,0.01,0.00
0.98,-2.35,0.01,0.00
0.99,-2.35,0.01,0.00
1.00,-2.35,0.01,0.00
1.01,-2.35,0.01,0.00
.1.02,-2.35,0.01,0.00
1.03,-2.35,0.01,0.00
1.04,-2.35,0.01,0.00
1.05,-2.35,0.01,0.00
1.06,-2.35,0.01,0.00
1.07,-2.35,0.01,0.00
1.08,-2.35,0.01,0.00
1.09,-2.35,0.01,0.00
1.10,-2.35,0.01,0.00
1.11,-2.35,0.01,0.00
1.12,-2.35,0.01,0.00
1.13,-2.35,0.01,0.00
1.14,-2.35,0.01,0.00
1.15,-2.35,0.01,0.00
1.16,-2.35,0.01,0.00
1.17,-2.35,0.01,0.00
1.18,-2.35,0.01,0.00
1.19,-2.35,0.01,0.00
1.20,-2.35,0.01,0.00
1.21,-2.35,0.01,0.00
1.22,-2.35,0.01,0.00
1.23,-1.96,0.01,0.00
1.24,-1.96,0.01,0.00
1.25,-1.96,0.01,0.00
1.26,-1.96,0.01,0.00
1.27,-1.96,0.01,0.00
1.28,-1.96,0.01,0.00
1.29,-1.96,0.01,0.00
1.30,-1.96,0.01,0.00
1.31,-1.96,0.01,0.00
1.32,-1.96,0.01,0.00
1.33,-1.96,0.01,0.00
1.34,-1.96,0.01,0.00
1.35,-1.96,0.01,0.00
1.36,-1.96,0.01,0.00
1.37,-1.96,0.01,0.00
1.38,-1.96,0.01,0.00
1.39,-1.96,0.01,0.00
1.40,-1.96,0.01,0.00
1.41,-1.96,0.01,0.00
1.42,-1.96,0.01,0.00
1.43,-1.96,0.01,0.00
1.44,-1.96,0.01,0.00
1.45,-1.96,0.01,0.00
1.46,-1.96,0.01,0.00
1.47,-1.96,0.01,0.00
1.48,-1.96,0.01,0.00
1.49,-1.96,0.01,0.00
1.50,-1.96,0.01,0.00
1.51,-1.96,0.01,0.00
.1.52,-1.96,0.01,0.00
1.53,-1.96,0.01,0.00
1.54,-1.96,0.01,0.00
1.55,-1.96,0.01,0.00
1.56,-1.96,0.01,0.00
1.57,-1.96,0.01,0.00
1.58,-1.96,0.01,0.00
1.59,-1.96,0.01,0.00
1.60,-1.96,0.01,0.00
1.61,-1.96,0.01,0.00
1.62,-1.96,0.01,0.00
1.63,-1.96,0.01,0.00
1.64,-1.96,0.01,0.00
1.65,-1.57,0.01,0.00
1.66,-1.57,0.01,0.00
1.67,-1.57,0.01,0.00
1.68,-1.57,0.01,0.00
1.69,-1.57,0.01,0.00
1.70,-1.57,0.01,0.00
1.71,-1.57,0.01,0.00
1.72,-1.57,0.01,0.00
1.73,-1.57,0.01,0.00
1.74,-1.57,0.01,0.00
1.75,-1.57,0.01,0.00
1.76,-1.57,0.01,0.00
1.77,-1.57,0.01,0.00
1.78,-1.57,0.01,0.00
1.79,-1.57,0.01,0.00
1.80,-1.57,0.01,0.00
1.81,-1.57,0.01,0.00
1.82,-1.57,0.01,0.00
1.83,-1.57,0.01,0.00
1.84,-1.57,0.01,0.00
1.85,-1.57,0.01,0.00
1.86,-1.57,0.01,0.00
1.87,-1.57,0.01,0.00
1.88,-1.57,0.01,0.00
1.89,-1.57,0.01,0.00
1.90,-1.57,0.01,0.00
1.91,-1.57,0.01,0.00
1.92,-1.57,0.01,0.00
1.93,-1.57,0.01,0.00
1.94,-1.57,0.01,0.00
1.95,-1.57,0.01,0.00
1.96,-1.57,0.01,0.00
1.97,-1.57,0.01,0.00
1.98,-1.57,0.01,0.00
1.99,-1.57,0.01,0.00
2.00,-1.57,0.01,0.00
2.01,-1.57,0.01,0.00
.2.02,-1.57,0.01,0.00
2.03,-1.57,0.01,0.00
2.04,-1.57,0.01,0.00
2.05,-1.57,0.01,0.00
2.06,-1.57,0.01,0.00
2.07,-1.57,0.01,0.00
2.08,-1.57,0.01,0.00
2.09,-1.57,0.01,0.00
2.10,-1.57,0.01,0.00
2.11,-1.57,0.01,0.00
2.12,-1.57,0.01,0.00
2.13,-1.57,0.01,0.00
2.14,-1.57,0.01,0.00
2.15,-1.57,0.01,0.00
2.16,-1.57,0.01,0.00
2.17,-1.57,0.01,0.00
2.18,-1.57,0.01,0.00
2.19,-1.57,0.01,0.00
2.20,-1.57,0.01,0.00
2.21,-1.57,0.01,0.00
2.22,-1.57,0.01,0.00
2.23,-1.57,0.01,0.00
2.24,-1.57,0.01,0.00
2.25,-1.57,0.01,0.00
2.26,-1.57,0.01,0.00
2.27,-1.57,0.01,0.00
2.28,-1.57,0.01,0.00
2.29,-1.57,0.01,0.00
2.30,-1.57,0.01,0.00
2.31,-1.57,0.01,0.00
2.32,-1.57,0.01,0.00
2.33,-1.57,0.01,0.00
2.34,-1.57,0.01,0.00
2.35,-1.57,0.01,0.00
2.36,-1.57,0.01,0.00
2.37,-1.57,0.01,0.00
2.38,-1.57,0.01,0.00
2.39,-1.18,0.01,0.00
2.40,-1.18,0.01,0.00
2.41,-1.18,0.01,0.00
2.42,-1.18,0.01,0.00
2.43,-1.18,0.01,0.00
2.44,-1.18,0.01,0.00
2.45,-1.18,0.01,0.00
2.46,-1.18,0.01,0.00
2.47,-1.18,0.01,0.00
2.48,-1.18,0.01,0.00
2.49,-1.18,0.01,0.00
2.50,-1.18,0.01,0.00
2.51,-1.18,0.01,0.00
.2.52,-1.18,0.01,0.00
2.53,-1.18,0.01,0.00
2.54,-1.18,0.01,0.00
2.55,-1.18,0.01,0.00
2.56,-1.18,0.01,0.00
2.57,-1.18,0.01,0.00
2.58,-1.18,0.01,0.00
2.59,-1.18,0.01,0.00
2.60,-1.18,0.01,0.00
2.61,-1.18,0.01,0.00
2.62,-1.18,0.01,0.00
2.63,-1.18,0.01,0.00
2.64,-1.18,0.01,0.00
2.65,-1.18,0.01,0.00
2.66,-1.18,0.01,0.00
2.67,-1.18,0.01,0.00
2.68,-1.18,0.01,0.00
2.69,-3.53,0.02,0.00
2.70,-9.02,0.04,0.00
2.71,-11.76,0.06,0.00
2.72,-12.94,0.06,0.00
2.73,-15.29,0.08,0.00
2.74,-16.08,0.08,0.00
2.75,-16.47,0.09,0.00
2.76,-16.86,0.09,0.00
2.77,-17.25,0.09,0.00
2.78,-17.65,0.10,0.00
2.79,-18.04,0.10,0.00
2.80,-18.43,0.10,0.00
2.81,-18.43,0.11,0.00
2.82,-19.22,0.12,0.00
2.83,-19.22,0.12,0.00
2.84,-19.61,0.14,0.00
2.85,-19.61,0.17,0.00
2.86,-20.00,0.22,0.00
2.87,-20.39,0.30,0.00
2.88,-20.78,0.39,0.00
2.89,-21.18,0.49,0.00
2.90,-21.57,0.63,0.00
2.91,-22.35,0.75,0.00
2.92,-22.75,0.84,0.00
2.93,-23.14,0.95,0.00
2.94,-23.53,1.08,0.00
2.95,-24.31,1.28,0.00
2.96,-25.10,1.48,0.00
2.97,-25.88,1.67,0.00
2.98,-27.06,1.90,0.00
2.99,-27.84,2.14,0.00
3.00,-29.02,2.37,0.00
3.01,-29.80,2.61,0.00
.3.02,-30.59,2.79,0.00
3.03,-30.98,2.95,0.00
3.04,-31.76,3.10,0.00
3.05,-32.16,3.23,0.00
3.06,-32.55,3.33,0.00
3.07,-32.94,3.42,0.00
3.08,-33.33,3.53,0.00
3.09,-34.12,3.66,0.00
3.10,-34.51,3.79,0.00
3.11,-34.90,3.90,0.00
3.12,-35.29,3.99,0.00
3.13,-35.69,4.10,0.00
3.14,-36.08,4.23,0.00
3.15,-36.86,4.37,0.00
3.16,-37.65,4.59,0.00
3.17,-37.65,4.59,0.00
3.18,-38.04,4.68,0.00
3.19,-38.43,4.79,0.00
3.20,-38.82,4.93,0.00
3.21,-39.22,5.08,0.00
3.22,-39.61,5.18,0.00
3.23,-40.00,5.28,0.00
3.24,-40.39,5.39,0.00
3.25,-40.78,5.49,0.00
3.26,-41.57,5.62,0.00
3.27,-41.96,5.71,0.00
3.28,-41.96,5.77,0.00
3.29,-41.96,5.82,0.00
3.30,-42.35,5.86,0.00
3.31,-42.35,5.90,0.00
3.32,-42.35,5.90,0.00
3.33,-42.35,5.90,0.00
3.34,-41.96,5.88,0.00
3.35,-41.96,5.85,0.00
3.36,-41.57,5.78,0.00
3.37,-41.18,5.67,0.00
3.38,-40.39,5.55,0.00
3.39,-40.00,5.44,0.00
3.40,-39.22,5.28,0.00
3.41,-38.43,5.07,0.00
3.42,-37.25,4.83,0.00
3.43,-36.47,4.60,0.00
3.44,-35.29,4.33,0.00
3.45,-34.12,4.07,0.00
3.46,-32.94,3.79,0.00
3.47,-31.76,3.52,0.00
3.48,-30.59,3.26,0.00
3.49,-29.41,2.99,0.00
3.50,-28.63,2.74,0.00
3.51,-27.45,2.47,0.00
.
WiFi conectado. IP: 192.168.18.40
Conectando a MQTT... 3.52,-25.49,2.01,0.00
3.53,-25.49,2.01,0.00
3.54,-24.71,1.79,0.00
3.55,-23.53,1.59,0.00
3.56,-22.75,1.40,0.00
3.57,-21.96,1.22,0.00
3.58,-21.57,1.07,0.00
3.59,-21.18,0.94,0.00
3.60,-20.39,0.81,0.00
3.61,-20.00,0.66,0.00
3.62,-12.55,0.53,0.00
3.63,-7.45,0.50,0.00
3.64,-9.80,0.51,0.00
3.65,-10.20,0.51,0.00
3.66,-10.98,0.51,0.00
3.67,-11.76,0.51,0.00
3.68,-12.16,0.51,0.00
3.69,-13.33,0.51,0.00
3.70,-14.51,0.51,0.00
3.71,-15.69,0.52,0.00
3.72,-17.25,0.52,0.00
3.73,-17.25,0.52,0.00
3.74,-18.04,0.53,0.00
3.75,-18.82,0.53,0.00
3.76,-19.22,0.54,0.00
3.77,-19.22,0.54,0.00
3.78,-19.61,0.54,0.00
3.79,-19.61,0.55,0.00
3.80,-19.61,0.55,0.00
3.81,-19.61,0.56,0.00
3.82,-19.61,0.56,0.00
3.83,-19.61,0.56,0.00
3.84,-19.61,0.56,0.00
3.85,-19.61,0.56,0.00
3.86,-19.61,0.56,0.00
3.87,-19.61,0.56,0.00
3.88,-19.61,0.55,0.00
3.89,-19.61,0.55,0.00
3.90,-19.61,0.55,0.00
3.91,-19.61,0.54,0.00
3.92,-19.61,0.54,0.00
3.93,-19.61,0.53,0.00
3.94,-19.61,0.53,0.00
3.95,-19.61,0.52,0.00
3.96,-19.61,0.51,0.00
3.97,-19.61,0.51,0.00
3.98,-19.61,0.50,0.00
3.99,-19.61,0.49,0.00
4.00,-19.22,0.48,0.00
4.01,-18.82,0.47,0.00
4.02,-16.86,0.44,0.00
4.03,-16.86,0.44,0.00
4.04,-16.08,0.43,0.00
4.05,-14.90,0.42,0.00
4.06,-14.51,0.42,0.00
4.07,-14.51,0.42,0.00
4.08,-14.90,0.42,0.00
4.09,-15.29,0.42,0.00
4.10,-14.90,0.41,0.00
4.11,-15.29,0.41,0.00
4.12,-15.29,0.41,0.00
4.13,-15.69,0.41,0.00
4.14,-15.69,0.41,0.00
4.15,-16.08,0.41,0.00
4.16,-16.47,0.41,0.00
4.17,-16.86,0.41,0.00
4.18,-16.86,0.41,0.00
4.19,-16.86,0.40,0.00
4.20,-17.25,0.40,0.00
4.21,-16.86,0.40,0.00
4.22,-16.86,0.40,0.00
4.23,-16.47,0.39,0.00
4.24,-16.47,0.39,0.00
4.25,-16.08,0.39,0.00
4.26,-16.08,0.38,0.00
4.27,-15.69,0.38,0.00
4.28,-15.69,0.38,0.00
4.29,-15.29,0.37,0.00
4.30,-15.29,0.37,0.00
4.31,-14.90,0.37,0.00
4.32,-14.90,0.36,0.00
4.33,-14.51,0.36,0.00
4.34,-13.73,0.35,0.00
4.35,-12.94,0.35,0.00
4.36,-12.55,0.34,0.00
4.37,-12.55,0.34,0.00
4.38,-12.16,0.34,0.00
4.39,-11.37,0.33,0.00
4.40,-11.37,0.33,0.00
4.41,-11.37,0.32,0.00
4.42,-9.41,0.31,0.00
4.43,-9.02,0.31,0.00
4.44,-9.02,0.31,0.00
4.45,-8.63,0.30,0.00
4.46,-9.02,0.30,0.00
4.47,-8.63,0.30,0.00
4.48,-9.02,0.30,0.00
4.49,-7.84,0.29,0.00
4.50,-8.24,0.29,0.00
4.51,-8.63,0.29,0.00
4.52,-9.02,0.29,0.00
4.53,-9.41,0.29,0.00
4.54,-9.80,0.29,0.00
4.55,-10.20,0.29,0.00
4.56,-10.59,0.29,0.00
4.57,-10.98,0.29,0.00
4.58,-10.98,0.29,0.00
4.59,-11.37,0.29,0.00
4.60,-11.76,0.29,0.00
4.61,-12.16,0.29,0.00
4.62,-12.55,0.29,0.00
4.63,-12.55,0.29,0.00
4.64,-12.94,0.29,0.00
4.65,-13.33,0.29,0.00
4.66,-13.33,0.29,0.00
4.67,-13.73,0.29,0.00
4.68,-14.12,0.29,0.00
4.69,-14.12,0.29,0.00
4.70,-13.73,0.29,0.00
4.71,-14.12,0.29,0.00
4.72,-14.51,0.29,0.00
4.73,-14.12,0.29,0.00
4.74,-14.12,0.29,0.00
4.75,-14.12,0.28,0.00
4.76,-14.12,0.28,0.00
4.77,-14.51,0.28,0.00
4.78,-14.51,0.28,0.00
4.79,-14.90,0.28,0.00
4.80,-14.90,0.28,0.00
4.81,-15.69,0.29,0.00
4.82,-16.86,0.29,0.00
4.83,-18.82,0.31,0.00
4.84,-19.61,0.34,0.00
4.85,-20.00,0.38,0.00
4.86,-20.39,0.49,0.00
4.87,-21.18,0.68,0.00
4.88,-21.96,0.91,0.00
4.89,-23.14,1.19,0.00
4.90,-24.31,1.47,0.00
4.91,-25.49,1.72,0.00
4.92,-26.67,1.99,0.00
4.93,-27.45,2.24,0.00
4.94,-28.63,2.49,0.00
4.95,-29.41,2.73,0.00
4.96,-30.59,2.97,0.00
4.97,-31.37,3.20,0.00
4.98,-32.16,3.38,0.00
4.99,-32.94,3.53,0.00
5.00,-33.33,3.68,0.00
5.01,-33.73,3.80,0.00
5.02,-34.12,3.86,0.00
5.03,-34.12,3.90,0.00
5.04,-34.51,3.94,0.00
5.05,-34.51,3.97,0.00
5.06,-34.51,3.98,0.00
5.07,-34.51,3.99,0.00
5.08,-34.51,3.99,0.00
5.09,-34.51,3.97,0.00
5.10,-34.12,3.94,0.00
5.11,-33.73,3.86,0.00
5.12,-33.33,3.73,0.00
5.13,-32.55,3.57,0.00
5.14,-31.76,3.33,0.00
5.15,-30.20,3.01,0.00
5.16,-28.63,2.67,0.00
5.17,-27.45,2.31,0.00
5.18,-25.88,1.95,0.00
5.19,-24.31,1.58,0.00
5.20,-22.75,1.23,0.00
5.21,-21.57,0.91,0.00
5.22,-20.00,0.61,0.00
5.23,2.75,0.34,0.00
5.24,20.00,0.17,0.00
5.25,20.00,0.15,0.00
5.26,20.00,0.15,0.00
5.27,20.00,0.16,0.00
5.28,19.61,0.17,0.00
5.29,19.61,0.19,0.00
5.30,16.86,0.24,0.00
5.31,0.39,0.32,0.00
5.32,-9.02,0.37,0.00
5.33,-9.41,0.37,0.00
5.34,-10.20,0.37,0.00
5.35,-10.59,0.37,0.00
5.36,-10.98,0.37,0.00
5.37,-11.37,0.37,0.00
5.38,-11.76,0.37,0.00
5.39,-12.55,0.37,0.00
5.40,-12.55,0.37,0.00
5.41,-12.94,0.37,0.00
5.42,-13.33,0.37,0.00
5.43,-13.73,0.37,0.00
5.44,-14.12,0.37,0.00
5.45,-14.51,0.37,0.00
5.46,-14.51,0.37,0.00
5.47,-14.90,0.37,0.00
5.48,-14.90,0.36,0.00
5.49,-14.90,0.36,0.00
5.50,-15.29,0.36,0.00
5.51,-15.69,0.36,0.00
5.52,-16.08,0.36,0.00
5.53,-15.69,0.36,0.00
5.54,-15.29,0.36,0.00
5.55,-15.29,0.35,0.00
5.56,-14.90,0.35,0.00
5.57,-14.90,0.35,0.00
5.58,-14.51,0.34,0.00
5.59,-14.12,0.34,0.00
5.60,-14.12,0.34,0.00
5.61,-13.73,0.33,0.00
5.62,-13.33,0.33,0.00
5.63,-13.73,0.33,0.00
5.64,-13.33,0.32,0.00
5.65,-13.73,0.32,0.00
5.66,-13.33,0.32,0.00
5.67,-13.73,0.32,0.00
5.68,-14.12,0.32,0.00
5.69,-13.73,0.32,0.00
5.70,-13.33,0.31,0.00
5.71,-13.73,0.31,0.00
5.72,-14.12,0.31,0.00
5.73,-14.12,0.31,0.00
5.74,-14.51,0.31,0.00
5.75,-14.12,0.31,0.00
5.76,-14.51,0.31,0.00
5.77,-14.90,0.31,0.00
5.78,-14.90,0.31,0.00
5.79,-14.90,0.31,0.00
5.80,-14.90,0.31,0.00
5.81,-15.29,0.31,0.00
5.82,-15.29,0.31,0.00
5.83,-15.29,0.30,0.00
5.84,-14.90,0.30,0.00
5.85,-14.90,0.30,0.00
5.86,-14.90,0.30,0.00
5.87,-14.51,0.29,0.00
5.88,-14.51,0.29,0.00
5.89,-14.90,0.29,0.00
5.90,-15.29,0.29,0.00
5.91,-15.29,0.29,0.00
5.92,-15.69,0.29,0.00
5.93,-15.69,0.29,0.00
5.94,-16.08,0.29,0.00
5.95,-16.08,0.29,0.00
5.96,-15.69,0.29,0.00
5.97,-16.08,0.29,0.00
5.98,-16.08,0.29,0.00
5.99,-16.47,0.29,0.00
6.00,-16.47,0.29,0.00
6.01,-16.47,0.29,0.00
6.02,-16.08,0.28,0.00
6.03,-15.69,0.28,0.00
6.04,-15.29,0.28,0.00
6.05,-14.90,0.27,0.00
6.06,-14.12,0.27,0.00
6.07,-13.73,0.26,0.00
6.08,-14.12,0.26,0.00
6.09,-14.12,0.26,0.00
6.10,-13.73,0.26,0.00
6.11,-14.12,0.26,0.00
6.12,-13.73,0.25,0.00
6.13,-14.12,0.25,0.00
6.14,-13.73,0.25,0.00
6.15,-13.73,0.25,0.00
6.16,-14.12,0.25,0.00
6.17,-13.73,0.25,0.00
6.18,-13.73,0.25,0.00
6.19,-14.12,0.25,0.00
6.20,-13.73,0.24,0.00
6.21,-13.73,0.24,0.00
6.22,-13.33,0.24,0.00
6.23,-13.73,0.24,0.00
6.24,-13.33,0.24,0.00
6.25,-13.33,0.24,0.00
6.26,-12.94,0.23,0.00
6.27,-13.33,0.23,0.00
6.28,-13.73,0.23,0.00
6.29,-13.73,0.23,0.00
6.30,-13.73,0.23,0.00
6.31,-14.12,0.23,0.00
6.32,-14.12,0.23,0.00
6.33,-14.12,0.23,0.00
6.34,-14.51,0.23,0.00
6.35,-14.51,0.23,0.00
6.36,-14.90,0.23,0.00
6.37,-14.90,0.23,0.00
6.38,-14.90,0.23,0.00
6.39,-15.29,0.23,0.00
6.40,-15.29,0.23,0.00
6.41,-15.69,0.23,0.00
6.42,-15.29,0.23,0.00
6.43,-15.29,0.23,0.00
6.44,-15.29,0.23,0.00
6.45,-15.69,0.23,0.00
6.46,-15.69,0.23,0.00
6.47,-15.69,0.23,0.00
6.48,-16.08,0.23,0.00
6.49,-16.08,0.23,0.00
6.50,-16.47,0.23,0.00
6.51,-16.86,0.23,0.00
6.52,-16.86,0.23,0.00
fallo, rc=-2 -> reintentando en 2 s
6.53,-17.25,0.24,0.00
6.54,-17.65,0.24,0.00
6.55,-17.65,0.24,0.00
6.56,-18.04,0.24,0.00
6.57,-18.04,0.24,0.00
6.58,-18.04,0.24,0.00
6.59,-18.04,0.24,0.00
6.60,-18.43,0.24,0.00
6.61,-18.43,0.24,0.00
6.62,-18.82,0.25,0.00
6.63,-18.82,0.25,0.00
6.64,-18.82,0.25,0.00
6.65,-19.22,0.25,0.00
6.66,-19.22,0.25,0.00
6.67,-19.22,0.25,0.00
6.68,-19.22,0.25,0.00
6.69,-19.22,0.25,0.00
6.70,-19.22,0.25,0.00
6.71,-19.22,0.25,0.00
6.72,-19.22,0.25,0.00
6.73,-19.22,0.24,0.00
6.74,-19.22,0.24,0.00
6.75,-19.22,0.24,0.00
6.76,-19.22,0.24,0.00
6.77,-18.82,0.24,0.00
6.78,-18.82,0.24,0.00
6.79,-18.82,0.24,0.00
6.80,-18.82,0.23,0.00
6.81,-18.82,0.23,0.00
6.82,-18.82,0.23,0.00
6.83,-18.43,0.23,0.00
6.84,-18.43,0.23,0.00
6.85,-18.43,0.23,0.00
6.86,-18.43,0.23,0.00
6.87,-18.82,0.23,0.00
6.88,-18.82,0.23,0.00
6.89,-18.82,0.23,0.00
6.90,-18.43,0.22,0.00
6.91,-18.43,0.22,0.00
6.92,-18.43,0.22,0.00
6.93,-18.43,0.22,0.00
6.94,-18.04,0.22,0.00
6.95,-18.04,0.22,0.00
6.96,-18.04,0.21,0.00
6.97,-18.04,0.21,0.00
6.98,-18.04,0.21,0.00
6.99,-17.65,0.21,0.00
7.00,-18.04,0.21,0.00
7.01,-17.65,0.21,0.00
7.02,-17.25,0.20,0.00
7.03,-17.25,0.20,0.00
7.04,-16.86,0.20,0.00
7.05,-16.47,0.20,0.00
7.06,-16.08,0.19,0.00
7.07,-16.47,0.19,0.00
7.08,-16.08,0.19,0.00
7.09,-15.69,0.19,0.00
7.10,-15.29,0.18,0.00
7.11,-14.90,0.18,0.00
7.12,-14.12,0.17,0.00
7.13,-14.51,0.17,0.00
7.14,-14.51,0.17,0.00
7.15,-14.12,0.17,0.00
7.16,-14.12,0.17,0.00
7.17,-14.12,0.17,0.00
7.18,-14.12,0.17,0.00
7.19,-14.51,0.17,0.00
7.20,-14.51,0.17,0.00
7.21,-14.12,0.17,0.00
7.22,-13.33,0.16,0.00
7.23,-13.73,0.16,0.00
7.24,-13.73,0.16,0.00
7.25,-13.73,0.16,0.00
7.26,-13.73,0.16,0.00
7.27,-14.12,0.16,0.00
7.28,-14.12,0.16,0.00
7.29,-14.12,0.16,0.00
7.30,-13.73,0.16,0.00
7.31,-13.73,0.16,0.00
7.32,-13.73,0.16,0.00
7.33,-14.12,0.16,0.00
7.34,-14.12,0.16,0.00
7.35,-14.12,0.16,0.00
7.36,-14.12,0.16,0.00
7.37,-14.12,0.16,0.00
7.38,-14.51,0.16,0.00
7.39,-13.33,0.15,0.00
7.40,-13.33,0.15,0.00
7.41,-13.33,0.15,0.00
7.42,-13.73,0.15,0.00
7.43,-12.94,0.15,0.00
7.44,-13.33,0.15,0.00
7.45,-12.55,0.15,0.00
7.46,-12.55,0.15,0.00
7.47,-12.16,0.14,0.00
7.48,-11.76,0.14,0.00
7.49,-11.76,0.14,0.00
7.50,-10.98,0.14,0.00
7.51,-11.37,0.14,0.00
7.52,-11.37,0.14,0.00
7.53,-10.20,0.13,0.00
7.54,-9.41,0.13,0.00
7.55,-8.24,0.12,0.00
7.56,-5.88,0.11,0.00
7.57,-5.49,0.10,0.00
7.58,-5.49,0.10,0.00
7.59,-5.49,0.10,0.00
7.60,-5.49,0.10,0.00
7.61,-5.88,0.10,0.00
7.62,-5.88,0.10,0.00
7.63,-5.88,0.10,0.00
7.64,-6.27,0.10,0.00
7.65,-6.27,0.10,0.00
7.66,-6.27,0.10,0.00
7.67,-6.27,0.10,0.00
7.68,-6.67,0.10,0.00
7.69,-6.67,0.10,0.00
7.70,-6.67,0.10,0.00
7.71,-7.06,0.10,0.00
7.72,-7.06,0.10,0.00
7.73,-6.27,0.10,0.00
7.74,-6.27,0.10,0.00
7.75,-5.88,0.10,0.00
7.76,-5.88,0.10,0.00
7.77,-5.88,0.10,0.00
7.78,-6.27,0.10,0.00
7.79,-6.27,0.10,0.00
7.80,-6.27,0.10,0.00
7.81,-6.27,0.10,0.00
7.82,-6.67,0.10,0.00
7.83,-6.67,0.10,0.00
7.84,-6.67,0.10,0.00
7.85,-6.67,0.10,0.00
7.86,-7.06,0.10,0.00
7.87,-7.06,0.10,0.00
7.88,-7.06,0.10,0.00
7.89,-7.06,0.10,0.00
7.90,-7.06,0.10,0.00
7.91,-7.45,0.10,0.00
7.92,-6.67,0.09,0.00
7.93,-6.67,0.09,0.00
7.94,-6.67,0.09,0.00
7.95,-6.27,0.09,0.00
7.96,-4.71,0.08,0.00
7.97,-2.35,0.07,0.00
7.98,-2.35,0.07,0.00
7.99,-2.75,0.07,0.00
8.00,-2.75,0.07,0.00
8.01,-2.75,0.07,0.00
8.02,-2.75,0.07,0.00
8.03,-3.14,0.07,0.00
8.04,-3.14,0.07,0.00
8.05,-3.14,0.07,0.00
8.06,-3.14,0.07,0.00
8.07,-3.14,0.07,0.00
8.08,-3.53,0.07,0.00
8.09,-3.53,0.07,0.00
8.10,-2.75,0.07,0.00
8.11,-1.18,0.06,0.00
8.12,-0.39,0.06,0.00
8.13,0.39,0.05,0.00
8.14,0.39,0.05,0.00
8.15,0.39,0.05,0.00
8.16,0.39,0.05,0.00
8.17,0.00,0.05,0.00
8.18,0.00,0.05,0.00
8.19,0.00,0.05,0.00
8.20,0.00,0.05,0.00
8.21,0.00,0.05,0.00
8.22,0.00,0.05,0.00
8.23,0.00,0.05,0.00
8.24,0.00,0.05,0.00
8.25,0.00,0.05,0.00
8.26,-0.39,0.05,0.00
8.27,-0.39,0.05,0.00
8.28,-0.39,0.05,0.00
8.29,-0.39,0.05,0.00
8.30,-0.39,0.05,0.00
8.31,-0.78,0.05,0.00
8.32,-0.78,0.05,0.00
8.33,-0.78,0.05,0.00
8.34,-0.78,0.05,0.00
8.35,-1.18,0.05,0.00
8.36,-1.18,0.05,0.00
8.37,-1.18,0.05,0.00
8.38,-1.18,0.05,0.00
8.39,-1.18,0.05,0.00
8.40,-1.57,0.05,0.00
8.41,-1.57,0.05,0.00
8.42,-0.78,0.05,0.00
8.43,1.96,0.03,0.00
8.44,9.80,0.00,0.00
8.45,14.51,-0.03,0.00
8.46,16.08,-0.04,0.00
8.47,16.86,-0.05,0.00
8.48,18.04,-0.06,0.00
8.49,18.82,-0.07,0.00
8.50,19.22,-0.07,0.00
8.51,19.61,-0.08,0.00
8.52,19.61,-0.09,0.00
Conectando a MQTT... 8.53,20.00,-0.14,0.00
8.54,20.00,-0.14,0.00
8.55,20.00,-0.20,0.00
8.56,20.39,-0.30,0.00
8.57,21.18,-0.45,0.00
8.58,21.96,-0.66,0.00
8.59,22.75,-0.88,0.00
8.60,23.92,-1.12,0.00
8.61,25.88,-1.64,0.00
8.62,25.88,-1.64,0.00
8.63,26.67,-1.78,0.00
8.64,27.06,-1.94,0.00
8.65,27.84,-2.07,0.00
8.66,28.24,-2.15,0.00
8.67,28.24,-2.22,0.00
8.68,28.63,-2.28,0.00
8.69,28.63,-2.32,0.00
8.70,29.02,-2.40,0.00
8.71,29.41,-2.54,0.00
8.72,29.80,-2.60,0.00
8.73,29.80,-2.64,0.00
8.74,29.80,-2.64,0.00
8.75,30.20,-2.67,0.00
8.76,30.20,-2.69,0.00
8.77,30.20,-2.72,0.00
8.78,30.59,-2.78,0.00
8.79,30.98,-2.91,0.00
8.80,32.16,-3.18,0.00
8.81,32.55,-3.28,0.00
8.82,32.55,-3.31,0.00
8.83,32.55,-3.36,0.00
8.84,33.73,-3.64,0.00
8.85,33.73,-3.64,0.00
8.86,34.90,-3.87,0.00
8.87,35.29,-4.01,0.00
8.88,35.69,-4.10,0.00
8.89,35.69,-4.17,0.00
8.90,36.08,-4.26,0.00
8.91,36.86,-4.39,0.00
8.92,36.86,-4.48,0.00
8.93,37.25,-4.51,0.00
8.94,37.25,-4.55,0.00
8.95,37.25,-4.60,0.00
8.96,37.65,-4.64,0.00
8.97,37.65,-4.67,0.00
8.98,37.65,-4.70,0.00
8.99,37.65,-4.73,0.00
9.00,38.04,-4.76,0.00
9.01,38.04,-4.79,0.00
9.02,38.04,-4.81,0.00
9.03,38.04,-4.83,0.00
9.04,38.04,-4.85,0.00
9.05,38.04,-4.86,0.00
9.06,38.04,-4.87,0.00
9.07,38.04,-4.87,0.00
9.08,38.04,-4.86,0.00
9.09,38.04,-4.85,0.00
9.10,37.65,-4.82,0.00
9.11,37.25,-4.73,0.00
9.12,36.47,-4.53,0.00
9.13,35.29,-4.26,0.00
9.14,34.12,-3.95,0.00
9.15,32.16,-3.54,0.00
9.16,30.20,-3.04,0.00
9.17,27.84,-2.45,0.00
9.18,25.10,-1.82,0.00
9.19,22.35,-1.17,0.00
9.20,19.61,-0.56,0.00
9.21,-20.39,-0.03,0.00
9.22,-21.96,0.28,0.00
9.23,-21.96,0.33,0.00
9.24,-21.96,0.29,0.00
9.25,-21.57,0.23,0.00
9.26,-21.18,0.15,0.00
9.27,-20.78,0.01,0.00
9.28,-20.00,-0.14,0.00
9.29,-19.22,-0.24,0.00
9.30,-11.76,-0.30,0.00
9.31,-7.45,-0.32,0.00
9.32,-7.06,-0.32,0.00
9.33,-6.27,-0.32,0.00
9.34,-5.88,-0.32,0.00
9.35,-5.10,-0.32,0.00
9.36,-4.71,-0.32,0.00
9.37,-3.92,-0.32,0.00
9.38,-3.53,-0.32,0.00
9.39,-2.35,-0.32,0.00
9.40,-2.35,-0.32,0.00
9.41,-1.57,-0.32,0.00
9.42,-1.18,-0.32,0.00
9.43,-0.39,-0.32,0.00
9.44,0.00,-0.32,0.00
9.45,0.00,-0.32,0.00
9.46,0.78,-0.32,0.00
9.47,1.18,-0.32,0.00
9.48,1.96,-0.32,0.00
9.49,2.35,-0.32,0.00
9.50,2.75,-0.32,0.00
9.51,3.53,-0.32,0.00
9.52,3.92,-0.32,0.00
9.53,4.31,-0.32,0.00
9.54,4.71,-0.32,0.00
9.55,5.49,-0.32,0.00
9.56,5.88,-0.32,0.00
9.57,5.49,-0.31,0.00
9.58,5.88,-0.31,0.00
9.59,6.27,-0.31,0.00
9.60,7.06,-0.31,0.00
9.61,7.45,-0.31,0.00
9.62,7.84,-0.31,0.00
9.63,8.24,-0.31,0.00
9.64,7.84,-0.31,0.00
9.65,8.24,-0.31,0.00
9.66,8.63,-0.31,0.00
9.67,8.24,-0.31,0.00
9.68,8.63,-0.31,0.00
9.69,8.63,-0.30,0.00
9.70,9.02,-0.30,0.00
9.71,8.63,-0.30,0.00
9.72,9.02,-0.30,0.00
9.73,9.41,-0.30,0.00
9.74,9.02,-0.30,0.00
9.75,9.41,-0.30,0.00
9.76,9.02,-0.29,0.00
9.77,9.41,-0.29,0.00
9.78,9.02,-0.29,0.00
9.79,8.63,-0.29,0.00
9.80,9.02,-0.29,0.00
9.81,9.41,-0.29,0.00
9.82,9.02,-0.28,0.00
9.83,9.41,-0.28,0.00
9.84,9.02,-0.28,0.00
9.85,9.41,-0.28,0.00
9.86,9.02,-0.28,0.00
9.87,9.41,-0.28,0.00
9.88,9.02,-0.27,0.00
9.89,9.41,-0.27,0.00
9.90,9.41,-0.27,0.00
9.91,9.02,-0.27,0.00
9.92,9.41,-0.27,0.00
9.93,9.80,-0.27,0.00
9.94,9.41,-0.27,0.00
9.95,9.80,-0.27,0.00
9.96,10.20,-0.27,0.00
9.97,9.80,-0.26,0.00
9.98,9.80,-0.26,0.00
9.99,10.20,-0.26,0.00
10.00,9.80,-0.26,0.00
10.01,10.20,-0.26,0.00
10.02,9.80,-0.25,0.00
10.03,10.20,-0.25,0.00
10.04,9.80,-0.25,0.00
10.05,9.80,-0.25,0.00
10.06,10.20,-0.25,0.00
10.07,9.80,-0.25,0.00
10.08,10.20,-0.25,0.00
10.09,9.80,-0.24,0.00
10.10,9.80,-0.24,0.00
10.11,9.41,-0.24,0.00
10.12,9.80,-0.24,0.00
10.13,9.41,-0.24,0.00
10.14,9.80,-0.24,0.00
10.15,9.80,-0.24,0.00
10.16,9.41,-0.23,0.00
10.17,9.80,-0.23,0.00
10.18,9.41,-0.23,0.00
10.19,9.41,-0.23,0.00
10.20,9.02,-0.23,0.00
10.21,9.41,-0.23,0.00
10.22,9.02,-0.22,0.00
10.23,9.02,-0.22,0.00
10.24,8.63,-0.22,0.00
10.25,9.02,-0.22,0.00
10.26,8.63,-0.22,0.00
10.27,8.63,-0.22,0.00
10.28,8.24,-0.21,0.00
10.29,8.63,-0.21,0.00
10.30,8.24,-0.21,0.00
10.31,8.24,-0.21,0.00
10.32,7.84,-0.21,0.00
10.33,8.24,-0.21,0.00
10.34,7.45,-0.20,0.00
10.35,7.84,-0.20,0.00
10.36,8.24,-0.20,0.00
10.37,7.45,-0.20,0.00
10.38,7.84,-0.20,0.00
10.39,7.45,-0.20,0.00
10.40,7.45,-0.20,0.00
10.41,7.06,-0.19,0.00
10.42,7.45,-0.19,0.00
10.43,6.67,-0.19,0.00
10.44,7.06,-0.19,0.00
10.45,7.45,-0.19,0.00
10.46,6.67,-0.19,0.00
10.47,7.06,-0.19,0.00
10.48,7.06,-0.19,0.00
10.49,6.67,-0.18,0.00
10.50,7.06,-0.18,0.00
10.51,7.06,-0.18,0.00
10.52,6.67,-0.18,0.00
10.53,6.67,-0.18,0.00
10.54,7.06,-0.18,0.00
10.55,6.67,-0.17,0.00
10.56,6.67,-0.17,0.00
10.57,7.06,-0.17,0.00
10.58,6.27,-0.17,0.00
10.59,6.67,-0.17,0.00
10.60,7.06,-0.17,0.00
10.61,6.27,-0.17,0.00
10.62,6.67,-0.17,0.00
10.63,5.88,-0.16,0.00
10.64,6.27,-0.16,0.00
10.65,6.27,-0.16,0.00
10.66,6.67,-0.16,0.00
10.67,5.88,-0.16,0.00
10.68,6.27,-0.16,0.00
10.69,6.27,-0.16,0.00
10.70,6.67,-0.16,0.00
10.71,6.27,-0.16,0.00
10.72,6.27,-0.16,0.00
10.73,6.67,-0.16,0.00
10.74,5.88,-0.15,0.00
10.75,6.27,-0.15,0.00
10.76,6.27,-0.15,0.00
10.77,5.88,-0.15,0.00
10.78,5.88,-0.15,0.00
10.79,6.27,-0.15,0.00
10.80,6.27,-0.15,0.00
10.81,5.88,-0.15,0.00
10.82,5.88,-0.15,0.00
10.83,5.88,-0.15,0.00
10.84,6.27,-0.15,0.00
10.85,5.49,-0.14,0.00
10.86,5.88,-0.14,0.00
10.87,5.88,-0.14,0.00
10.88,6.27,-0.14,0.00
10.89,6.27,-0.14,0.00
10.90,5.88,-0.14,0.00
10.91,5.88,-0.14,0.00
10.92,6.27,-0.14,0.00
10.93,5.49,-0.14,0.00
10.94,5.88,-0.14,0.00
10.95,5.88,-0.14,0.00
10.96,5.88,-0.14,0.00
10.97,6.27,-0.14,0.00
10.98,5.49,-0.13,0.00
10.99,5.88,-0.13,0.00
11.00,5.88,-0.13,0.00
11.01,6.27,-0.13,0.00
11.02,5.49,-0.13,0.00
11.03,5.49,-0.13,0.00
11.04,5.88,-0.13,0.00
11.05,5.88,-0.13,0.00
11.06,6.27,-0.13,0.00
11.07,5.49,-0.13,0.00
11.08,5.49,-0.13,0.00
11.09,5.88,-0.13,0.00
11.10,5.88,-0.13,0.00
11.11,6.27,-0.13,0.00
11.12,5.49,-0.12,0.00
11.13,5.49,-0.12,0.00
11.14,5.88,-0.12,0.00
11.15,5.88,-0.12,0.00
11.16,5.88,-0.12,0.00
11.17,5.49,-0.12,0.00
11.18,5.49,-0.12,0.00
11.19,5.88,-0.12,0.00
11.20,5.88,-0.12,0.00
11.21,5.88,-0.12,0.00
11.22,6.27,-0.12,0.00
11.23,5.49,-0.12,0.00
11.24,5.49,-0.12,0.00
11.25,5.88,-0.12,0.00
11.26,5.88,-0.12,0.00
11.27,5.10,-0.11,0.00
11.28,5.49,-0.11,0.00
11.29,4.71,-0.11,0.00
11.30,4.71,-0.11,0.00
11.31,5.10,-0.11,0.00
11.32,5.10,-0.11,0.00
11.33,4.31,-0.10,0.00
11.34,3.92,-0.10,0.00
11.35,3.92,-0.10,0.00
11.36,2.35,-0.09,0.00
11.37,0.78,-0.09,0.00
11.38,0.00,-0.08,0.00
11.39,-3.92,-0.06,0.00
11.40,-3.92,-0.06,0.00
11.41,-8.24,-0.04,0.00
11.42,-9.02,-0.04,0.00
11.43,-8.63,-0.04,0.00
11.44,-7.84,-0.04,0.00
11.45,-7.84,-0.04,0.00
11.46,-7.45,-0.04,0.00
11.47,-7.45,-0.04,0.00
11.48,-7.45,-0.04,0.00
11.49,-7.06,-0.04,0.00
11.50,-7.06,-0.04,0.00
11.51,-7.06,-0.04,0.00
11.52,-6.67,-0.04,0.00
11.53,-6.67,-0.04,0.00
fallo, rc=-2 -> reintentando en 2 s
11.54,-6.67,-0.04,0.00
11.55,-6.27,-0.04,0.00
11.56,-6.27,-0.04,0.00
11.57,-6.27,-0.04,0.00
11.58,-5.88,-0.04,0.00
11.59,-5.88,-0.04,0.00
11.60,-5.88,-0.04,0.00
11.61,-5.49,-0.04,0.00
11.62,-5.49,-0.04,0.00
11.63,-5.49,-0.04,0.00
11.64,-5.10,-0.04,0.00
11.65,-5.10,-0.04,0.00
11.66,-5.10,-0.04,0.00
11.67,-4.71,-0.04,0.00
11.68,-4.71,-0.04,0.00
11.69,-4.71,-0.04,0.00
11.70,-4.31,-0.04,0.00
11.71,-4.31,-0.04,0.00
11.72,-4.31,-0.04,0.00
11.73,-4.31,-0.04,0.00
11.74,-3.92,-0.04,0.00
11.75,-3.92,-0.04,0.00
11.76,-3.92,-0.04,0.00
11.77,-3.53,-0.04,0.00
11.78,-3.53,-0.04,0.00
11.79,-3.53,-0.04,0.00
11.80,-3.53,-0.04,0.00
11.81,-3.14,-0.04,0.00
11.82,-3.14,-0.04,0.00
11.83,-3.14,-0.04,0.00
11.84,-3.14,-0.04,0.00
11.85,-2.75,-0.04,0.00
11.86,-2.75,-0.04,0.00
11.87,-2.75,-0.04,0.00
11.88,-2.35,-0.04,0.00
11.89,-2.35,-0.04,0.00
11.90,-2.35,-0.04,0.00
11.91,-2.35,-0.04,0.00
11.92,-1.96,-0.04,0.00
11.93,-1.96,-0.04,0.00
11.94,-1.96,-0.04,0.00
11.95,-1.96,-0.04,0.00
11.96,-1.96,-0.04,0.00
11.97,-1.57,-0.04,0.00
11.98,-1.57,-0.04,0.00
11.99,-1.57,-0.04,0.00
12.00,-1.57,-0.04,0.00
12.01,-1.18,-0.04,0.00
12.02,-1.18,-0.04,0.00
12.03,-1.18,-0.04,0.00
12.04,-1.18,-0.04,0.00
12.05,-0.78,-0.04,0.00
12.06,-0.78,-0.04,0.00
12.07,-0.78,-0.04,0.00
12.08,-0.78,-0.04,0.00
12.09,-0.78,-0.04,0.00
12.10,-0.39,-0.04,0.00
12.11,-0.39,-0.04,0.00
12.12,-0.39,-0.04,0.00
12.13,-0.39,-0.04,0.00
12.14,-0.39,-0.04,0.00
12.15,0.00,-0.04,0.00
12.16,0.00,-0.04,0.00
12.17,0.00,-0.04,0.00
12.18,0.00,-0.04,0.00
12.19,0.00,-0.04,0.00
12.20,0.00,-0.04,0.00
12.21,0.00,-0.04,0.00
12.22,0.00,-0.04,0.00
12.23,0.00,-0.04,0.00
12.24,0.00,-0.04,0.00
12.25,0.00,-0.04,0.00
12.26,0.39,-0.04,0.00
12.27,0.39,-0.04,0.00
12.28,0.39,-0.04,0.00
12.29,0.39,-0.04,0.00
12.30,0.39,-0.04,0.00
12.31,0.78,-0.04,0.00
12.32,0.78,-0.04,0.00
12.33,0.78,-0.04,0.00
12.34,0.78,-0.04,0.00
12.35,0.78,-0.04,0.00
12.36,0.78,-0.04,0.00
12.37,0.78,-0.04,0.00
12.38,1.18,-0.04,0.00
12.39,1.18,-0.04,0.00
12.40,1.18,-0.04,0.00
12.41,1.18,-0.04,0.00
12.42,1.18,-0.04,0.00
12.43,1.18,-0.04,0.00
12.44,1.57,-0.04,0.00
12.45,1.57,-0.04,0.00
12.46,1.57,-0.04,0.00
12.47,1.57,-0.04,0.00
12.48,1.57,-0.04,0.00
12.49,1.57,-0.04,0.00
12.50,1.57,-0.04,0.00
12.51,1.96,-0.04,0.00
12.52,1.96,-0.04,0.00
12.53,1.96,-0.04,0.00
12.54,1.96,-0.04,0.00
12.55,1.96,-0.04,0.00
12.56,1.96,-0.04,0.00
12.57,1.96,-0.04,0.00
12.58,1.96,-0.04,0.00
12.59,2.35,-0.04,0.00
12.60,2.35,-0.04,0.00
12.61,2.35,-0.04,0.00
12.62,2.35,-0.04,0.00
12.63,2.35,-0.04,0.00
12.64,2.35,-0.04,0.00
12.65,2.35,-0.04,0.00
12.66,2.35,-0.04,0.00
12.67,2.75,-0.04,0.00
12.68,19.61,-0.16,0.00
12.69,20.39,-0.37,0.00
12.70,21.57,-0.66,0.00
12.71,23.53,-1.06,0.00
12.72,25.88,-1.63,0.00
12.73,27.84,-2.16,0.00
12.74,29.80,-2.59,0.00
12.75,30.59,-2.85,0.00
12.76,31.37,-3.03,0.00
12.77,32.16,-3.17,0.00
12.78,32.16,-3.18,0.00
12.79,32.16,-3.17,0.00
12.80,31.76,-3.16,0.00
12.81,31.76,-3.12,0.00
12.82,30.98,-2.99,0.00
12.83,30.20,-2.75,0.00
12.84,28.63,-2.44,0.00
12.85,27.06,-2.07,0.00
12.86,25.49,-1.66,0.00
12.87,23.92,-1.26,0.00
12.88,22.75,-0.98,0.00
12.89,22.75,-0.98,0.00
12.90,23.14,-1.06,0.00
12.91,24.31,-1.43,0.00
12.92,26.67,-1.94,0.00
12.93,29.02,-2.49,0.00
12.94,30.98,-3.01,0.00
12.95,32.94,-3.49,0.00
12.96,34.12,-3.76,0.00
12.97,34.51,-3.85,0.00
12.98,34.51,-3.87,0.00
12.99,34.51,-3.88,0.00
13.00,34.51,-3.88,0.00
13.01,34.51,-3.86,0.00
13.02,33.73,-3.75,0.00
13.03,32.94,-3.54,0.00
13.04,31.76,-3.24,0.00
13.05,29.80,-2.81,0.00
13.06,27.84,-2.28,0.00
13.07,25.10,-1.68,0.00
13.08,22.35,-1.03,0.00
13.09,19.61,-0.40,0.00
13.10,-20.78,0.18,0.00
13.11,-21.96,0.46,0.00
13.12,-21.57,0.38,0.00
13.13,-20.39,0.14,0.00
13.14,12.94,-0.28,0.00
13.15,21.18,-0.72,0.00
13.16,22.75,-1.11,0.00
13.17,24.71,-1.58,0.00
13.18,26.27,-1.95,0.00
13.19,27.06,-2.16,0.00
13.20,27.45,-2.19,0.00
13.21,27.06,-2.19,0.00
13.22,27.06,-2.17,0.00
13.23,27.06,-2.16,0.00
13.24,27.06,-2.14,0.00
13.25,26.67,-2.05,0.00
13.26,25.88,-1.88,0.00
13.27,25.10,-1.66,0.00
13.28,23.92,-1.39,0.00
13.29,22.35,-1.03,0.00
13.30,20.78,-0.68,0.00
13.31,20.39,-0.53,0.00
13.32,20.39,-0.59,0.00
13.33,21.18,-0.77,0.00
13.34,22.75,-1.15,0.00
13.35,25.88,-1.85,0.00
13.36,28.63,-2.56,0.00
13.37,31.37,-3.19,0.00
13.38,33.33,-3.64,0.00
13.39,33.73,-3.79,0.00
13.40,33.73,-3.79,0.00
13.41,33.73,-3.80,0.00
13.42,33.73,-3.79,0.00
13.43,33.73,-3.75,0.00
13.44,32.94,-3.63,0.00
13.45,32.16,-3.45,0.00
13.46,30.98,-3.15,0.00
13.47,29.02,-2.74,0.00
13.48,27.06,-2.24,0.00
13.49,24.71,-1.69,0.00
13.50,22.35,-1.10,0.00
13.51,20.00,-0.51,0.00
13.52,-20.39,0.02,0.00
13.53,-21.96,0.37,0.00
Conectando a MQTT... 13.54,-22.35,0.45,0.00
13.55,-21.96,0.43,0.00
13.56,-21.96,0.43,0.00
13.57,-21.96,0.42,0.00
13.58,-21.96,0.40,0.00
13.59,-21.96,0.38,0.00
13.60,-21.96,0.36,0.00
13.61,-21.57,0.32,0.00
13.62,-21.57,0.28,0.00
13.63,-21.18,0.24,0.00
13.64,-21.18,0.20,0.00
13.65,-20.78,0.12,0.00
13.66,-20.00,-0.01,0.00
13.67,-19.61,-0.13,0.00
13.68,-18.04,-0.16,0.00
13.69,-17.65,-0.16,0.00
13.70,-17.25,-0.16,0.00
13.71,-16.47,-0.17,0.00
13.72,-16.47,-0.17,0.00
13.73,-15.69,-0.17,0.00
13.74,-15.29,-0.17,0.00
13.75,-14.90,-0.17,0.00
13.76,-14.90,-0.17,0.00
13.77,-14.51,-0.17,0.00
13.78,-13.33,-0.17,0.00
13.79,-13.33,-0.17,0.00
13.80,-12.94,-0.17,0.00
13.81,-12.55,-0.17,0.00
13.82,-12.16,-0.17,0.00
13.83,-11.76,-0.17,0.00
13.84,-11.37,-0.17,0.00
13.85,-10.59,-0.17,0.00
13.86,-10.59,-0.17,0.00
13.87,-10.59,-0.17,0.00
13.88,-10.20,-0.17,0.00
13.89,-9.80,-0.17,0.00
13.90,-9.41,-0.17,0.00
13.91,-9.02,-0.17,0.00
13.92,-8.63,-0.17,0.00
13.93,-8.24,-0.17,0.00
13.94,-7.84,-0.17,0.00
13.95,-7.45,-0.17,0.00
13.96,-7.06,-0.17,0.00
13.97,-6.67,-0.17,0.00
13.98,-7.45,-0.17,0.00
13.99,-7.06,-0.17,0.00
14.00,-6.67,-0.17,0.00
14.01,-6.27,-0.17,0.00
14.02,-5.88,-0.17,0.00
14.03,-5.49,-0.17,0.00
14.04,-5.10,-0.17,0.00
14.05,-4.71,-0.17,0.00
14.06,-4.31,-0.17,0.00
14.07,-4.31,-0.17,0.00
14.08,-3.92,-0.17,0.00
14.09,-3.53,-0.17,0.00
14.10,-3.14,-0.17,0.00
14.11,-2.75,-0.17,0.00
14.12,-2.35,-0.17,0.00
14.13,-2.35,-0.17,0.00
14.14,-1.96,-0.17,0.00
14.15,-1.57,-0.17,0.00
14.16,-1.18,-0.17,0.00
14.17,-0.78,-0.17,0.00
14.18,-0.78,-0.17,0.00
14.19,-0.39,-0.17,0.00
14.20,0.00,-0.17,0.00
14.21,0.00,-0.17,0.00
14.22,0.39,-0.17,0.00
14.23,0.39,-0.17,0.00
14.24,0.78,-0.17,0.00
14.25,1.18,-0.17,0.00
14.26,1.57,-0.17,0.00
14.27,1.57,-0.17,0.00
14.28,1.96,-0.17,0.00
14.29,2.35,-0.17,0.00
14.30,2.35,-0.17,0.00
14.31,2.75,-0.17,0.00
14.32,3.14,-0.17,0.00
14.33,3.14,-0.17,0.00
14.34,3.53,-0.17,0.00
14.35,3.92,-0.17,0.00
14.36,3.92,-0.17,0.00
14.37,4.31,-0.17,0.00
14.38,4.71,-0.17,0.00
14.39,5.10,-0.17,0.00
14.40,5.10,-0.17,0.00
14.41,5.10,-0.17,0.00
14.42,5.49,-0.17,0.00
14.43,5.88,-0.17,0.00
14.44,5.88,-0.17,0.00
14.45,6.27,-0.17,0.00
14.46,6.27,-0.17,0.00
14.47,6.67,-0.17,0.00
14.48,6.67,-0.17,0.00
14.49,6.27,-0.17,0.00
14.50,6.67,-0.17,0.00
14.51,6.67,-0.17,0.00
14.52,6.27,-0.16,0.00
14.53,6.27,-0.16,0.00
14.54,6.67,-0.16,0.00
14.55,5.88,-0.16,0.00
14.56,6.27,-0.16,0.00
14.57,6.27,-0.16,0.00
14.58,6.67,-0.16,0.00
14.59,6.67,-0.16,0.00
14.60,6.27,-0.16,0.00
14.61,6.27,-0.16,0.00
14.62,6.67,-0.16,0.00
14.63,6.27,-0.15,0.00
14.64,6.27,-0.15,0.00
14.65,6.27,-0.15,0.00
14.66,6.67,-0.15,0.00
14.67,5.88,-0.15,0.00
14.68,6.27,-0.15,0.00
14.69,6.27,-0.15,0.00
14.70,6.67,-0.15,0.00
14.71,5.88,-0.15,0.00
14.72,6.27,-0.15,0.00
14.73,6.27,-0.15,0.00
14.74,6.67,-0.15,0.00
14.75,5.88,-0.14,0.00
14.76,6.27,-0.14,0.00
14.77,6.27,-0.14,0.00
14.78,5.88,-0.14,0.00
14.79,5.88,-0.14,0.00
14.80,6.27,-0.14,0.00
14.81,6.27,-0.14,0.00
14.82,5.49,-0.14,0.00
14.83,5.88,-0.14,0.00
14.84,5.88,-0.14,0.00
14.85,6.27,-0.14,0.00
14.86,6.27,-0.14,0.00
14.87,5.88,-0.13,0.00
14.88,5.88,-0.13,0.00
14.89,5.88,-0.13,0.00
14.90,6.27,-0.13,0.00
14.91,6.27,-0.13,0.00
14.92,5.88,-0.13,0.00
14.93,5.88,-0.13,0.00
14.94,5.88,-0.13,0.00
14.95,6.27,-0.13,0.00
14.96,5.49,-0.13,0.00
14.97,5.88,-0.13,0.00
14.98,5.88,-0.13,0.00
14.99,5.88,-0.13,0.00
15.00,6.27,-0.13,0.00
15.01,6.27,-0.13,0.00
15.02,5.88,-0.12,0.00
15.03,5.88,-0.12,0.00
15.04,5.88,-0.12,0.00
15.05,6.27,-0.12,0.00
15.06,5.49,-0.12,0.00
15.07,5.49,-0.12,0.00
15.08,5.88,-0.12,0.00
15.09,5.88,-0.12,0.00
15.10,6.27,-0.12,0.00
15.11,6.27,-0.12,0.00
15.12,6.27,-0.12,0.00
15.13,5.88,-0.12,0.00
15.14,5.88,-0.12,0.00
15.15,5.88,-0.12,0.00
15.16,6.27,-0.12,0.00
15.17,6.27,-0.12,0.00
15.18,6.27,-0.12,0.00
15.19,5.88,-0.11,0.00
15.20,5.88,-0.11,0.00
15.21,5.88,-0.11,0.00
15.22,6.27,-0.11,0.00
15.23,6.27,-0.11,0.00
15.24,6.27,-0.11,0.00
15.25,5.88,-0.11,0.00
15.26,5.88,-0.11,0.00
15.27,5.88,-0.11,0.00
15.28,5.88,-0.11,0.00
15.29,6.27,-0.11,0.00
15.30,6.27,-0.11,0.00
15.31,5.49,-0.10,0.00
15.32,5.88,-0.10,0.00
15.33,5.88,-0.10,0.00
15.34,5.88,-0.10,0.00
15.35,6.27,-0.10,0.00
15.36,6.27,-0.10,0.00
15.37,6.27,-0.10,0.00
15.38,5.49,-0.10,0.00
15.39,5.88,-0.10,0.00
15.40,5.88,-0.10,0.00
15.41,5.88,-0.10,0.00
15.42,6.27,-0.10,0.00
15.43,6.27,-0.10,0.00
15.44,6.27,-0.10,0.00
15.45,5.49,-0.10,0.00
15.46,5.88,-0.10,0.00
15.47,5.88,-0.10,0.00
15.48,5.88,-0.10,0.00
15.49,6.27,-0.10,0.00
15.50,6.27,-0.10,0.00
15.51,6.27,-0.10,0.00
15.52,5.49,-0.09,0.00
15.53,5.88,-0.09,0.00
15.54,5.88,-0.09,0.00
15.55,5.88,-0.09,0.00
15.56,5.88,-0.09,0.00
15.57,6.27,-0.09,0.00
15.58,6.27,-0.09,0.00
15.59,5.49,-0.09,0.00
15.60,5.49,-0.09,0.00
15.61,5.88,-0.09,0.00
15.62,5.88,-0.09,0.00
15.63,5.88,-0.09,0.00
15.64,5.88,-0.09,0.00
15.65,6.27,-0.09,0.00
15.66,6.27,-0.09,0.00
15.67,6.27,-0.09,0.00
15.68,5.49,-0.09,0.00
15.69,5.49,-0.09,0.00
15.70,5.88,-0.09,0.00
15.71,5.88,-0.09,0.00
15.72,5.88,-0.09,0.00
15.73,5.88,-0.09,0.00
15.74,6.27,-0.09,0.00
15.75,6.27,-0.09,0.00
15.76,5.49,-0.08,0.00
15.77,5.49,-0.08,0.00
15.78,5.49,-0.08,0.00
15.79,5.88,-0.08,0.00
15.80,5.88,-0.08,0.00
15.81,5.88,-0.08,0.00
15.82,5.88,-0.08,0.00
15.83,5.88,-0.08,0.00
15.84,6.27,-0.08,0.00
15.85,6.27,-0.08,0.00
15.86,6.27,-0.08,0.00
15.87,5.49,-0.08,0.00
15.88,5.49,-0.08,0.00
15.89,5.88,-0.08,0.00
15.90,5.88,-0.08,0.00
15.91,5.88,-0.08,0.00
15.92,5.88,-0.08,0.00
15.93,5.88,-0.08,0.00
15.94,6.27,-0.08,0.00
15.95,6.27,-0.08,0.00
15.96,6.27,-0.08,0.00
15.97,6.27,-0.08,0.00
15.98,5.49,-0.08,0.00
15.99,5.88,-0.08,0.00
16.00,5.88,-0.08,0.00
16.01,5.88,-0.08,0.00
16.02,5.88,-0.08,0.00
16.03,5.88,-0.08,0.00
16.04,5.88,-0.08,0.00
16.05,6.27,-0.08,0.00
16.06,6.27,-0.08,0.00
16.07,6.27,-0.08,0.00
16.08,6.27,-0.08,0.00
16.09,6.27,-0.08,0.00
16.10,6.27,-0.08,0.00
16.11,6.67,-0.08,0.00
16.12,6.67,-0.08,0.00
16.13,6.67,-0.08,0.00
16.14,6.67,-0.08,0.00
16.15,5.88,-0.07,0.00
16.16,5.88,-0.07,0.00
16.17,6.27,-0.07,0.00
16.18,6.27,-0.07,0.00
16.19,6.27,-0.07,0.00
16.20,6.27,-0.07,0.00
16.21,6.27,-0.07,0.00
16.22,6.27,-0.07,0.00
16.23,6.67,-0.07,0.00
16.24,5.88,-0.07,0.00
16.25,5.88,-0.07,0.00
16.26,5.88,-0.07,0.00
16.27,5.88,-0.07,0.00
16.28,5.88,-0.07,0.00
16.29,5.88,-0.07,0.00
16.30,6.27,-0.07,0.00
16.31,6.27,-0.07,0.00
16.32,6.27,-0.07,0.00
16.33,6.27,-0.07,0.00
16.34,6.27,-0.07,0.00
16.35,6.27,-0.07,0.00
16.36,6.27,-0.07,0.00
16.37,5.88,-0.07,0.00
16.38,5.88,-0.07,0.00
16.39,5.88,-0.07,0.00
16.40,5.88,-0.07,0.00
16.41,5.88,-0.07,0.00
16.42,5.88,-0.07,0.00
16.43,5.88,-0.07,0.00
16.44,5.88,-0.07,0.00
16.45,6.27,-0.07,0.00
16.46,6.27,-0.07,0.00
16.47,6.27,-0.07,0.00
16.48,6.27,-0.07,0.00
16.49,6.27,-0.07,0.00
16.50,6.27,-0.07,0.00
16.51,6.27,-0.07,0.00
16.52,6.67,-0.07,0.00
16.53,6.67,-0.07,0.00
fallo, rc=-2 -> reintentando en 2 s
16.54,6.67,-0.07,0.00
16.55,6.67,-0.07,0.00
16.56,6.67,-0.07,0.00
16.57,6.67,-0.07,0.00
16.58,6.67,-0.07,0.00
16.59,6.67,-0.07,0.00
16.60,6.67,-0.07,0.00
16.61,6.67,-0.07,0.00
16.62,7.06,-0.07,0.00
16.63,7.06,-0.07,0.00
16.64,7.06,-0.07,0.00
16.65,7.06,-0.07,0.00
16.66,7.06,-0.07,0.00
16.67,7.06,-0.07,0.00
16.68,6.27,-0.06,0.00
16.69,6.27,-0.06,0.00
16.70,6.27,-0.06,0.00
16.71,6.67,-0.06,0.00
16.72,6.67,-0.06,0.00
16.73,6.67,-0.06,0.00
16.74,6.67,-0.06,0.00
16.75,6.67,-0.06,0.00
16.76,5.88,-0.06,0.00
16.77,5.88,-0.06,0.00
16.78,5.88,-0.06,0.00
16.79,5.88,-0.06,0.00
16.80,5.88,-0.06,0.00
16.81,6.27,-0.06,0.00
16.82,6.27,-0.06,0.00
16.83,6.27,-0.06,0.00
16.84,6.27,-0.06,0.00
16.85,6.27,-0.06,0.00
16.86,6.27,-0.06,0.00
16.87,6.27,-0.06,0.00
16.88,6.27,-0.06,0.00
16.89,6.27,-0.06,0.00
16.90,6.27,-0.06,0.00
16.91,6.27,-0.06,0.00
16.92,6.67,-0.06,0.00
16.93,6.67,-0.06,0.00
16.94,6.67,-0.06,0.00
16.95,6.67,-0.06,0.00
16.96,6.67,-0.06,0.00
16.97,6.67,-0.06,0.00
16.98,6.67,-0.06,0.00
16.99,6.67,-0.06,0.00
17.00,6.67,-0.06,0.00
17.01,6.67,-0.06,0.00
17.02,6.67,-0.06,0.00
17.03,6.67,-0.06,0.00
17.04,7.06,-0.06,0.00
17.05,7.06,-0.06,0.00
17.06,7.06,-0.06,0.00
17.07,7.06,-0.06,0.00
17.08,7.06,-0.06,0.00
17.09,7.06,-0.06,0.00
17.10,7.06,-0.06,0.00
17.11,7.06,-0.06,0.00
17.12,7.06,-0.06,0.00
17.13,7.06,-0.06,0.00
17.14,7.06,-0.06,0.00
17.15,7.06,-0.06,0.00
17.16,7.06,-0.06,0.00
17.17,7.06,-0.06,0.00
17.18,7.45,-0.06,0.00
17.19,7.45,-0.06,0.00
17.20,7.45,-0.06,0.00
17.21,7.45,-0.06,0.00
17.22,7.45,-0.06,0.00
17.23,6.67,-0.06,0.00
17.24,6.67,-0.06,0.00
17.25,6.67,-0.06,0.00
17.26,6.67,-0.06,0.00
17.27,6.67,-0.06,0.00
17.28,6.67,-0.06,0.00
17.29,6.67,-0.06,0.00
17.30,5.88,-0.05,0.00
17.31,5.88,-0.05,0.00
17.32,6.27,-0.05,0.00
17.33,6.27,-0.05,0.00
17.34,6.27,-0.05,0.00
17.35,6.27,-0.05,0.00
17.36,6.27,-0.05,0.00
17.37,6.27,-0.05,0.00
17.38,6.27,-0.05,0.00
17.39,6.27,-0.05,0.00
17.40,6.27,-0.05,0.00
17.41,6.27,-0.05,0.00
17.42,6.27,-0.05,0.00
17.43,6.27,-0.05,0.00
17.44,6.27,-0.05,0.00
17.45,6.27,-0.05,0.00
17.46,6.27,-0.05,0.00
17.47,6.27,-0.05,0.00
17.48,6.67,-0.05,0.00
17.49,6.67,-0.05,0.00
17.50,6.67,-0.05,0.00
17.51,6.67,-0.05,0.00
17.52,6.67,-0.05,0.00
17.53,6.67,-0.05,0.00
17.54,6.67,-0.05,0.00
17.55,6.67,-0.05,0.00
17.56,6.67,-0.05,0.00
17.57,6.67,-0.05,0.00
17.58,6.67,-0.05,0.00
17.59,6.67,-0.05,0.00
17.60,6.67,-0.05,0.00
17.61,6.67,-0.05,0.00
17.62,6.67,-0.05,0.00
17.63,6.67,-0.05,0.00
17.64,6.67,-0.05,0.00
17.65,6.67,-0.05,0.00
17.66,6.67,-0.05,0.00
17.67,7.06,-0.05,0.00
17.68,7.06,-0.05,0.00
17.69,7.06,-0.05,0.00
17.70,7.06,-0.05,0.00
17.71,7.06,-0.05,0.00
17.72,7.06,-0.05,0.00
17.73,7.06,-0.05,0.00
17.74,7.06,-0.05,0.00
17.75,7.06,-0.05,0.00
17.76,7.06,-0.05,0.00
17.77,7.06,-0.05,0.00
17.78,7.06,-0.05,0.00
17.79,7.06,-0.05,0.00
17.80,7.06,-0.05,0.00
17.81,7.06,-0.05,0.00
17.82,7.06,-0.05,0.00
17.83,7.06,-0.05,0.00
17.84,7.06,-0.05,0.00
17.85,7.06,-0.05,0.00
17.86,7.06,-0.05,0.00
17.87,7.06,-0.05,0.00
17.88,7.06,-0.05,0.00
17.89,7.06,-0.05,0.00
17.90,7.06,-0.05,0.00
17.91,7.06,-0.05,0.00
17.92,7.45,-0.05,0.00
17.93,7.45,-0.05,0.00
17.94,7.45,-0.05,0.00
17.95,7.45,-0.05,0.00
17.96,7.45,-0.05,0.00
17.97,7.45,-0.05,0.00
17.98,7.45,-0.05,0.00
17.99,7.45,-0.05,0.00
18.00,7.45,-0.05,0.00
18.01,7.45,-0.05,0.00
18.02,7.45,-0.05,0.00
18.03,7.45,-0.05,0.00
18.04,7.45,-0.05,0.00
18.05,7.45,-0.05,0.00
18.06,7.45,-0.05,0.00
18.07,7.45,-0.05,0.00
18.08,7.45,-0.05,0.00
18.09,7.45,-0.05,0.00
18.10,7.45,-0.05,0.00
18.11,7.45,-0.05,0.00
18.12,7.45,-0.05,0.00
18.13,7.45,-0.05,0.00
18.14,7.45,-0.05,0.00
18.15,7.45,-0.05,0.00
18.16,7.45,-0.05,0.00
18.17,7.45,-0.05,0.00
18.18,7.45,-0.05,0.00
18.19,7.45,-0.05,0.00
18.20,7.45,-0.05,0.00
18.21,7.45,-0.05,0.00
18.22,7.45,-0.05,0.00
18.23,7.45,-0.05,0.00
18.24,7.84,-0.05,0.00
18.25,7.84,-0.05,0.00
18.26,7.84,-0.05,0.00
18.27,7.84,-0.05,0.00
18.28,7.84,-0.05,0.00
18.29,7.84,-0.05,0.00
18.30,7.84,-0.05,0.00
18.31,7.06,-0.05,0.00
18.32,7.06,-0.05,0.00
18.33,7.06,-0.05,0.00
18.34,7.06,-0.05,0.00
18.35,7.06,-0.05,0.00
18.36,6.27,-0.05,0.00
18.37,6.27,-0.05,0.00
18.38,6.27,-0.05,0.00
18.39,6.27,-0.05,0.00
18.40,6.27,-0.05,0.00
18.41,6.27,-0.05,0.00
18.42,6.27,-0.05,0.00
18.43,6.27,-0.05,0.00
18.44,6.27,-0.05,0.00
18.45,6.27,-0.05,0.00
18.46,6.27,-0.05,0.00
18.47,6.27,-0.05,0.00
18.48,6.27,-0.05,0.00
18.49,6.27,-0.05,0.00
18.50,6.27,-0.05,0.00
18.51,6.27,-0.05,0.00
18.52,6.27,-0.05,0.00
18.53,6.27,-0.05,0.00
Conectando a MQTT... 18.54,6.67,-0.05,0.00
18.55,6.67,-0.05,0.00
18.56,6.67,-0.05,0.00
18.57,6.67,-0.05,0.00
18.58,6.67,-0.05,0.00
18.59,6.67,-0.05,0.00
18.60,6.67,-0.05,0.00
18.61,6.67,-0.05,0.00
18.62,6.67,-0.05,0.00
18.63,6.67,-0.05,0.00
18.64,6.67,-0.05,0.00
18.65,6.67,-0.05,0.00
18.66,6.67,-0.05,0.00
18.67,6.67,-0.05,0.00
18.68,6.67,-0.05,0.00
18.69,6.67,-0.05,0.00
18.70,6.67,-0.05,0.00
18.71,6.67,-0.05,0.00
18.72,6.67,-0.05,0.00
18.73,6.67,-0.05,0.00
18.74,6.67,-0.05,0.00
18.75,6.67,-0.05,0.00
18.76,6.67,-0.05,0.00
18.77,6.67,-0.05,0.00
18.78,6.67,-0.05,0.00
18.79,6.67,-0.05,0.00
18.80,6.67,-0.05,0.00
18.81,6.67,-0.05,0.00
18.82,6.67,-0.05,0.0ets Jul 29 2019 12:21:46
rst:0x1 (POWERON_RESET),boot:0x13 (SPI_FAST_FLASH_BOOT)
configsip: 0, SPIWP:0xee
clk_drv:0x00,q_drv:0x00,d_drv:0x00,cs0_drv:0x00,hd_drv:0x00,wp_drv:0x00
mode:DIO, clock div:2
load:0x3fff0030,len:1184
load:0x40078000,len:13232
load:0x40080400,len:3028
entry 0x400805e4
Iniciando ESP32 + Encoder + PID + MQTT
Conectando a WiFi.............
WiFi conectado. IP: 192.168.18.40
Sistema iniciado
0.00,44.31,0.00,0.00
0.01,-19.22,0.10,0.00
Conectando a WiFi0.02,-20.00,0.17,0.00
0.03,-18.43,0.09,0.00
0.04,-0.39,-0.01,0.00
0.05,0.00,-0.01,0.00
0.06,0.00,-0.01,0.00
0.07,0.00,-0.01,0.00
0.08,0.00,-0.01,0.00
0.09,0.00,-0.01,0.00
0.10,0.00,-0.01,0.00
0.11,0.00,-0.01,0.00
0.12,0.00,-0.01,0.00
0.13,0.00,-0.01,0.00
0.14,0.00,-0.01,0.00
0.15,0.00,-0.01,0.00
0.16,0.00,-0.01,0.00
0.17,0.00,-0.01,0.00
0.18,0.00,-0.01,0.00
0.19,0.39,-0.01,0.00
0.20,0.39,-0.01,0.00
0.21,0.39,-0.01,0.00
0.22,0.39,-0.01,0.00
0.23,0.39,-0.01,0.00
0.24,0.39,-0.01,0.00
0.25,0.39,-0.01,0.00
0.26,0.39,-0.01,0.00
0.27,0.39,-0.01,0.00
0.28,0.39,-0.01,0.00
0.29,0.39,-0.01,0.00
0.30,0.39,-0.01,0.00
0.31,0.39,-0.01,0.00
0.32,0.39,-0.01,0.00
0.33,0.39,-0.01,0.00
0.34,0.39,-0.01,0.00
0.35,0.39,-0.01,0.00
0.36,0.39,-0.01,0.00
0.37,0.39,-0.01,0.00
0.38,0.39,-0.01,0.00
0.39,0.39,-0.01,0.00
0.40,0.78,-0.01,0.00
0.41,0.78,-0.01,0.00
0.42,0.78,-0.01,0.00
0.43,0.78,-0.01,0.00
0.44,0.78,-0.01,0.00
0.45,0.78,-0.01,0.00
0.46,0.78,-0.01,0.00
0.47,0.78,-0.01,0.00
0.48,0.78,-0.01,0.00
0.49,0.78,-0.01,0.00
0.50,0.78,-0.01,0.00
0.51,0.78,-0.01,0.00
.0.52,0.78,-0.01,0.00
0.53,0.78,-0.01,0.00
0.54,0.78,-0.01,0.00
0.55,0.78,-0.01,0.00
0.56,0.78,-0.01,0.00
0.57,0.78,-0.01,0.00
0.58,0.78,-0.01,0.00
0.59,0.78,-0.01,0.00
0.60,0.78,-0.01,0.00
0.61,0.78,-0.01,0.00
0.62,0.78,-0.01,0.00
0.63,0.78,-0.01,0.00
0.64,0.78,-0.01,0.00
0.65,0.78,-0.01,0.00
0.66,0.78,-0.01,0.00
0.67,1.18,-0.01,0.00
0.68,1.18,-0.01,0.00
0.69,1.18,-0.01,0.00
0.70,1.18,-0.01,0.00
0.71,1.18,-0.01,0.00
0.72,1.18,-0.01,0.00
0.73,1.18,-0.01,0.00
0.74,1.18,-0.01,0.00
0.75,1.18,-0.01,0.00
0.76,1.18,-0.01,0.00
0.77,1.18,-0.01,0.00
0.78,1.18,-0.01,0.00
0.79,1.18,-0.01,0.00
0.80,1.18,-0.01,0.00
0.81,1.18,-0.01,0.00
0.82,1.18,-0.01,0.00
0.83,1.18,-0.01,0.00
0.84,1.18,-0.01,0.00
0.85,1.18,-0.01,0.00
0.86,1.18,-0.01,0.00
0.87,1.18,-0.01,0.00
0.88,1.18,-0.01,0.00
0.89,1.18,-0.01,0.00
0.90,1.18,-0.01,0.00
0.91,1.18,-0.01,0.00
0.92,1.18,-0.01,0.00
0.93,1.18,-0.01,0.00
0.94,1.18,-0.01,0.00
0.95,1.18,-0.01,0.00
0.96,1.18,-0.01,0.00
0.97,1.18,-0.01,0.00
0.98,1.18,-0.01,0.00
0.99,1.18,-0.01,0.00
1.00,1.18,-0.01,0.00
1.01,1.18,-0.01,0.00
.1.02,1.18,-0.01,0.00
1.03,1.18,-0.01,0.00
1.04,1.57,-0.01,0.00
1.05,1.57,-0.01,0.00
1.06,1.57,-0.01,0.00
1.07,1.57,-0.01,0.00
1.08,1.57,-0.01,0.00
1.09,1.57,-0.01,0.00
1.10,1.57,-0.01,0.00
1.11,1.57,-0.01,0.00
1.12,1.57,-0.01,0.00
1.13,1.57,-0.01,0.00
1.14,1.57,-0.01,0.00
1.15,1.57,-0.01,0.00
1.16,1.57,-0.01,0.00
1.17,1.57,-0.01,0.00
1.18,1.57,-0.01,0.00
1.19,1.57,-0.01,0.00
1.20,1.57,-0.01,0.00
1.21,1.57,-0.01,0.00
1.22,1.57,-0.01,0.00
1.23,1.57,-0.01,0.00
1.24,1.57,-0.01,0.00
1.25,1.57,-0.01,0.00
1.26,1.57,-0.01,0.00
1.27,1.57,-0.01,0.00
1.28,1.57,-0.01,0.00
1.29,1.57,-0.01,0.00
1.30,1.57,-0.01,0.00
1.31,1.57,-0.01,0.00
1.32,1.57,-0.01,0.00
1.33,1.57,-0.01,0.00
1.34,1.57,-0.01,0.00
1.35,1.57,-0.01,0.00
1.36,1.57,-0.01,0.00
1.37,1.57,-0.01,0.00
1.38,1.57,-0.01,0.00
1.39,1.57,-0.01,0.00
1.40,1.57,-0.01,0.00
1.41,1.57,-0.01,0.00
1.42,1.57,-0.01,0.00
1.43,1.57,-0.01,0.00
1.44,1.57,-0.01,0.00
1.45,1.57,-0.01,0.00
1.46,1.57,-0.01,0.00
1.47,1.57,-0.01,0.00
1.48,1.57,-0.01,0.00
1.49,1.57,-0.01,0.00
1.50,1.57,-0.01,0.00
1.51,1.57,-0.01,0.00
.1.52,1.57,-0.01,0.00
1.53,1.57,-0.01,0.00
1.54,1.57,-0.01,0.00
1.55,1.57,-0.01,0.00
1.56,1.57,-0.01,0.00
1.57,1.57,-0.01,0.00
1.58,1.57,-0.01,0.00
1.59,1.57,-0.01,0.00
1.60,1.57,-0.01,0.00
1.61,1.57,-0.01,0.00
1.62,1.57,-0.01,0.00
1.63,1.96,-0.01,0.00
1.64,1.96,-0.01,0.00
1.65,1.96,-0.01,0.00
1.66,1.96,-0.01,0.00
1.67,1.96,-0.01,0.00
1.68,1.96,-0.01,0.00
1.69,1.96,-0.01,0.00
1.70,1.96,-0.01,0.00
1.71,1.96,-0.01,0.00
1.72,1.96,-0.01,0.00
1.73,1.96,-0.01,0.00
1.74,1.96,-0.01,0.00
1.75,1.96,-0.01,0.00
1.76,1.96,-0.01,0.00
1.77,1.96,-0.01,0.00
1.78,1.96,-0.01,0.00
1.79,1.96,-0.01,0.00
1.80,1.96,-0.01,0.00
1.81,1.96,-0.01,0.00
1.82,1.96,-0.01,0.00
1.83,1.96,-0.01,0.00
1.84,1.96,-0.01,0.00
1.85,1.96,-0.01,0.00
1.86,1.96,-0.01,0.00
1.87,1.96,-0.01,0.00
1.88,1.96,-0.01,0.00
1.89,1.96,-0.01,0.00
1.90,1.96,-0.01,0.00
1.91,1.96,-0.01,0.00
1.92,1.96,-0.01,0.00
1.93,1.96,-0.01,0.00
1.94,1.96,-0.01,0.00
1.95,1.96,-0.01,0.00
1.96,1.96,-0.01,0.00
1.97,1.96,-0.01,0.00
1.98,1.96,-0.01,0.00
1.99,1.96,-0.01,0.00
2.00,1.96,-0.01,0.00
2.01,1.96,-0.01,0.00
.2.02,1.96,-0.01,0.00
2.03,1.96,-0.01,0.00
2.04,1.96,-0.01,0.00
2.05,1.96,-0.01,0.00
2.06,1.96,-0.01,0.00
2.07,1.96,-0.01,0.00
2.08,1.96,-0.01,0.00
2.09,1.96,-0.01,0.00
2.10,1.96,-0.01,0.00
2.11,1.96,-0.01,0.00
2.12,1.96,-0.01,0.00
2.13,1.96,-0.01,0.00
2.14,1.96,-0.01,0.00
2.15,1.96,-0.01,0.00
2.16,1.96,-0.01,0.00
2.17,1.96,-0.01,0.00
2.18,1.96,-0.01,0.00
2.19,1.96,-0.01,0.00
2.20,1.96,-0.01,0.00
2.21,1.96,-0.01,0.00
2.22,1.96,-0.01,0.00
2.23,1.96,-0.01,0.00
2.24,1.96,-0.01,0.00
2.25,1.96,-0.01,0.00
2.26,1.96,-0.01,0.00
2.27,1.96,-0.01,0.00
2.28,1.96,-0.01,0.00
2.29,1.96,-0.01,0.00
2.30,1.96,-0.01,0.00
2.31,1.96,-0.01,0.00
2.32,1.96,-0.01,0.00
2.33,1.96,-0.01,0.00
2.34,1.96,-0.01,0.00
2.35,1.96,-0.01,0.00
2.36,1.96,-0.01,0.00
2.37,1.96,-0.01,0.00
2.38,1.96,-0.01,0.00
2.39,1.96,-0.01,0.00
2.40,1.96,-0.01,0.00
2.41,1.96,-0.01,0.00
2.42,1.96,-0.01,0.00
2.43,1.96,-0.01,0.00
2.44,1.96,-0.01,0.00
2.45,1.96,-0.01,0.00
2.46,1.96,-0.01,0.00
2.47,1.96,-0.01,0.00
2.48,1.96,-0.01,0.00
2.49,1.96,-0.01,0.00
2.50,1.96,-0.01,0.00
2.51,1.96,-0.01,0.00
.2.52,1.96,-0.01,0.00
2.53,1.96,-0.01,0.00
2.54,1.96,-0.01,0.00
2.55,1.96,-0.01,0.00
2.56,1.96,-0.01,0.00
2.57,1.96,-0.01,0.00
2.58,1.96,-0.01,0.00
2.59,1.96,-0.01,0.00
2.60,1.96,-0.01,0.00
2.61,1.96,-0.01,0.00
2.62,1.96,-0.01,0.00
2.63,1.96,-0.01,0.00
2.64,1.96,-0.01,0.00
2.65,1.96,-0.01,0.00
2.66,1.96,-0.01,0.00
2.67,1.96,-0.01,0.00
2.68,1.96,-0.01,0.00
2.69,1.96,-0.01,0.00
2.70,1.96,-0.01,0.00
2.71,1.96,-0.01,0.00
2.72,1.96,-0.01,0.00
2.73,1.96,-0.01,0.00
2.74,1.96,-0.01,0.00
2.75,1.96,-0.01,0.00
2.76,1.96,-0.01,0.00
2.77,1.96,-0.01,0.00
2.78,1.96,-0.01,0.00
2.79,1.96,-0.01,0.00
2.80,1.96,-0.01,0.00
2.81,1.96,-0.01,0.00
2.82,1.96,-0.01,0.00
2.83,1.96,-0.01,0.00
2.84,1.96,-0.01,0.00
2.85,1.96,-0.01,0.00
2.86,1.96,-0.01,0.00
2.87,1.96,-0.01,0.00
2.88,1.96,-0.01,0.00
2.89,1.96,-0.01,0.00
2.90,1.96,-0.01,0.00
2.91,1.96,-0.01,0.00
2.92,1.96,-0.01,0.00
2.93,1.96,-0.01,0.00
2.94,1.96,-0.01,0.00
2.95,1.96,-0.01,0.00
2.96,1.96,-0.01,0.00
2.97,1.96,-0.01,0.00
2.98,1.96,-0.01,0.00
2.99,1.96,-0.01,0.00
3.00,1.96,-0.01,0.00
3.01,1.96,-0.01,0.00
.3.02,1.96,-0.01,0.00
3.03,1.96,-0.01,0.00
3.04,1.96,-0.01,0.00
3.05,1.96,-0.01,0.00
3.06,1.96,-0.01,0.00
3.07,1.96,-0.01,0.00
3.08,1.96,-0.01,0.00
3.09,1.96,-0.01,0.00
3.10,1.96,-0.01,0.00
3.11,1.96,-0.01,0.00
3.12,1.96,-0.01,0.00
3.13,1.96,-0.01,0.00
3.14,1.96,-0.01,0.00
3.15,1.96,-0.01,0.00
3.16,1.96,-0.01,0.00
3.17,1.96,-0.01,0.00
3.18,1.96,-0.01,0.00
3.19,1.96,-0.01,0.00
3.20,1.96,-0.01,0.00
3.21,1.96,-0.01,0.00
3.22,1.96,-0.01,0.00
3.23,1.96,-0.01,0.00
3.24,1.96,-0.01,0.00
3.25,1.96,-0.01,0.00
3.26,1.96,-0.01,0.00
3.27,1.96,-0.01,0.00
3.28,1.96,-0.01,0.00
3.29,1.96,-0.01,0.00
3.30,1.96,-0.01,0.00
3.31,1.96,-0.01,0.00
3.32,1.96,-0.01,0.00
3.33,2.35,-0.01,0.00
3.34,2.35,-0.01,0.00
3.35,2.35,-0.01,0.00
3.36,2.35,-0.01,0.00
3.37,2.35,-0.01,0.00
3.38,2.35,-0.01,0.00
3.39,2.35,-0.01,0.00
3.40,2.35,-0.01,0.00
3.41,2.35,-0.01,0.00
3.42,2.35,-0.01,0.00
3.43,2.35,-0.01,0.00
3.44,2.35,-0.01,0.00
3.45,2.35,-0.01,0.00
3.46,2.35,-0.01,0.00
3.47,2.35,-0.01,0.00
3.48,2.35,-0.01,0.00
3.49,2.35,-0.01,0.00
3.50,2.35,-0.01,0.00
3.51,2.35,-0.01,0.00
.
WiFi conectado. IP: 192.168.18.40
Conectando a MQTT... 3.52,2.35,-0.01,0.00
3.53,2.35,-0.01,0.00
3.54,2.35,-0.01,0.00
3.55,2.35,-0.01,0.00
3.56,2.35,-0.01,0.00
3.57,2.35,-0.01,0.00
3.58,2.35,-0.01,0.00
3.59,2.35,-0.01,0.00
3.60,2.35,-0.01,0.00
3.61,2.35,-0.01,0.00
3.62,2.35,-0.01,0.00
3.63,2.35,-0.01,0.00
3.64,2.35,-0.01,0.00
3.65,2.35,-0.01,0.00
3.66,2.35,-0.01,0.00
3.67,2.35,-0.01,0.00
3.68,2.35,-0.01,0.00
3.69,2.35,-0.01,0.00
3.70,2.35,-0.01,0.00
3.71,2.35,-0.01,0.00
3.72,2.35,-0.01,0.00
3.73,2.35,-0.01,0.00
3.74,2.35,-0.01,0.00
3.75,2.35,-0.01,0.00
3.76,2.35,-0.01,0.00
3.77,2.35,-0.01,0.00
3.78,2.35,-0.01,0.00
3.79,2.35,-0.01,0.00
3.80,2.35,-0.01,0.00
3.81,2.35,-0.01,0.00
3.82,2.35,-0.01,0.00
3.83,2.35,-0.01,0.00
3.84,2.35,-0.01,0.00
3.85,2.35,-0.01,0.00
3.86,2.35,-0.01,0.00
3.87,2.35,-0.01,0.00
3.88,2.35,-0.01,0.00
3.89,2.35,-0.01,0.00
3.90,2.35,-0.01,0.00
3.91,2.35,-0.01,0.00
3.92,2.35,-0.01,0.00
3.93,2.35,-0.01,0.00
3.94,2.35,-0.01,0.00
3.95,2.35,-0.01,0.00
3.96,2.35,-0.01,0.00
3.97,2.35,-0.01,0.00
3.98,2.35,-0.01,0.00
3.99,2.35,-0.01,0.00
4.00,2.35,-0.01,0.00
4.01,2.35,-0.01,0.00
4.02,2.35,-0.01,0.00
4.03,2.35,-0.01,0.00
4.04,2.35,-0.01,0.00
4.05,2.35,-0.01,0.00
4.06,2.35,-0.01,0.00
4.07,2.35,-0.01,0.00
4.08,2.35,-0.01,0.00
4.09,2.35,-0.01,0.00
4.10,2.35,-0.01,0.00
4.11,2.35,-0.01,0.00
4.12,2.35,-0.01,0.00
4.13,2.35,-0.01,0.00
4.14,2.35,-0.01,0.00
4.15,2.35,-0.01,0.00
4.16,2.35,-0.01,0.00
4.17,2.35,-0.01,0.00
4.18,2.35,-0.01,0.00
4.19,2.35,-0.01,0.00
4.20,2.35,-0.01,0.00
4.21,2.35,-0.01,0.00
4.22,2.35,-0.01,0.00
4.23,2.35,-0.01,0.00
4.24,2.35,-0.01,0.00
4.25,2.35,-0.01,0.00
4.26,2.35,-0.01,0.00
4.27,2.35,-0.01,0.00
4.28,2.35,-0.01,0.00
4.29,2.35,-0.01,0.00
4.30,2.35,-0.01,0.00
4.31,2.35,-0.01,0.00
4.32,2.35,-0.01,0.00
4.33,2.35,-0.01,0.00
4.34,2.35,-0.01,0.00
4.35,2.35,-0.01,0.00
4.36,0.39,-0.01,0.00
4.37,-2.35,0.01,0.00
4.38,-3.92,0.01,0.00
4.39,-3.92,0.01,0.00
4.40,-4.71,0.02,0.00
4.41,-4.71,0.02,0.00
4.42,-4.71,0.02,0.00
4.43,-4.71,0.02,0.00
4.44,-4.71,0.02,0.00
4.45,-4.71,0.02,0.00
4.46,-4.71,0.02,0.00
4.47,-4.31,0.02,0.00
4.48,-4.31,0.02,0.00
4.49,-4.31,0.02,0.00
4.50,-4.31,0.02,0.00
4.51,-4.31,0.02,0.00
4.52,-4.31,0.02,0.00
4.53,-4.31,0.02,0.00
4.54,-4.31,0.02,0.00
4.55,-4.31,0.02,0.00
4.56,-4.31,0.02,0.00
4.57,-4.31,0.02,0.00
4.58,-4.31,0.02,0.00
4.59,-4.31,0.02,0.00
4.60,-4.31,0.02,0.00
4.61,-4.31,0.02,0.00
4.62,-4.31,0.02,0.00
4.63,-4.31,0.02,0.00
4.64,-4.31,0.02,0.00
4.65,-4.31,0.02,0.00
4.66,-4.31,0.02,0.00
4.67,-4.31,0.02,0.00
4.68,-5.10,0.02,0.00
4.69,-12.16,0.06,0.00
4.70,-19.61,0.13,0.00
4.71,-20.00,0.18,0.00
4.72,-20.00,0.22,0.00
4.73,-20.39,0.31,0.00
4.74,-20.78,0.45,0.00
4.75,-21.96,0.68,0.00
4.76,-23.14,0.96,0.00
4.77,-24.31,1.25,0.00
4.78,-25.49,1.57,0.00
4.79,-26.67,1.84,0.00
4.80,-27.84,2.13,0.00
4.81,-29.02,2.37,0.00
4.82,-29.80,2.60,0.00
4.83,-30.59,2.80,0.00
4.84,-31.37,2.97,0.00
4.85,-32.16,3.17,0.00
4.86,-32.94,3.35,0.00
4.87,-33.33,3.52,0.00
4.88,-34.12,3.70,0.00
4.89,-34.90,3.91,0.00
4.90,-35.69,4.11,0.00
4.91,-36.47,4.30,0.00
4.92,-37.25,4.50,0.00
4.93,-38.04,4.65,0.00
4.94,-38.43,4.74,0.00
4.95,-38.43,4.82,0.00
4.96,-39.22,4.94,0.00
4.97,-39.61,5.12,0.00
4.98,-40.39,5.32,0.00
4.99,-41.18,5.52,0.00
5.00,-42.35,5.74,0.00
5.01,-43.14,5.93,0.00
5.02,-43.92,6.13,0.00
5.03,-44.71,6.35,0.00
5.04,-45.49,6.53,0.00
5.05,-45.88,6.64,0.00
5.06,-45.88,6.70,0.00
5.07,-46.27,6.81,0.00
5.08,-47.06,7.00,0.00
5.09,-47.84,7.19,0.00
5.10,-48.63,7.38,0.00
5.11,-49.41,7.59,0.00
5.12,-49.80,7.77,0.00
5.13,-50.59,7.89,0.00
5.14,-50.59,7.97,0.00
5.15,-51.37,8.12,0.00
5.16,-52.16,8.33,0.00
5.17,-52.94,8.52,0.00
5.18,-53.33,8.70,0.00
5.19,-54.12,8.86,0.00
5.20,-54.51,8.96,0.00
5.21,-54.51,9.01,0.00
5.22,-54.90,9.07,0.00
5.23,-54.90,9.15,0.00
5.24,-55.29,9.23,0.00
5.25,-55.29,9.30,0.00
5.26,-55.69,9.39,0.00
5.27,-56.08,9.45,0.00
5.28,-56.08,9.47,0.00
5.29,-56.08,9.48,0.00
5.30,-56.08,9.49,0.00
5.31,-55.69,9.49,0.00
5.32,-55.69,9.49,0.00
5.33,-55.69,9.49,0.00
5.34,-55.69,9.49,0.00
5.35,-55.69,9.48,0.00
5.36,-55.29,9.47,0.00
5.37,-55.29,9.47,0.00
5.38,-55.29,9.45,0.00
5.39,-54.90,9.42,0.00
5.40,-54.90,9.38,0.00
5.41,-54.51,9.34,0.00
5.42,-54.12,9.29,0.00
5.43,-53.73,9.20,0.00
5.44,-53.33,9.05,0.00
5.45,-52.16,8.81,0.00
5.46,-50.59,8.51,0.00
5.47,-49.41,8.15,0.00
5.48,-47.45,7.76,0.00
5.49,-45.88,7.39,0.00
5.50,-44.71,7.09,0.00
5.51,-43.53,6.79,0.00
5.52,-42.35,6.54,0.00
5.53,-41.18,6.30,0.00
5.54,-40.39,6.06,0.00
5.55,-39.22,5.77,0.00
5.56,-37.25,5.39,0.00
5.57,-35.69,4.95,0.00
5.58,-33.33,4.45,0.00
5.59,-31.37,3.91,0.00
5.60,-29.02,3.35,0.00
5.61,-26.67,2.81,0.00
5.62,-24.71,2.31,0.00
5.63,-22.75,1.88,0.00
5.64,-21.18,1.51,0.00
5.65,-20.00,1.21,0.00
5.66,-2.35,0.99,0.00
5.67,16.47,0.88,0.00
5.68,10.20,0.91,0.00
5.69,-5.10,0.98,0.00
5.70,-9.80,0.99,0.00
5.71,-10.98,0.99,0.00
5.72,-12.16,0.99,0.00
5.73,-9.41,0.97,0.00
5.74,1.96,0.91,0.00
5.75,16.08,0.83,0.00
5.76,19.61,0.77,0.00
5.77,19.61,0.75,0.00
5.78,19.61,0.75,0.00
5.79,19.61,0.74,0.00
5.80,19.61,0.74,0.00
5.81,19.61,0.74,0.00
5.82,19.61,0.73,0.00
5.83,19.61,0.73,0.00
5.84,19.61,0.72,0.00
5.85,19.61,0.71,0.00
5.86,19.61,0.70,0.00
5.87,19.61,0.69,0.00
5.88,19.61,0.68,0.00
5.89,19.61,0.66,0.00
5.90,19.61,0.65,0.00
5.91,19.61,0.64,0.00
5.92,19.61,0.62,0.00
5.93,20.00,0.61,0.00
5.94,20.00,0.60,0.00
5.95,20.00,0.59,0.00
5.96,20.00,0.58,0.00
5.97,20.00,0.57,0.00
5.98,20.00,0.57,0.00
5.99,20.00,0.56,0.00
6.00,20.00,0.55,0.00
6.01,20.00,0.54,0.00
6.02,20.00,0.53,0.00
6.03,20.00,0.52,0.00
6.04,20.00,0.50,0.00
6.05,20.00,0.48,0.00
6.06,20.00,0.44,0.00
6.07,20.39,0.35,0.00
6.08,21.18,0.17,0.00
6.09,22.75,-0.16,0.00
6.10,24.71,-0.62,0.00
6.11,27.06,-1.20,0.00
6.12,29.41,-1.84,0.00
6.13,31.76,-2.37,0.00
6.14,33.33,-2.81,0.00
6.15,35.29,-3.26,0.00
6.16,36.47,-3.53,0.00
6.17,36.86,-3.70,0.00
6.18,37.65,-3.84,0.00
6.19,37.65,-3.92,0.00
6.20,38.04,-4.01,0.00
6.21,38.82,-4.18,0.00
6.22,39.61,-4.43,0.00
6.23,40.78,-4.66,0.00
6.24,41.57,-4.86,0.00
6.25,42.35,-5.15,0.00
6.26,43.53,-5.39,0.00
6.27,44.31,-5.60,0.00
6.28,45.10,-5.78,0.00
6.29,45.10,-5.87,0.00
6.30,45.49,-5.91,0.00
6.31,45.49,-5.94,0.00
6.32,45.49,-5.97,0.00
6.33,45.49,-6.01,0.00
6.34,45.49,-6.04,0.00
6.35,45.49,-6.07,0.00
6.36,45.88,-6.11,0.00
6.37,45.88,-6.15,0.00
6.38,45.88,-6.18,0.00
6.39,45.88,-6.21,0.00
6.40,45.88,-6.23,0.00
6.41,45.88,-6.24,0.00
6.42,45.88,-6.24,0.00
6.43,45.88,-6.23,0.00
6.44,45.49,-6.22,0.00
6.45,45.49,-6.20,0.00
6.46,45.10,-6.18,0.00
6.47,45.10,-6.14,0.00
6.48,44.71,-6.05,0.00
6.49,43.53,-5.82,0.00
6.50,41.57,-5.40,0.00
6.51,39.22,-4.81,0.00
6.52,36.08,-4.02,0.00
fallo, rc=-2 -> reintentando en 2 s
6.53,31.76,-3.07,0.00
6.54,27.45,-2.01,0.00
6.55,22.75,-0.89,0.00
6.56,-20.00,0.22,0.00
6.57,-23.92,1.16,0.00
6.58,-26.67,1.80,0.00
6.59,-27.84,2.13,0.00
6.60,-28.24,2.15,0.00
6.61,-27.45,2.00,0.00
6.62,-26.27,1.71,0.00
6.63,-24.71,1.35,0.00
6.64,-22.75,0.94,0.00
6.65,-21.18,0.49,0.00
6.66,-5.49,0.04,0.00
6.67,20.39,-0.34,0.00
6.68,21.18,-0.52,0.00
6.69,21.18,-0.51,0.00
6.70,21.18,-0.45,0.00
6.71,20.78,-0.36,0.00
6.72,20.00,-0.23,0.00
6.73,9.80,-0.03,0.00
6.74,-19.61,0.17,0.00
6.75,-20.00,0.20,0.00
6.76,-17.65,0.10,0.00
6.77,10.98,-0.04,0.00
6.78,14.51,-0.06,0.00
6.79,1.57,0.00,0.00
6.80,-9.80,0.06,0.00
6.81,-9.80,0.06,0.00
6.82,-9.80,0.06,0.00
6.83,-9.80,0.06,0.00
6.84,-9.80,0.06,0.00
6.85,-9.80,0.06,0.00
6.86,-9.80,0.06,0.00
6.87,-9.80,0.06,0.00
6.88,-9.80,0.06,0.00
6.89,-9.80,0.06,0.00
6.90,-9.02,0.05,0.00
6.91,-9.02,0.05,0.00
6.92,-9.02,0.05,0.00
6.93,-9.02,0.05,0.00
6.94,-9.02,0.05,0.00
6.95,-9.02,0.05,0.00
6.96,-9.02,0.05,0.00
6.97,-9.02,0.05,0.00
6.98,-9.02,0.05,0.00
6.99,-9.02,0.05,0.00
7.00,-9.02,0.05,0.00
7.01,-9.02,0.05,0.00
7.02,-9.02,0.05,0.00
7.03,-9.02,0.05,0.00
7.04,-9.02,0.05,0.00
7.05,-9.02,0.05,0.00
7.06,-9.02,0.05,0.00
7.07,-9.02,0.05,0.00
7.08,-9.02,0.05,0.00
7.09,-9.02,0.05,0.00
7.10,-9.02,0.05,0.00
7.11,-9.02,0.05,0.00
7.12,-9.02,0.05,0.00
7.13,-9.02,0.05,0.00
7.14,-9.02,0.05,0.00
7.15,-9.02,0.05,0.00
7.16,-9.02,0.05,0.00
7.17,-9.02,0.05,0.00
7.18,-9.02,0.05,0.00
7.19,-9.02,0.05,0.00
7.20,-9.02,0.05,0.00
7.21,-9.02,0.05,0.00
7.22,-9.02,0.05,0.00
7.23,-9.02,0.05,0.00
7.24,-9.02,0.05,0.00
7.25,-9.02,0.05,0.00
7.26,-9.02,0.05,0.00
7.27,-9.02,0.05,0.00
7.28,-9.02,0.05,0.00
7.29,-9.02,0.05,0.00
7.30,-9.02,0.05,0.00
7.31,-9.02,0.05,0.00
7.32,-9.02,0.05,0.00
7.33,-8.24,0.05,0.00
7.34,-8.24,0.05,0.00
7.35,-7.45,0.05,0.00
7.36,-7.45,0.05,0.00
7.37,-6.67,0.04,0.00
7.38,-6.67,0.04,0.00
7.39,-6.67,0.04,0.00
7.40,-6.67,0.04,0.00
7.41,-6.67,0.04,0.00
7.42,-5.88,0.04,0.00
7.43,-5.88,0.04,0.00
7.44,-5.88,0.04,0.00
7.45,-5.88,0.04,0.00
7.46,-5.88,0.04,0.00
7.47,-5.88,0.04,0.00
7.48,-5.88,0.04,0.00
7.49,-5.88,0.04,0.00
7.50,-5.88,0.04,0.00
7.51,-5.88,0.04,0.00
7.52,-5.88,0.04,0.00
7.53,-5.88,0.04,0.00
7.54,-5.88,0.04,0.00
7.55,-5.88,0.04,0.00
7.56,-5.88,0.04,0.00
7.57,-5.88,0.04,0.00
7.58,-5.88,0.04,0.00
7.59,-5.10,0.03,0.00
7.60,-5.10,0.03,0.00
7.61,-5.10,0.03,0.00
7.62,-5.10,0.03,0.00
7.63,-5.10,0.03,0.00
7.64,-5.10,0.03,0.00
7.65,-5.10,0.03,0.00
7.66,-5.88,0.04,0.00
7.67,-5.88,0.04,0.00
7.68,-5.88,0.04,0.00
7.69,-5.88,0.04,0.00
7.70,-5.88,0.04,0.00
7.71,-5.88,0.04,0.00
7.72,-5.88,0.04,0.00
7.73,-5.88,0.04,0.00
7.74,-5.88,0.04,0.00
7.75,-5.88,0.04,0.00
7.76,-5.88,0.04,0.00
7.77,-5.88,0.04,0.00
7.78,-5.88,0.04,0.00
7.79,-5.49,0.03,0.00
7.80,-5.49,0.03,0.00
7.81,-5.49,0.03,0.00
7.82,-5.49,0.03,0.00
7.83,-5.49,0.03,0.00
7.84,-5.49,0.03,0.00
7.85,-5.49,0.03,0.00
7.86,-5.49,0.03,0.00
7.87,-5.49,0.03,0.00
7.88,-5.49,0.03,0.00
7.89,-5.49,0.03,0.00
7.90,-5.49,0.03,0.00
7.91,-4.71,0.03,0.00
7.92,-4.71,0.03,0.00
7.93,-3.92,0.03,0.00
7.94,-2.35,0.02,0.00
7.95,-0.39,0.01,0.00
7.96,0.78,0.01,0.00
7.97,1.57,0.00,0.00
7.98,1.57,0.00,0.00
7.99,1.57,0.00,0.00
8.00,1.57,0.00,0.00
8.01,1.18,0.00,0.00
8.02,1.18,0.00,0.00
8.03,1.18,0.00,0.00
8.04,1.18,0.00,0.00
8.05,1.18,0.00,0.00
8.06,1.18,0.00,0.00
8.07,1.18,0.00,0.00
8.08,1.18,0.00,0.00
8.09,1.18,0.00,0.00
8.10,1.96,0.00,0.00
8.11,9.02,-0.03,0.00
8.12,16.86,-0.08,0.00
8.13,19.61,-0.13,0.00
8.14,19.61,-0.15,0.00
8.15,20.00,-0.17,0.00
8.16,19.61,-0.16,0.00
8.17,19.61,-0.14,0.00
8.18,19.61,-0.14,0.00
8.19,19.61,-0.13,0.00
8.20,19.61,-0.13,0.00
8.21,19.61,-0.13,0.00
8.22,19.61,-0.12,0.00
8.23,18.82,-0.10,0.00
8.24,16.86,-0.08,0.00
8.25,16.08,-0.08,0.00
8.26,16.08,-0.08,0.00
8.27,16.08,-0.08,0.00
8.28,15.69,-0.08,0.00
8.29,15.69,-0.08,0.00
8.30,15.29,-0.07,0.00
8.31,14.90,-0.07,0.00
8.32,14.90,-0.07,0.00
8.33,14.12,-0.07,0.00
8.34,13.73,-0.06,0.00
8.35,12.94,-0.06,0.00
8.36,10.20,-0.05,0.00
8.37,6.67,-0.03,0.00
8.38,6.67,-0.03,0.00
8.39,6.67,-0.03,0.00
8.40,7.45,-0.03,0.00
8.41,7.06,-0.03,0.00
8.42,8.63,-0.04,0.00
8.43,9.41,-0.04,0.00
8.44,12.55,-0.06,0.00
8.45,16.08,-0.08,0.00
8.46,19.22,-0.11,0.00
8.47,20.00,-0.19,0.00
8.48,20.39,-0.36,0.00
8.49,21.96,-0.73,0.00
8.50,24.71,-1.38,0.00
8.51,28.24,-2.19,0.00
8.52,31.37,-2.97,0.00
Conectando a MQTT... 8.53,34.51,-3.70,0.00
8.54,36.47,-4.23,0.00
8.55,38.04,-4.61,0.00
8.56,39.22,-4.87,0.00
8.57,40.39,-5.15,0.00
8.58,40.78,-5.31,0.00
8.59,41.18,-5.35,0.00
8.60,41.18,-5.38,0.00
8.61,41.18,-5.40,0.00
8.62,41.18,-5.41,0.00
8.63,41.18,-5.41,0.00
8.64,41.18,-5.40,0.00
8.65,40.78,-5.38,0.00
8.66,40.78,-5.35,0.00
8.67,40.39,-5.27,0.00
8.68,39.61,-5.09,0.00
8.69,38.04,-4.78,0.00
8.70,36.47,-4.38,0.00
8.71,34.51,-3.91,0.00
8.72,32.16,-3.39,0.00
8.73,30.20,-2.86,0.00
8.74,27.84,-2.36,0.00
8.75,25.88,-1.90,0.00
8.76,24.31,-1.49,0.00
8.77,22.75,-1.12,0.00
8.78,21.57,-0.83,0.00
8.79,20.78,-0.63,0.00
8.80,20.00,-0.49,0.00
8.81,20.00,-0.42,0.00
8.82,19.61,-0.39,0.00
8.83,19.61,-0.38,0.00
8.84,19.61,-0.37,0.00
8.85,19.61,-0.36,0.00
8.86,19.22,-0.36,0.00
8.87,18.82,-0.35,0.00
8.88,18.43,-0.34,0.00
8.89,18.43,-0.34,0.00
8.90,18.04,-0.34,0.00
8.91,18.04,-0.33,0.00
8.92,18.04,-0.33,0.00
8.93,18.04,-0.33,0.00
8.94,17.65,-0.32,0.00
8.95,18.04,-0.32,0.00
8.96,18.04,-0.32,0.00
8.97,18.04,-0.32,0.00
8.98,16.08,-0.30,0.00
8.99,13.73,-0.29,0.00
9.00,12.55,-0.28,0.00
9.01,12.16,-0.28,0.00
9.02,12.16,-0.27,0.00
9.03,12.16,-0.27,0.00
9.04,11.76,-0.27,0.00
9.05,12.16,-0.27,0.00
9.06,12.55,-0.27,0.00
9.07,12.55,-0.27,0.00
9.08,12.94,-0.27,0.00
9.09,13.33,-0.27,0.00
9.10,13.33,-0.27,0.00
9.11,12.94,-0.27,0.00
9.12,8.63,-0.24,0.00
9.13,-14.51,-0.13,0.00
9.14,-20.00,0.03,0.00
9.15,-20.39,0.15,0.00
9.16,-20.78,0.24,0.00
9.17,-21.57,0.41,0.00
9.18,-22.75,0.69,0.00
9.19,-24.31,1.11,0.00
9.20,-26.67,1.63,0.00
9.21,-29.02,2.18,0.00
9.22,-31.37,2.74,0.00
9.23,-33.73,3.31,0.00
9.24,-36.08,3.89,0.00
9.25,-38.43,4.46,0.00
9.26,-40.39,4.97,0.00
9.27,-42.35,5.42,0.00
9.28,-43.53,5.76,0.00
9.29,-44.31,5.99,0.00
9.30,-45.10,6.14,0.00
9.31,-45.49,6.26,0.00
9.32,-45.49,6.31,0.00
9.33,-45.49,6.31,0.00
9.34,-45.49,6.31,0.00
9.35,-45.49,6.30,0.00
9.36,-45.10,6.26,0.00
9.37,-44.71,6.19,0.00
9.38,-44.31,6.07,0.00
9.39,-43.14,5.86,0.00
9.40,-41.96,5.57,0.00
9.41,-40.39,5.25,0.00
9.42,-38.82,4.85,0.00
9.43,-36.86,4.38,0.00
9.44,-34.51,3.84,0.00
9.45,-32.16,3.23,0.00
9.46,-29.02,2.56,0.00
9.47,-25.88,1.82,0.00
9.48,-22.35,0.92,0.00
9.49,20.39,-0.12,0.00
9.50,24.31,-1.13,0.00
9.51,28.24,-2.01,0.00
9.52,30.98,-2.66,0.00
9.53,32.16,-3.01,0.00
9.54,32.94,-3.15,0.00
9.55,32.55,-3.15,0.00
9.56,32.55,-3.15,0.00
9.57,32.55,-3.14,0.00
9.58,32.55,-3.13,0.00
9.59,32.55,-3.10,0.00
9.60,32.16,-3.04,0.00
9.61,31.76,-2.95,0.00
9.62,30.98,-2.82,0.00
9.63,30.59,-2.67,0.00
9.64,29.41,-2.46,0.00
9.65,28.24,-2.19,0.00
9.66,27.06,-1.90,0.00
9.67,25.88,-1.58,0.00
9.68,24.31,-1.27,0.00
9.69,23.14,-0.98,0.00
9.70,22.35,-0.79,0.00
9.71,21.96,-0.65,0.00
9.72,21.18,-0.51,0.00
9.73,20.78,-0.42,0.00
9.74,20.78,-0.36,0.00
9.75,20.39,-0.31,0.00
9.76,20.00,-0.23,0.00
9.77,19.61,-0.12,0.00
9.78,-7.84,0.04,0.00
9.79,-20.00,0.19,0.00
9.80,-20.39,0.31,0.00
9.81,-21.18,0.46,0.00
9.82,-21.96,0.73,0.00
9.83,-23.53,1.10,0.00
9.84,-25.49,1.59,0.00
9.85,-27.84,2.15,0.00
9.86,-30.59,2.78,0.00
9.87,-33.33,3.44,0.00
9.88,-36.08,4.12,0.00
9.89,-38.82,4.78,0.00
9.90,-41.18,5.38,0.00
9.91,-43.53,5.90,0.00
9.92,-45.10,6.32,0.00
9.93,-46.67,6.67,0.00
9.94,-47.84,6.97,0.00
9.95,-48.63,7.21,0.00
9.96,-49.02,7.37,0.00
9.97,-49.80,7.48,0.00
9.98,-49.80,7.56,0.00
9.99,-49.80,7.56,0.00
10.00,-49.80,7.57,0.00
10.01,-49.80,7.57,0.00
10.02,-49.80,7.57,0.00
10.03,-49.41,7.57,0.00
10.04,-49.41,7.57,0.00
10.05,-49.41,7.56,0.00
10.06,-49.41,7.56,0.00
10.07,-49.41,7.55,0.00
10.08,-49.02,7.52,0.00
10.09,-48.63,7.44,0.00
10.10,-47.84,7.29,0.00
10.11,-46.67,7.00,0.00
10.12,-44.31,6.46,0.00
10.13,-41.18,5.70,0.00
10.14,-37.25,4.74,0.00
10.15,-32.55,3.65,0.00
10.16,-27.84,2.50,0.00
10.17,-22.75,1.33,0.00
10.18,20.00,0.19,0.00
10.19,23.92,-0.74,0.00
10.20,26.67,-1.36,0.00
10.21,27.45,-1.62,0.00
10.22,27.45,-1.57,0.00
10.23,26.27,-1.36,0.00
10.24,25.10,-1.03,0.00
10.25,23.14,-0.61,0.00
10.26,21.18,-0.14,0.00
10.27,5.88,0.36,0.00
10.28,-20.78,0.80,0.00
10.29,-21.96,1.06,0.00
10.30,-21.96,1.11,0.00
10.31,-21.96,1.06,0.00
10.32,-21.57,0.95,0.00
10.33,-20.78,0.79,0.00
10.34,-20.00,0.56,0.00
10.35,6.67,0.34,0.00
10.36,19.61,0.23,0.00
10.37,19.22,0.25,0.00
10.38,11.37,0.31,0.00
10.39,-4.31,0.38,0.00
10.40,-8.63,0.39,0.00
10.41,-9.41,0.39,0.00
10.42,-9.80,0.39,0.00
10.43,-9.80,0.39,0.00
10.44,-10.20,0.39,0.00
10.45,-10.59,0.39,0.00
10.46,-10.98,0.39,0.00
10.47,-10.98,0.39,0.00
10.48,-11.37,0.39,0.00
10.49,-11.76,0.39,0.00
10.50,-12.16,0.39,0.00
10.51,-12.16,0.38,0.00
10.52,-12.55,0.38,0.00
10.53,-12.16,0.38,0.00
10.54,-12.55,0.38,0.00
10.55,-12.55,0.38,0.00
10.56,-12.94,0.38,0.00
10.57,-12.55,0.37,0.00
10.58,-12.94,0.37,0.00
10.59,-12.94,0.37,0.00
10.60,-13.33,0.37,0.00
10.61,-12.94,0.37,0.00
10.62,-12.55,0.36,0.00
10.63,-12.94,0.36,0.00
10.64,-12.94,0.36,0.00
10.65,-13.33,0.36,0.00
10.66,-12.94,0.36,0.00
10.67,-12.55,0.35,0.00
10.68,-12.94,0.35,0.00
10.69,-12.94,0.35,0.00
10.70,-12.94,0.35,0.00
10.71,-12.94,0.35,0.00
10.72,-13.33,0.35,0.00
10.73,-12.94,0.34,0.00
10.74,-12.55,0.34,0.00
10.75,-12.94,0.34,0.00
10.76,-12.55,0.34,0.00
10.77,-12.94,0.34,0.00
10.78,-12.94,0.33,0.00
10.79,-12.94,0.33,0.00
10.80,-12.94,0.33,0.00
10.81,-13.33,0.33,0.00
10.82,-12.94,0.32,0.00
10.83,-13.33,0.32,0.00
10.84,-12.94,0.32,0.00
10.85,-12.55,0.32,0.00
10.86,-12.94,0.32,0.00
10.87,-13.33,0.32,0.00
10.88,-12.94,0.31,0.00
10.89,-12.55,0.31,0.00
10.90,-12.94,0.31,0.00
10.91,-12.55,0.31,0.00
10.92,-12.94,0.31,0.00
10.93,-12.55,0.30,0.00
10.94,-12.94,0.30,0.00
10.95,-12.55,0.30,0.00
10.96,-12.94,0.30,0.00
10.97,-12.55,0.30,0.00
10.98,-12.94,0.30,0.00
10.99,-12.55,0.29,0.00
11.00,-12.94,0.29,0.00
11.01,-12.55,0.29,0.00
11.02,-12.16,0.29,0.00
11.03,-12.55,0.29,0.00
11.04,-12.16,0.28,0.00
11.05,-12.16,0.28,0.00
11.06,-11.76,0.28,0.00
11.07,-12.16,0.28,0.00
11.08,-12.55,0.28,0.00
11.09,-12.16,0.28,0.00
11.10,-12.55,0.28,0.00
11.11,-12.16,0.27,0.00
11.12,-11.76,0.27,0.00
11.13,-11.76,0.27,0.00
11.14,-12.16,0.27,0.00
11.15,-11.76,0.27,0.00
11.16,-11.37,0.26,0.00
11.17,-11.76,0.26,0.00
11.18,-12.16,0.26,0.00
11.19,-11.76,0.26,0.00
11.20,-11.37,0.25,0.00
11.21,-11.37,0.25,0.00
11.22,-10.98,0.25,0.00
11.23,-11.37,0.25,0.00
11.24,-10.98,0.25,0.00
11.25,-10.98,0.25,0.00
11.26,-11.37,0.25,0.00
11.27,-10.98,0.24,0.00
11.28,-10.59,0.24,0.00
11.29,-10.98,0.24,0.00
11.30,-10.59,0.24,0.00
11.31,-10.59,0.24,0.00
11.32,-10.20,0.23,0.00
11.33,-10.59,0.23,0.00
11.34,-10.20,0.23,0.00
11.35,-10.20,0.23,0.00
11.36,-9.80,0.23,0.00
11.37,-10.20,0.23,0.00
11.38,-9.80,0.22,0.00
11.39,-9.80,0.22,0.00
11.40,-10.20,0.22,0.00
11.41,-9.80,0.22,0.00
11.42,-9.80,0.22,0.00
11.43,-9.41,0.22,0.00
11.44,-9.80,0.22,0.00
11.45,-9.41,0.21,0.00
11.46,-9.41,0.21,0.00
11.47,-9.02,0.21,0.00
11.48,-9.41,0.21,0.00
11.49,-8.63,0.21,0.00
11.50,-9.02,0.21,0.00
11.51,-8.63,0.20,0.00
11.52,-8.63,0.20,0.00
11.53,-8.24,0.20,0.00
fallo, rc=-2 -> reintentando en 2 s
11.54,-8.63,0.20,0.00
11.55,-8.63,0.20,0.00
11.56,-8.24,0.20,0.00
11.57,-8.63,0.20,0.00
11.58,-7.84,0.19,0.00
11.59,-8.24,0.19,0.00
11.60,-8.24,0.19,0.00
11.61,-7.84,0.19,0.00
11.62,-8.24,0.19,0.00
11.63,-8.24,0.19,0.00
11.64,-7.84,0.19,0.00
11.65,-7.84,0.19,0.00
11.66,-7.45,0.18,0.00
11.67,-7.84,0.18,0.00
11.68,-7.84,0.18,0.00
11.69,-7.45,0.18,0.00
11.70,-7.45,0.18,0.00
11.71,-7.84,0.18,0.00
11.72,-7.45,0.17,0.00
11.73,-7.45,0.17,0.00
11.74,-7.84,0.17,0.00
11.75,-7.06,0.17,0.00
11.76,-7.45,0.17,0.00
11.77,-7.45,0.17,0.00
11.78,-7.84,0.17,0.00
11.79,-7.06,0.17,0.00
11.80,-7.45,0.17,0.00
11.81,-7.45,0.17,0.00
11.82,-7.06,0.16,0.00
11.83,-7.45,0.16,0.00
11.84,-7.45,0.16,0.00
11.85,-7.84,0.16,0.00
11.86,-7.06,0.16,0.00
11.87,-7.45,0.16,0.00
11.88,-7.45,0.16,0.00
11.89,-7.06,0.16,0.00
11.90,-7.06,0.16,0.00
11.91,-7.45,0.16,0.00
11.92,-7.45,0.16,0.00
11.93,-7.06,0.15,0.00
11.94,-7.06,0.15,0.00
11.95,-7.06,0.15,0.00
11.96,-6.67,0.15,0.00
11.97,-6.67,0.15,0.00
11.98,-7.06,0.15,0.00
11.99,-7.06,0.15,0.00
12.00,-7.45,0.15,0.00
12.01,-6.67,0.15,0.00
12.02,-7.06,0.15,0.00
12.03,-7.06,0.15,0.00
12.04,-6.67,0.14,0.00
12.05,-6.67,0.14,0.00
12.06,-7.06,0.14,0.00
12.07,-7.06,0.14,0.00
12.08,-6.27,0.14,0.00
12.09,-6.67,0.14,0.00
12.10,-6.67,0.14,0.00
12.11,-7.06,0.14,0.00
12.12,-6.27,0.14,0.00
12.13,-6.67,0.14,0.00
12.14,-6.67,0.14,0.00
12.15,-6.67,0.14,0.00
12.16,-7.06,0.14,0.00
12.17,-6.27,0.13,0.00
12.18,-6.67,0.13,0.00
12.19,-6.67,0.13,0.00
12.20,-6.67,0.13,0.00
12.21,-7.06,0.13,0.00
12.22,-6.27,0.13,0.00
12.23,-6.67,0.13,0.00
12.24,-6.67,0.13,0.00
12.25,-6.67,0.13,0.00
12.26,-7.06,0.13,0.00
12.27,-6.27,0.13,0.00
12.28,-6.67,0.13,0.00
12.29,-6.67,0.13,0.00
12.30,-6.67,0.13,0.00
12.31,-7.06,0.13,0.00
12.32,-6.27,0.12,0.00
12.33,-6.27,0.12,0.00
12.34,-6.67,0.12,0.00
12.35,-6.67,0.12,0.00
12.36,-6.67,0.12,0.00
12.37,-7.06,0.12,0.00
12.38,-6.27,0.12,0.00
12.39,-6.27,0.12,0.00
12.40,-6.67,0.12,0.00
12.41,-6.67,0.12,0.00
12.42,-6.67,0.12,0.00
12.43,-7.06,0.12,0.00
12.44,-6.27,0.12,0.00
12.45,-6.27,0.12,0.00
12.46,-6.67,0.12,0.00
12.47,-6.67,0.12,0.00
12.48,-6.67,0.12,0.00
12.49,-7.06,0.12,0.00
12.50,-6.27,0.11,0.00
12.51,-6.27,0.11,0.00
12.52,-6.67,0.11,0.00
12.53,-6.67,0.11,0.00
12.54,-6.67,0.11,0.00
12.55,-7.06,0.11,0.00
12.56,-7.06,0.11,0.00
12.57,-7.06,0.11,0.00
12.58,-6.67,0.11,0.00
12.59,-6.67,0.11,0.00
12.60,-6.67,0.11,0.00
12.61,-6.67,0.11,0.00
12.62,-7.06,0.11,0.00
12.63,-7.06,0.11,0.00
12.64,-7.06,0.11,0.00
12.65,-7.06,0.11,0.00
12.66,-6.67,0.10,0.00
12.67,-6.67,0.10,0.00
12.68,-6.67,0.10,0.00
12.69,-7.06,0.10,0.00
12.70,-7.06,0.10,0.00
12.71,-7.06,0.10,0.00
12.72,-7.06,0.10,0.00
12.73,-7.45,0.10,0.00
12.74,-7.45,0.10,0.00
12.75,-6.67,0.10,0.00
12.76,-6.67,0.10,0.00
12.77,-7.06,0.10,0.00
12.78,-7.06,0.10,0.00
12.79,-7.06,0.10,0.00
12.80,-7.06,0.10,0.00
12.81,-7.45,0.10,0.00
12.82,-7.45,0.10,0.00
12.83,-7.45,0.10,0.00
12.84,-6.67,0.10,0.00
12.85,-7.06,0.10,0.00
12.86,-7.06,0.10,0.00
12.87,-7.06,0.10,0.00
12.88,-7.06,0.10,0.00
12.89,-7.45,0.10,0.00
12.90,-7.45,0.10,0.00
12.91,-7.45,0.10,0.00
12.92,-7.45,0.10,0.00
12.93,-7.84,0.10,0.00
12.94,-7.06,0.09,0.00
12.95,-7.06,0.09,0.00
12.96,-7.06,0.09,0.00
12.97,-7.06,0.09,0.00
12.98,-7.45,0.09,0.00
12.99,-7.45,0.09,0.00
13.00,-7.45,0.09,0.00
13.01,-7.45,0.09,0.00
13.02,-7.45,0.09,0.00
13.03,-7.84,0.09,0.00
13.04,-7.84,0.09,0.00
13.05,-7.84,0.09,0.00
13.06,-7.84,0.09,0.00
13.07,-7.84,0.09,0.00
13.08,-7.45,0.09,0.00
13.09,-7.45,0.09,0.00
13.10,-7.45,0.09,0.00
13.11,-7.45,0.09,0.00
13.12,-7.45,0.09,0.00
13.13,-7.84,0.09,0.00
13.14,-7.84,0.09,0.00
13.15,-7.84,0.09,0.00
13.16,-7.84,0.09,0.00
13.17,-7.84,0.09,0.00
13.18,-8.24,0.09,0.00
13.19,-8.24,0.09,0.00
13.20,-8.24,0.09,0.00
13.21,-8.24,0.09,0.00
13.22,-7.45,0.09,0.00
13.23,-7.45,0.09,0.00
13.24,-7.84,0.09,0.00
13.25,-7.84,0.09,0.00
13.26,-7.84,0.09,0.00
13.27,-7.84,0.09,0.00
13.28,-7.84,0.09,0.00
13.29,-7.84,0.09,0.00
13.30,-8.24,0.09,0.00
13.31,-8.24,0.09,0.00
13.32,-8.24,0.09,0.00
13.33,-8.24,0.09,0.00
13.34,-8.24,0.09,0.00
13.35,-8.24,0.09,0.00
13.36,-8.63,0.09,0.00
13.37,-7.84,0.08,0.00
13.38,-7.84,0.08,0.00
13.39,-7.84,0.08,0.00
13.40,-7.84,0.08,0.00
13.41,-7.84,0.08,0.00
13.42,-8.24,0.08,0.00
13.43,-8.24,0.08,0.00
13.44,-8.24,0.08,0.00
13.45,-8.24,0.08,0.00
13.46,-8.24,0.08,0.00
13.47,-8.24,0.08,0.00
13.48,-8.24,0.08,0.00
13.49,-8.63,0.08,0.00
13.50,-8.63,0.08,0.00
13.51,-8.63,0.08,0.00
13.52,-8.63,0.08,0.00
13.53,-8.63,0.08,0.00
Conectando a MQTT... 13.54,-7.84,0.08,0.00
13.55,-7.84,0.08,0.00
13.56,-8.24,0.08,0.00
13.57,-8.24,0.08,0.00
13.58,-8.24,0.08,0.00
13.59,-8.24,0.08,0.00
13.60,-8.24,0.08,0.00
13.61,-8.24,0.08,0.00
13.62,-8.24,0.08,0.00
13.63,-8.24,0.08,0.00
13.64,-8.63,0.08,0.00
13.65,-8.63,0.08,0.00
13.66,-8.63,0.08,0.00
13.67,-8.63,0.08,0.00
13.68,-8.63,0.08,0.00
13.69,-8.63,0.08,0.00
13.70,-8.63,0.08,0.00
13.71,-8.63,0.08,0.00
13.72,-8.63,0.08,0.00
13.73,-9.02,0.08,0.00
13.74,-8.24,0.08,0.00
13.75,-8.24,0.08,0.00
13.76,-8.24,0.08,0.00
13.77,-8.24,0.08,0.00
13.78,-8.24,0.08,0.00
13.79,-8.24,0.08,0.00
13.80,-8.24,0.08,0.00
13.81,-8.63,0.08,0.00
13.82,-8.63,0.08,0.00
13.83,-8.63,0.08,0.00
13.84,-8.63,0.08,0.00
13.85,-8.63,0.08,0.00
13.86,-8.63,0.08,0.00
13.87,-8.63,0.08,0.00
13.88,-8.63,0.08,0.00
13.89,-8.63,0.08,0.00
13.90,-8.63,0.08,0.00
13.91,-9.02,0.08,0.00
13.92,-9.02,0.08,0.00
13.93,-9.02,0.08,0.00
13.94,-9.02,0.08,0.00
13.95,-8.24,0.07,0.00
13.96,-8.24,0.07,0.00
13.97,-8.24,0.07,0.00
13.98,-8.24,0.07,0.00
13.99,-8.24,0.07,0.00
14.00,-8.24,0.07,0.00
14.01,-8.63,0.07,0.00
14.02,-8.63,0.07,0.00
14.03,-8.63,0.07,0.00
14.04,-8.63,0.07,0.00
14.05,-8.63,0.07,0.00
14.06,-8.63,0.07,0.00
14.07,-8.63,0.07,0.00
14.08,-8.63,0.07,0.00
14.09,-8.63,0.07,0.00
14.10,-8.63,0.07,0.00
14.11,-8.63,0.07,0.00
14.12,-9.02,0.07,0.00
14.13,-9.02,0.07,0.00
14.14,-9.02,0.07,0.00
14.15,-9.02,0.07,0.00
14.16,-9.02,0.07,0.00
14.17,-9.02,0.07,0.00
14.18,-9.02,0.07,0.00
14.19,-9.02,0.07,0.00
14.20,-9.02,0.07,0.00
14.21,-9.02,0.07,0.00
14.22,-9.02,0.07,0.00
14.23,-9.02,0.07,0.00
14.24,-9.02,0.07,0.00
14.25,-9.02,0.07,0.00
14.26,-8.63,0.07,0.00
14.27,-8.63,0.07,0.00
14.28,-8.63,0.07,0.00
14.29,-8.63,0.07,0.00
14.30,-8.63,0.07,0.00
14.31,-8.63,0.07,0.00
14.32,-8.63,0.07,0.00
14.33,-8.63,0.07,0.00
14.34,-8.63,0.07,0.00
14.35,-8.63,0.07,0.00
14.36,-8.63,0.07,0.00
14.37,-8.63,0.07,0.00
14.38,-9.02,0.07,0.00
14.39,-9.02,0.07,0.00
14.40,-9.02,0.07,0.00
14.41,-9.02,0.07,0.00
14.42,-9.02,0.07,0.00
14.43,-9.02,0.07,0.00
14.44,-9.02,0.07,0.00
14.45,-9.02,0.07,0.00
14.46,-9.02,0.07,0.00
14.47,-9.02,0.07,0.00
14.48,-9.02,0.07,0.00
14.49,-9.02,0.07,0.00
14.50,-9.02,0.07,0.00
14.51,-9.02,0.07,0.00
14.52,-9.02,0.07,0.00
14.53,-9.02,0.07,0.00
14.54,-9.02,0.07,0.00
14.55,-9.41,0.07,0.00
14.56,-9.41,0.07,0.00
14.57,-9.41,0.07,0.00
14.58,-9.41,0.07,0.00
14.59,-9.41,0.07,0.00
14.60,-9.41,0.07,0.00
14.61,-8.63,0.07,0.00
14.62,-8.63,0.07,0.00
14.63,-8.63,0.07,0.00
14.64,-8.63,0.07,0.00
14.65,-8.63,0.07,0.00
14.66,-8.63,0.07,0.00
14.67,-8.63,0.07,0.00
14.68,-8.63,0.07,0.00
14.69,-8.63,0.07,0.00
14.70,-8.63,0.07,0.00
14.71,-9.02,0.07,0.00
14.72,-9.02,0.07,0.00
14.73,-9.02,0.07,0.00
14.74,-9.02,0.07,0.00
14.75,-9.02,0.07,0.00
14.76,-9.02,0.07,0.00
14.77,-9.02,0.07,0.00
14.78,-9.02,0.07,0.00
14.79,-9.02,0.07,0.00
14.80,-9.02,0.07,0.00
14.81,-9.02,0.07,0.00
14.82,-9.02,0.07,0.00
14.83,-9.02,0.07,0.00
14.84,-9.02,0.07,0.00
14.85,-9.02,0.07,0.00
14.86,-9.02,0.07,0.00
14.87,-9.02,0.07,0.00
14.88,-9.02,0.07,0.00
14.89,-9.02,0.07,0.00
14.90,-9.02,0.07,0.00
14.91,-9.02,0.07,0.00
14.92,-9.41,0.07,0.00
14.93,-9.41,0.07,0.00
14.94,-9.41,0.07,0.00
14.95,-9.41,0.07,0.00
14.96,-9.41,0.07,0.00
14.97,-9.41,0.07,0.00
14.98,-9.41,0.07,0.00
14.99,-9.41,0.07,0.00
15.00,-9.41,0.07,0.00
15.01,-9.41,0.07,0.00
15.02,-9.41,0.07,0.00
15.03,-9.41,0.07,0.00
15.04,-9.41,0.07,0.00
15.05,-9.41,0.07,0.00
15.06,-9.41,0.07,0.00
15.07,-9.41,0.07,0.00
15.08,-9.41,0.07,0.00
15.09,-9.41,0.07,0.00
15.10,-9.41,0.07,0.00
15.11,-9.41,0.07,0.00
15.12,-9.41,0.07,0.00
15.13,-9.41,0.07,0.00
15.14,-9.41,0.07,0.00
15.15,-9.41,0.07,0.00
15.16,-9.41,0.07,0.00
15.17,-9.41,0.07,0.00
15.18,-9.41,0.07,0.00
15.19,-9.41,0.07,0.00
15.20,-9.41,0.07,0.00
15.21,-9.80,0.07,0.00
15.22,-9.80,0.07,0.00
15.23,-9.02,0.06,0.00
15.24,-9.02,0.06,0.00
15.25,-9.02,0.06,0.00
15.26,-9.02,0.06,0.00
15.27,-9.02,0.06,0.00
15.28,-9.02,0.06,0.00
15.29,-9.02,0.06,0.00
15.30,-9.02,0.06,0.00
15.31,-9.02,0.06,0.00
15.32,-9.02,0.06,0.00
15.33,-9.02,0.06,0.00
15.34,-9.02,0.06,0.00
15.35,-9.02,0.06,0.00
15.36,-9.02,0.06,0.00
15.37,-9.02,0.06,0.00
15.38,-9.02,0.06,0.00
15.39,-9.02,0.06,0.00
15.40,-9.02,0.06,0.00
15.41,-9.02,0.06,0.00
15.42,-9.02,0.06,0.00
15.43,-9.02,0.06,0.00
15.44,-9.02,0.06,0.00
15.45,-9.02,0.06,0.00
15.46,-9.02,0.06,0.00
15.47,-9.02,0.06,0.00
15.48,-9.41,0.06,0.00
15.49,-9.41,0.06,0.00
15.50,-9.41,0.06,0.00
15.51,-9.41,0.06,0.00
15.52,-9.41,0.06,0.00
15.53,-9.41,0.06,0.00
15.54,-9.41,0.06,0.00
15.55,-9.41,0.06,0.00
15.56,-9.41,0.06,0.00
15.57,-9.41,0.06,0.00
15.58,-9.41,0.06,0.00
15.59,-9.41,0.06,0.00
15.60,-9.41,0.06,0.00
15.61,-9.41,0.06,0.00
15.62,-9.41,0.06,0.00
15.63,-9.41,0.06,0.00
15.64,-9.41,0.06,0.00
15.65,-9.41,0.06,0.00
15.66,-9.41,0.06,0.00
15.67,-9.41,0.06,0.00
15.68,-9.41,0.06,0.00
15.69,-9.41,0.06,0.00
15.70,-9.41,0.06,0.00
15.71,-9.41,0.06,0.00
15.72,-9.41,0.06,0.00
15.73,-9.41,0.06,0.00
15.74,-9.41,0.06,0.00
15.75,-9.41,0.06,0.00
15.76,-9.41,0.06,0.00
15.77,-9.41,0.06,0.00
15.78,-9.41,0.06,0.00
15.79,-9.41,0.06,0.00
15.80,-9.41,0.06,0.00
15.81,-9.41,0.06,0.00
15.82,-9.41,0.06,0.00
15.83,-9.41,0.06,0.00
15.84,-9.41,0.06,0.00
15.85,-9.41,0.06,0.00
15.86,-9.41,0.06,0.00
15.87,-9.41,0.06,0.00
15.88,-9.41,0.06,0.00
15.89,-9.41,0.06,0.00
15.90,-9.41,0.06,0.00
15.91,-9.41,0.06,0.00
15.92,-9.41,0.06,0.00
15.93,-9.41,0.06,0.00
15.94,-9.80,0.06,0.00
15.95,-9.80,0.06,0.00
15.96,-9.80,0.06,0.00
15.97,-9.80,0.06,0.00
15.98,-9.80,0.06,0.00
15.99,-9.80,0.06,0.00
16.00,-9.80,0.06,0.00
16.01,-9.80,0.06,0.00
16.02,-9.80,0.06,0.00
16.03,-9.80,0.06,0.00
16.04,-9.80,0.06,0.00
16.05,-9.80,0.06,0.00
16.06,-9.80,0.06,0.00
16.07,-9.80,0.06,0.00
16.08,-9.80,0.06,0.00
16.09,-9.80,0.06,0.00
16.10,-9.80,0.06,0.00
16.11,-9.80,0.06,0.00
16.12,-9.80,0.06,0.00
16.13,-9.80,0.06,0.00
16.14,-9.80,0.06,0.00
16.15,-9.80,0.06,0.00
16.16,-9.80,0.06,0.00
16.17,-9.80,0.06,0.00
16.18,-9.02,0.06,0.00
16.19,-9.02,0.06,0.00
16.20,-9.02,0.06,0.00
16.21,-9.02,0.06,0.00
16.22,-9.02,0.06,0.00
16.23,-9.02,0.06,0.00
16.24,-9.02,0.06,0.00
16.25,-9.02,0.06,0.00
16.26,-9.02,0.06,0.00
16.27,-9.02,0.06,0.00
16.28,-9.02,0.06,0.00
16.29,-9.02,0.06,0.00
16.30,-9.02,0.06,0.00
16.31,-9.02,0.06,0.00
16.32,-9.02,0.06,0.00
16.33,-9.02,0.06,0.00
16.34,-9.02,0.06,0.00
16.35,-9.02,0.06,0.00
16.36,-9.02,0.06,0.00
16.37,-9.02,0.06,0.00
16.38,-9.02,0.06,0.00
16.39,-9.02,0.06,0.00
16.40,-9.02,0.06,0.00
16.41,-9.02,0.06,0.00
16.42,-9.02,0.06,0.00
16.43,-9.02,0.06,0.00
16.44,-9.02,0.06,0.00
16.45,-9.02,0.06,0.00
16.46,-9.02,0.06,0.00
16.47,-9.02,0.06,0.00
16.48,-9.41,0.06,0.00
16.49,-9.41,0.06,0.00
16.50,-9.41,0.06,0.00
16.51,-9.41,0.06,0.00
16.52,-9.41,0.06,0.00
16.53,-9.41,0.06,0.00
fallo, rc=-2 -> reintentando en 2 s
16.54,-9.41,0.06,0.00
16.55,-9.41,0.06,0.00
16.56,-9.41,0.06,0.00
16.57,-9.41,0.06,0.00
16.58,-9.41,0.06,0.00
16.59,-9.41,0.06,0.00
16.60,-9.41,0.06,0.00
16.61,-9.41,0.06,0.00
16.62,-9.41,0.06,0.00
16.63,-9.41,0.06,0.00
16.64,-9.41,0.06,0.00
16.65,-9.41,0.06,0.00
16.66,-9.41,0.06,0.00
16.67,-9.41,0.06,0.00
16.68,-10.20,0.06,0.00
16.69,-9.41,0.06,0.00
16.70,-9.41,0.06,0.00
16.71,-9.41,0.06,0.00
16.72,-9.41,0.06,0.00
16.73,-9.41,0.06,0.00
16.74,-9.41,0.06,0.00
16.75,-9.41,0.06,0.00
16.76,-9.41,0.06,0.00
16.77,-9.41,0.06,0.00
16.78,-9.41,0.06,0.00
16.79,-9.41,0.06,0.00
16.80,-9.41,0.06,0.00
16.81,-9.41,0.06,0.00
16.82,-9.41,0.06,0.00
16.83,-9.41,0.06,0.00
16.84,-9.41,0.06,0.00
16.85,-9.41,0.06,0.00
16.86,-9.41,0.06,0.00
16.87,-9.41,0.06,0.00
16.88,-9.41,0.06,0.00
16.89,-9.41,0.06,0.00
16.90,-9.41,0.06,0.00
16.91,-9.41,0.06,0.00
16.92,-9.41,0.06,0.00
16.93,-9.41,0.06,0.00
16.94,-9.41,0.06,0.00
16.95,-9.41,0.06,0.00
16.96,-9.41,0.06,0.00
16.97,-9.41,0.06,0.00
16.98,-9.41,0.06,0.00
16.99,-9.41,0.06,0.00
17.00,-9.41,0.06,0.00
17.01,-9.41,0.06,0.00
17.02,-9.41,0.06,0.00
17.03,-9.41,0.06,0.00
17.04,-9.41,0.06,0.00
17.05,-9.41,0.06,0.00
17.06,-9.41,0.06,0.00
17.07,-9.41,0.06,0.00
17.08,-9.41,0.06,0.00
17.09,-9.41,0.06,0.00
17.10,-9.41,0.06,0.00
17.11,-9.41,0.06,0.00
17.12,-9.41,0.06,0.00
17.13,-9.41,0.06,0.00
17.14,-9.41,0.06,0.00
17.15,-9.41,0.06,0.00
17.16,-9.41,0.06,0.00
17.17,-9.41,0.06,0.00
17.18,-9.41,0.06,0.00
17.19,-9.41,0.06,0.00
17.20,-9.41,0.06,0.00
17.21,-9.41,0.06,0.00
17.22,-9.41,0.06,0.00
17.23,-9.41,0.06,0.00
17.24,-9.41,0.06,0.00
17.25,-9.41,0.06,0.00
17.26,-9.41,0.06,0.00
17.27,-9.41,0.06,0.00
17.28,-9.41,0.06,0.00
17.29,-9.41,0.06,0.00
17.30,-9.41,0.06,0.00
17.31,-9.41,0.06,0.00
17.32,-9.41,0.06,0.00
17.33,-9.41,0.06,0.00
17.34,-9.41,0.06,0.00
17.35,-9.41,0.06,0.00
17.36,-9.41,0.06,0.00
17.37,-9.41,0.06,0.00
17.38,-9.41,0.06,0.00
17.39,-9.41,0.06,0.00
17.40,-9.41,0.06,0.00
17.41,-9.41,0.06,0.00
17.42,-9.41,0.06,0.00
17.43,-9.41,0.06,0.00
17.44,-9.41,0.06,0.00
17.45,-9.41,0.06,0.00
17.46,-9.41,0.06,0.00
17.47,-9.41,0.06,0.00
17.48,-9.41,0.06,0.00
17.49,-9.41,0.06,0.00
17.50,-9.41,0.06,0.00
17.51,-9.41,0.06,0.00
17.52,-9.41,0.06,0.00
17.53,-9.41,0.06,0.00
17.54,-9.41,0.06,0.00
17.55,-9.41,0.06,0.00
17.56,-9.41,0.06,0.00
17.57,-9.41,0.06,0.00
17.58,-9.41,0.06,0.00
17.59,-9.41,0.06,0.00
17.60,-9.41,0.06,0.00
17.61,-9.41,0.06,0.00
17.62,-9.41,0.06,0.00
17.63,-9.41,0.06,0.00
17.64,-9.41,0.06,0.00
17.65,-9.41,0.06,0.00
17.66,-9.41,0.06,0.00
17.67,-9.41,0.06,0.00
17.68,-9.41,0.06,0.00
17.69,-9.41,0.06,0.00
17.70,-9.41,0.06,0.00
17.71,-9.41,0.06,0.00
17.72,-9.41,0.06,0.00
17.73,-9.41,0.06,0.00
17.74,-9.41,0.06,0.00
17.75,-9.41,0.06,0.00
17.76,-9.41,0.06,0.00
17.77,-9.41,0.06,0.00
17.78,-9.41,0.06,0.00
17.79,-9.41,0.06,0.00
17.80,-9.41,0.06,0.00
17.81,-9.41,0.06,0.00
17.82,-9.41,0.06,0.00
17.83,-9.41,0.06,0.00
17.84,-9.41,0.06,0.00
17.85,-9.41,0.06,0.00
17.86,-9.41,0.06,0.00
17.87,-9.41,0.06,0.00
17.88,-9.41,0.06,0.00
17.89,-9.41,0.06,0.00
17.90,-9.41,0.06,0.00
17.91,-9.80,0.06,0.00
17.92,-9.80,0.06,0.00
17.93,-9.80,0.06,0.00
17.94,-9.80,0.06,0.00
17.95,-9.80,0.06,0.00
17.96,-9.80,0.06,0.00
17.97,-9.80,0.06,0.00
17.98,-9.80,0.06,0.00
17.99,-9.80,0.06,0.00
18.00,-9.80,0.06,0.00
18.01,-9.80,0.06,0.00
18.02,-9.80,0.06,0.00
18.03,-9.80,0.06,0.00
18.04,-9.80,0.06,0.00
18.05,-9.80,0.06,0.00
18.06,-9.80,0.06,0.00
18.07,-9.80,0.06,0.00
18.08,-9.80,0.06,0.00
18.09,-9.80,0.06,0.00
18.10,-9.80,0.06,0.00
18.11,-9.80,0.06,0.00
18.12,-9.80,0.06,0.00
18.13,-9.80,0.06,0.00
18.14,-9.80,0.06,0.00
18.15,-9.80,0.06,0.00
18.16,-9.80,0.06,0.00
18.17,-9.80,0.06,0.00
18.18,-9.80,0.06,0.00
18.19,-9.80,0.06,0.00
18.20,-9.80,0.06,0.00
18.21,-9.80,0.06,0.00
18.22,-9.80,0.06,0.00
18.23,-9.80,0.06,0.00
18.24,-9.80,0.06,0.00
18.25,-9.80,0.06,0.00
18.26,-9.80,0.06,0.00
18.27,-9.80,0.06,0.00
18.28,-9.80,0.06,0.00
18.29,-9.80,0.06,0.00
18.30,-9.80,0.06,0.00
18.31,-9.80,0.06,0.00
18.32,-9.80,0.06,0.00
18.33,-9.80,0.06,0.00
18.34,-9.80,0.06,0.00
18.35,-9.80,0.06,0.00
18.36,-9.80,0.06,0.00
18.37,-9.80,0.06,0.00
18.38,-9.80,0.06,0.00
18.39,-9.80,0.06,0.00
18.40,-9.80,0.06,0.00
18.41,-9.80,0.06,0.00
18.42,-9.80,0.06,0.00
18.43,-9.80,0.06,0.00
18.44,-9.80,0.06,0.00
18.45,-9.80,0.06,0.00
18.46,-9.80,0.06,0.00
18.47,-9.80,0.06,0.00
18.48,-9.80,0.06,0.00
18.49,-9.80,0.06,0.00
18.50,-9.80,0.06,0.00
18.51,-9.80,0.06,0.00
18.52,-9.80,0.06,0.00
18.53,-9.80,0.06,0.00
Conectando a MQTT... 18.54,-9.80,0.06,0.00
18.55,-9.80,0.06,0.00
18.56,-9.80,0.06,0.00
18.57,-9.80,0.06,0.00
conectado
Subscribe OK = 1
Suscrito a: ESP32/esp1
18.58,-9.80,0.06,0.00
18.59,-9.80,0.06,0.00
18.60,-9.80,0.06,0.00
18.61,-9.80,0.06,0.00
Pos externa recibida = 3.39
18.62,-9.80,0.06,3.39
18.63,32.94,0.06,3.39
18.64,32.55,0.13,3.39
18.65,32.16,0.30,3.39
Pos externa recibida = 3.39
18.66,30.59,0.59,3.39
18.67,29.02,0.98,3.39
18.68,27.06,1.47,3.39
18.69,24.71,2.03,3.39
18.70,21.96,2.65,3.39
18.71,14.51,3.29,3.39
Pos externa recibida = 3.39
18.72,-21.18,3.90,3.39
18.73,-23.14,4.32,3.39
18.74,-23.92,4.49,3.39
18.75,-23.53,4.43,3.39
18.76,-22.75,4.28,3.39
Pos externa recibida = 3.39
18.77,-21.96,4.09,3.39
18.78,-21.18,3.85,3.39
18.79,-20.00,3.56,3.39
18.80,19.22,3.26,3.39
18.81,20.39,3.07,3.39
18.82,20.00,3.11,3.39
18.83,19.61,3.24,3.39
Pos externa recibida = 3.39
18.84,3.92,3.36,3.39
18.85,-9.02,3.42,3.39
18.86,-8.24,3.41,3.39
18.87,-7.45,3.41,3.39
Pos externa recibida = 3.39
18.88,-7.45,3.41,3.39
18.89,-7.45,3.41,3.39
18.90,-7.45,3.41,3.39
18.91,-7.45,3.41,3.39
18.92,Pos externa recibida = 3.39
-7.06,3.41,3.39
18.93,-7.06,3.41,3.39
18.94,-7.06,3.41,3.39
18.95,-7.06,3.41,3.39
18.96,-7.06,3.41,3.39
18.97,-7.06,3.41,3.39
18.98,-7.06,3.41,3.39
18.99,-7.06,3.41,3.39
Pos externa recibida = 3.39
19.00,-7.06,3.41,3.39
19.01,-7.06,3.41,3.39
19.02,-6.67,3.41,3.39
19.03,-6.67,3.41,3.39
19.04,-Pos externa recibida = 3.39
6.67,3.41,3.39
19.05,-6.67,3.41,3.39
19.06,-6.67,3.41,3.39
19.07,-6.67,3.41,3.39
19.08,-6.67,3.41,3.39
19.09,-6.67,3.41,3.39
19.10,-6.67,3.41,3.39
Pos externa recibida = 3.39
19.11,-6.67,3.41,3.39
19.12,-6.27,3.41,3.39
19.13,-6.27,3.41,3.39
19.14,-6.27,3.41,3.39
19.15,-6.27,3.41,3.39
19.16,-6.27,3.41,3.39
19.17,-6.27,3.41,3.39
19.18,-6.27,3.41,3.39
19.19,-6.27,3.41,3.39
19.20,-6.27,3.41,3.39
19.21,-6.27,3.41,3.39
19.22,-6.27,3.41,3.39
19.23,-6.27,3.41,3.39
19.24,-5.88,3.41,3.39
19.25,-5.88,3.41,3.39
19.26,-5.88,3.41,3.39
19.27,-5.88,3.41,3.39
19.28,-5.88,3.41,3.39
Pos externa recibida = 3.39
19.29,-5.88,3.41,3.39
Pos externa recibida = 3.39
19.30,-5.88,3.41,3.39
Pos externa recibida = 3.39
19.31,-5.88,3.41,3.39
19.32,-5.88,3.41,3.39
19.33,-5.88,3.41,3.39
19.34,-5.88,3.41,3.39
Pos externa recibida = 3.39
19.35,-5.88,3.41,3.39
19.36,-5.88,3.41,3.39
19.37,-5.49,3.41,3.39
19.38,-5.49,3.41,3.39
19.39,-5.49,3.41,3.39
19.40,-5.49,3.41,3.39
Pos externa recibida = 3.39
19.41,-5.49,3.41,3.39
19.42,-5.49,3.41,3.39
19.43,-5.49,3.41,3.39
19.44,-5.49,3.41,3.39
19.45,-5.49,3.41,3.39
19.46,-5.49,3.41,3.39
19.47,-5.49,3.41,3.39
Pos externa recibida = 3.39
19.48,-5.49,3.41,3.39
19.49,-5.49,3.41,3.39
19.50,-5.49,3.41,3.39
19.51,-5.49,3.41,3.39
19.52,-5.10,3.41,3.39
Pos externa recibida = 3.39
19.53,-5.10,3.41,3.39
19.54,-5.10,3.41,3.39
19.55,-5.10,3.41,3.39
19.56,-5.10,3.41,3.39
19.57,-5.10,3.41,3.39
19.58,-5.10,3.41,3.39
19.59,-5.10,3.41,3.39
Pos externa recibida = 3.39
19.60,-5.10,3.41,3.39
19.61,-5.10,3.41,3.39
19.62,-5.10,3.41,3.39
19.63,-5.10,3.41,3.39
19.64,-5.10,3.41,3.39
19.65,-5.10,3.41,3.39
19.66,-5.10,3.41,3.39
19.67,-5.10,3.41,3.39
19.68,-5.10,3.41,3.39
19.69,-5.10,3.41,3.39
19.70,-4.71,3.41,3.39
19.71,-4.71,Pos externa recibida = 3.39
3.41,3.39
19.72,-4.71,3.41,3.39
19.73,-4.71,3.41,3.39
19.74,-4.71,3.41,3.39
19.75,-4.71,3.41,3.39
19.76,-4.71,3.41,3.39
19.77,-4.71,3.41,3.39
19.78,-4.71,3.41,3.39
19.79,-4.71,3.41,3.39
19.80,-4.71,3.41,3.39
19.81,-4.71,3.41,3.39
19.82,-4.71,3.41,3.39
19.83,-4.71,3.41,3.39
19.84,-4.71,3.41,3.39
19.85,-4.71,3.41,3.39
19.86,-4.71,3.41,3.39
19.87,-4.71,3.41,3.39
19.88,-4.71,3.41,3.39
19.89,-4.71,3.41,3.39
Pos externa recibida = 3.39
19.90,-4.71,3.41,3.39
Pos externa recibida = 3.39
19.91,-4.31,3.41,3.39
19.92,-4.31,3.41,3.39
19.93,-4.31,3.41,3.39
19.94,-4.31,3.41,3.39
Pos externa recibida = 3.39
19.95,-4.31,3.41,3.39
Pos externa recibida = 3.39
19.96,-4.31,3.41,3.39
19.97,-4.31,3.41,3.39
19.98,-4.31,3.41,3.39
19.99,-4.31,3.41,3.39
Pos externa recibida = 3.39
20.00,-4.31,3.41,3.39
20.01,-4.31,3.41,3.39
20.02,-4.31,3.41,3.39
20.03,-4.31,3.41,3.39
20.04,-4.31,3.41,3.39
20.05,-4.31,3.41,3.39
20.06,-4.31,3.41,3.39
Pos externa recibida = 3.39
20.07,-4.31,3.41,3.39
20.08,-4.31,3.41,3.39
20.09,-4.31,3.41,3.39
20.10,-4.31,3.41,3.39
20.11,-4.31,3.41,3.39
Pos externa recibida = 3.39
20.12,-4.31,3.41,3.39
20.13,-4.31,3.41,3.39
20.14,-4.31,3.41,3.39
20.15,-4.31,3.41,3.39
20.16,-4.31,3.41,3.39
20.17,-4.31,3.41,3.39
20.18,-3.92,3.41,3.39
20.19,-3.92,3.41Pos externa recibida = 3.39
,3.39
20.20,-3.92,3.41,3.39
20.21,-3.92,3.41,3.39
20.22,-3.92,3.41,3.39
20.23,-3.92,3.41,3.39
Pos externa recibida = 3.39
20.24,-3.92,3.41,3.39
20.25,-3.92,3.41,3.39
20.26,-3.92,3.41,3.39
20.27,-3.92,3.41,3.39
20.28,-3.92,3.41,3.39
20.29,-3.92,3.41,3.39
20.30,-3.92,3.41,3.39
Pos externa recibida = 3.39
20.31,-3.92,3.41,3.39
Pos externa recibida = 3.39
20.32,-3.92,3.41,3.39
20.33,-3.92,3.41,3.39
20.34,-3.92,3.41,3.39
20.35,-3.92,3.41,3.39
20.36,-3.92,3.41,3.39
Pos externa recibida = 3.39
20.37,-3.92,3.41,3.39
20.38,-3.92,3.41,3.39
20.39,-3.92,3.41,3.39
20.40,-3.92,3.41,3.39
20.41,-3.92,3.41,3.39
20.42,-3.92,3.41,3.39
Pos externa recibida = 3.39
20.43,-3.92,3.41,3.39
20.44,-3.92,3.41,3.39
20.45,-3.92,3.41,3.39
20.46,-3.92,3.41,3.39
20.47,-3.92,3.41,3.39
20.48,-3.92,3.41,3.39
Pos externa recibida = 3.39
20.49,-3.92,3.41,3.39
20.50,-3.92,3.41,3.39
20.51,-3.92,3.41,3.39
20.52,-3.92,3.41,3.39
20.53,-3.92,3.41,3.39
20.54,-3.92,3.41,3.39
Pos externa recibida = 3.39
20.55,-3.53,3.41,3.39
20.56,-3.53,3.41,3.39
20.57,-3.53,3.41,3.39
20.58,-3.53,3.41,3.39
20.59,-3.53,3.41,3.39
20.60,-3.53,3.41,3.39
20.61,-3.53,3.41,3.39
Pos externa recibida = 3.39
20.62,-3.53,3.41,3.39
20.63,-3.53,3.41,3.39
20.64,-3.53,3.41,3.39
20.65,-3.53,3.41,3.39
20.66,-3.53,3.41,3.39
Pos externa recibida = 3.39
20.67,-3.53,3.41,3.39
20.68,-3.53,3.41,3.39
20.69,-3.53,3.41,3.39
20.70,-3.53,3.41,3.39
20.71,-3.53,3.41,3.39
20.72,-3.53,3.41,3.39
20.73,-3.53,3.41,3.39
20.74,-3.53,3.41,3.39
Pos externa recibida = 3.39
20.75,-3.53,3.41,3.39
20.76,-3.53,3.41,3.39
20.77,-3.53,3.41,3.39
20.78,-3.53,3.41,3.39
20.79,-3.53,3.41,3.39
20.80,-3.53,3.41,3.39
20.81,-3.53,3.41,3.39
20.82,-3.53,3.41,3.39
Pos externa recibida = 3.39
20.83,-3.53,3.41,3.39
20.84,-3.53,3.41,3.39
Pos externa recibida = 3.39
20.85,-3.53,3.41,3.39
20.86,-3.53,3.41,3.39
20.87,-3.53,3.41,3.39
20.88,-3.53,3.41,3.39
20.89,-3.53,3.41,3.39
20.90,-3.53,3.41,3.39
20.91,-3.53,3.41,3.39
Pos externa recibida = 3.39
20.92,-3.53,3.41,3.39
20.93,-3.53,3.41,3.39
20.94,-3.53,3.41,3.39
20.95,-3.53,3.41,3.39
20.96,-3.53,3.41,3.39
Pos externa recibida = 3.39
20.97,-3.53,3.41,3.39
20.98,-3.53,3.41,3.39
20.99,-3.53,3.41,3.39
21.00,-3.53,3.41,3.39
21.01,-3.53,3.41,3.39
21.02,-3.53,3.41,3.39
Pos externa recibida = 3.39
21.03,-3.53,3.41,3.39
21.04,-3.53,3.41,3.39
21.05,-3.53,3.41,3.39
21.06,-3.53,3.41,3.39
21.07,-3.53,3.41,3.39
21.08,-3.53,3.41,3.39
Pos externa recibida = 3.39
21.09,-3.53,3.41,3.39
21.10,-3.53,3.41,3.39
21.11,-3.53,3.41,3.39
21.12,-3.53,3.41,3.39
21.13,-3.53,3.41,3.39
21.14,-3.53,3.41,3.39
Pos externa recibida = 3.39
21.15,-3.14,3.41,3.39
21.16,-3.14,3.41,3.39
21.17,-3.14,3.41,3.39
21.18,-3.14,3.41,3.39
21.19,-3.14,3.41,3.39
21.20,-3.14,3.41,3.39
21.21,-3.14,3.41,3.39
Pos externa recibida = 3.39
21.22,-3.14,3.41,3.39
21.23,-3.14,3.41,3.39
21.24,-3.14,3.41,3.39
21.25,-3.14,3.41,3.39
21.26,-3.14,3.41,3.39
21.27,-3.14,3.41,3.39
Pos externa recibida = 3.39
21.28,-3.14,3.41,3.39
21.29,-3.14,3.41,3.39
21.30,-3.14,3.41,3.39
21.31,-3.14,3.41,3.39
21.32,-3.14,3.41,3.39
Pos externa recibida = 3.39
21.33,-3.14,3.41,3.39
21.34,-3.14,3.41,3.39
21.35,-3.14,3.41,3.39
21.36,-3.14,3.41,3.39
21.37,-3.14,3.41,3.39
21.38,-3.14,3.41,3.39
Pos externa recibida = 3.36
21.39,-3.14,3.41,3.36
21.40,-10.59,3.41,3.36
21.41,-10.20,3.41,3.36
21.42,-9.41,3.40,3.36
21.43,-9.41,3.40,3.36
21.44,-8.63,3.40,3.36
Pos externa recibida = 3.36
21.45,-8.63,3.40,3.36
21.46,-8.63,3.40,3.36
21.47,-8.63,3.40,3.36
21.48,-8.63,3.40,3.36
21.49,-7.84,3.40,3.36
21.50,-7.84,3.40,3.36
21.51,-7.84,3.40,3.36
Pos externa recibida = 3.36
21.52,-7.84,3.40,3.36
21.53,-7.84,3.40,3.36
21.54,-7.84,3.40,3.36
21.55,-7.84,3.40,3.36
21.56,-7.45,3.40,3.36
Pos externa recibida = 3.36
21.57,-7.45,3.40,3.36
21.58,-7.45,3.40,3.36
21.59,-7.45,3.40,3.36
21.60,-7.45,3.40,3.36
21.61,-7.45,3.40,3.36
21.62,-7.45,3.40,3.36
Pos externa recibida = 3.36
21.63,-7.45,3.40,3.36
21.64,-7.45,3.40,3.36
21.65,-7.45,3.40,3.36
21.66,-7.45,3.40,3.36
21.67,-7.45,3.40,3.36
21.68,-7.45,3.40,3.36
21.69,-7.45,3.40,3.36
Pos externa recibida = 3.36
21.70,-7.45,3.40,3.36
21.71,-7.45,3.40,3.36
21.72,-7.45,3.40,3.36
21.73,-7.45,3.40,3.36
21.74,-7.45,3.40,3.36
21.75,-7.45,3.40,3.36
Pos externa recibida = 3.36
21.76,-7.45,3.40,3.36
21.77,-7.45,3.40,3.36
21.78,-7.45,3.40,3.36
21.79,-7.45,3.40,3.36
21.80,-7.45,3.40,3.36
Pos externa recibida = 3.36
21.81,-7.45,3.40,3.36
21.82,-7.45,3.40,3.36
21.83,-7.45,3.40,3.36
21.84,-7.45,3.40,3.36
21.85,-7.45,3.40,3.36
21.86,-7.45,3.40,3.36
Pos externa recibida = 3.36
21.87,-7.45,3.40,3.36
21.88,-7.45,3.40,3.36
21.89,-7.45,3.40,3.36
21.90,-7.45,3.40,3.36
21.91,-7.45,3.40,3.36
21.92,-7.45,3.40,3.36
Pos externa recibida = 3.36
21.93,-7.45,3.40,3.36
21.94,-7.45,3.40,3.36
21.95,-7.06,3.40,3.36
21.96,-7.06,3.40,3.36
21.97,-7.06,3.40,3.36
21.98,-7.06,3.40,3.36
Pos externa recibida = 3.36
21.99,-7.06,3.40,3.36
22.00,-7.06,3.40,3.36
22.01,-7.06,3.40,3.36
22.02,-7.06,3.40,3.36
22.03,-7.06,3.40,3.36
22.04,-7.06,3.40,3.36
22.05,-7.06,3.40,3.36
22.06,-7.06,3.40,3.36
Pos externa recibida = 3.36
22.07,-7.06,3.40,3.36
22.08,-7.06,3.40,3.36
22.09,-7.06,3.40,3.36
22.10,-7.06,3.40,3.36
Pos externa recibida = 3.36
22.11,-7.06,3.40,3.36
22.12,-7.06,3.40,3.36
22.13,-7.06,3.40,3.36
22.14,-7.06,3.40,3.36
22.15,-7.06,3.40,3.36
22.16,-7.06,3.40,3.36
22.17,-7.06,3.40,3.36
22.18,-7.06,3.40,3.36
22.19,-7.06,3.40,3.36
22.20,-7.06,3.40,3.36
22.21,-7.06,3.40,3.36
22.22,-7.06,3.40,3.36
22.23,-7.06,3.40,3.36
22.24,-7.06,3.40,3.36
22.25,-7.06,3.40,3.36
22.26,-7.06,3.40,3.36
22.27,-7.06,3.40,3.36
22.28,-7.06,3.40,3.36
22.29,-7.06,3.40,3.36
22.30,-7.06,3.40,3.36
22.31,-7.06,3.40,3.36
22.32,-7.06,3.40,3.36
22.33,-7.06,3.40,3.36
Pos externa recibida = 3.39
22.34,-7.06,3.40,3.39
22.35,-0.78,3.40,3.39
22.36,-0.78,3.40,3.39
22.37,-0.78,3.40,3.39
22.38,-0.78,3.40,3.39
22.39,-0.78,3.40,3.39
Pos externa recibida = 3.43
22.40,-0.78,3.40,3.43
Pos externa recibida = 3.38
22.41,9.02,3.40,3.38
Pos externa recibida = 3.37
22.42,-1.57,3.40,3.37
22.43,-4.71,3.40,3.37
22.44,-4.71,3.40,3.37
Pos externa recibida = 3.37
22.45,-4.71,3.40,3.37
Pos externa recibida = 3.36
22.46,-4.71,3.40,3.36
22.47,-7.06,3.40,3.36
22.48,-7.06,3.40,3.36
22.49,-7.06,3.40,3.36
22.50,-7.06,3.40,3.36
22.51,-7.06,3.40,3.36
Pos externa recibida = 3.36
22.52,-7.06,3.40,3.36
22.53,-7.06,3.40,3.36
22.54,-7.06,3.40,3.36
22.55,-7.06,3.40,3.36
22.56,-7.06,3.40,3.36
22.57,-7.06,3.40,3.36
Pos externa recibida = 3.36
22.58,-7.06,3.40,3.36
22.59,-7.06,3.40,3.36
22.60,-7.06,3.40,3.36
22.61,-7.06,3.40,3.36
22.62,-7.06,3.40,3.36
22.63,-7.06,3.40,3.36
22.64,-7.06,3.40,3.36
Pos externa recibida = 3.36
22.65,-7.06,3.40,3.36
22.66,-7.06,3.40,3.36
22.67,-7.06,3.40,3.36
22.68,-7.06,3.40,3.36
22.69,-7.06,3.40,3.36
22.70,-7.06,3.40,3.36
Pos externa recibida = 3.36
22.71,-7.06,3.40,3.36
22.72,-7.06,3.40,3.36
22.73,-7.06,3.40,3.36
22.74,-7.06,3.40,3.36
22.75,-7.06,3.40,3.36
22.76,-7.06,3.40,3.36
Pos externa recibida = 3.36
22.77,-7.06,3.40,3.36
22.78,-7.06,3.40,3.36
22.79,-7.06,3.40,3.36
22.80,-7.06,3.40,3.36
22.81,Pos externa recibida = 3.36
-7.06,3.40,3.36
22.82,-7.06,3.40,3.36
22.83,-7.06,3.40,3.36
22.84,-6.67,3.40,3.36
22.85,-6.67,3.40,3.36
22.86,-6.67,3.40,3.36
22.87,-6.67,3.40,3.36
Pos externa recibida = 3.36
22.88,-6.67,3.40,3.36
22.89,-6.67,3.40,3.36
22.90,-6.67,3.40,3.36
22.91,-6.67,3.40,3.36
22.92,-6.67,3.40,3.36
22.93,-6.67,3.40,3.36
Pos externa recibida = 3.36
22.94,-6.67,3.40,3.36
22.95,-6.67,3.40,3.36
22.96,-6.67,3.40,3.36
22.97,-6.67,3.40,3.36
22.98,-6.67,3.40,3.36
22.99,-6.67,3.40,3.36
23.00,-6.67,3.40,3.36
Pos externa recibida = 3.36
23.01,-6.67,3.40,3.36
23.02,-6.67,3.40,3.36
23.03,-6.67,3.40,3.36
23.04,-6.67,3.40,3.36
23.05,-6.67,3.40,3.36
23.06,-6.67,3.40,3.36
Pos externa recibida = 3.36
23.07,-6.67,3.40,3.36
23.08,-6.67,3.40,3.36
23.09,-6.67,3.40,3.36
23.10,-6.67,3.40,3.36
23.11,-6.67,3.40,3.36
Pos externa recibida = 3.36
23.12,-6.67,3.40,3.36
23.13,-6.67,3.40,3.36
23.14,-6.67,3.40,3.36
23.15,-6.67,3.40,3.36
23.16,-6.67,3.40,3.36
23.17,-6.67,3.40,3.36
23.18,-6.67,3.40,3.36
Pos externa recibida = 3.36
23.19,-6.67,3.40,3.36
23.20,-6.67,3.40,3.36
23.21,-6.67,3.40,3.36
23.22,-6.67,3.40,3.36
23.23,-6.67,3.40,3.36
23.24,-6.67,3.40,3.36
Pos externa recibida = 3.36
23.25,-6.67,3.40,3.36
23.26,-6.67,3.40,3.36
23.27,-6.67,3.40,3.36
23.28,-6.67,3.40,3.36
23.29,-6.67,3.40,3.36
Pos externa recibida = 3.35
23.30,-6.67,3.40,3.35
23.31,-7.45,3.40,3.35
23.32,-7.45,3.40,3.35
23.33,-7.45,3.40,3.35
23.34,-7.45,3.40,3.35
23.35,-7.45,3.40,3.35
23.36,-7.45,3.40,3.35
23.37,-7.45,3.40,3.35
Pos externa recibida = 2.97
23.38,-7.45,3.40,2.97
23.39,-20.78,3.40,2.97
23.40,-20.78,3.35,2.97
23.Pos externa recibida = 2.77
41,-20.00,3.23,2.97
23.42,-15.29,3.06,2.77
23.43,-19.61,2.94,2.77
23.44,-9.02,2.82,2.77
23.45,6.27,2.75,2.77
23.46,7.06,2.75,2.77
23.47,6.27,2.75,2.77
23.48,6.27,2.75,2.77
Pos externa recibida = 2.20
23.49,6.27,2.75,2.20
23.50,-21.18,2.75,2.20
23.51,-21.18,2.72,2.20
23.52,-20.78,2.61,2.20
23.53,-20.00,2.44,2.20
Pos externa recibida = 1.29
23.54,-15.69,2.30,1.29
23.55,-22.75,2.17,1.29
23.56,-21.96,2.01,1.29
23.57,-21.18,1.78,1.29
23.58,-20.00,1.55,1.29
23.59,5.88,1.29,Pos externa recibida = -0.041.29
23.60,20.00,1.13,-0.04
23.61,-23.92,1.17,-0.04
23.62,-23.92,1.18,-0.04
23.63,-23.92,1.14,-0.04
23.64,-23.53,1.08,-0.04
23.65,-23.14,0.97,-0.04
23.66,-22.35,0.80,-0.04
Pos externa recibida = -1.33
23.67,-21.57,0.56,-1.33
23.68,-25.88,0.32,-1.33
23.69,-24.71,0.04,-1.33
23.70,-23.14,-0.28,-1.33
23.71,-21.57,-0.64,-1.33
Pos externa recibida = -2.59
23.72,-20.39,-0.99,-2.59
23.73,-23.92,-1.36,-2.59
23.74,-22.35,-1.71,-2.59
23.75,-20.78,-2.08,-2.59
23.76,-19.22,-2.42,-2.59
23.77,20.00,-2.73,-2.59
23.78,20.39,-2.82,-2.59
Pos externa recibida = -3.56
23.79,20.00,-2.73,-3.56
23.80,-23.14,-2.55,-3.56
23.81,-23.53,-2.44,-3.56
23.82,-23.53,-2.47,-3.56
23.83,-23.14,-2.54,-3.56
23.84,-23.Pos externa recibida = -4.43
14,-2.58,-3.56
23.85,-22.75,-2.58,-4.43
23.86,-26.67,-2.58,-4.43
23.87,-26.67,-2.60,-4.43
23.88,-26.27,-2.62,-4.43
23.89,-26.27,-2.64,-4.43
23.90,-25.88,-2.68,-4.43
Pos externa recibida = -5.08
23.91,-25.88,-2.74,-5.08
23.92,-28.24,-2.84,-5.08
23.93,-27.45,-2.99,-5.08
23.94,-26.67,-3.20,-5.08
23.95,-25.49,-3.42,-5.08
Pos externa recibida = -5.41
23.96,-24.31,-3.69,-5.41
23.97,-24.71,-3.99,-5.41
23.98,-23.14,-4.31,-5.41
23.99,-21.96,-4.66,-5.41
24.00,-20.39,-5.01,-5.41
24.01,5.10,-5.33,-5.41
24.02,20.00,-5.Pos externa recibida = -5.57
53,-5.41
24.03,20.00,-5.55,-5.57
24.04,12.94,-5.53,-5.57
24.05,11.37,-5.52,-5.57
24.06,11.37,-5.52,-5.57
24.07,10.98,-5.52,-5.57
24.08,10.98,-5.52,-5.57
Pos externa recibida = -5.51
24.09,10.59,-5.52,-5.51
24.10,18.82,-5.52,-5.51
24.11,17.65,-5.51,-5.51
24.12,16.86,-5.50,-5.51
24.13,16.08,-5.50,-5.51
24.14,14.90,-5.49,-5.51
Pos externa recibida = -5.39
24.15,14.12,-5.49,-5.39
24.16,20.00,-5.49,-5.39
24.17,19.61,-5.47,-5.39
24.18,19.61,-5.46,-5.39
24.19,19.61,-5.43,-5.39
24.20,17.65,-5.40,-5.39
24.21,9.Pos externa recibida = -5.40
80,-5.35,-5.39
24.22,1.96,-5.32,-5.40
24.23,0.78,-5.32,-5.40
24.24,0.78,-5.32,-5.40
24.25,0.78,-5.32,-5.40
24.26,0.39,-5.32,-5.40
Pos externa recibida = -5.39
24.27,0.39,-5.32,-5.39
24.28,1.18,-5.32,-5.39
24.29,0.78,-5.32,-5.39
24.30,0.78,-5.32,-5.39
24.31,0.39,-5.32,-5.39
Pos externa recibida = -4.68
24.32,0.39,-5.32,-4.68
24.33,21.96,-5.32,-4.68
24.34,21.96,-5.28,-4.68
24.35,21.57,-5.18,-4.68
24.36,20.78,-5.01,-4.68
24.3Pos externa recibida = -3.75
7,19.61,-4.79,-4.68
24.38,-16.47,-4.53,-3.75
24.39,21.96,-4.34,-3.75
24.40,21.18,-4.21,-3.75
24.41,20.78,-4.06,-3.75
24.42,20.00,-3.87,-3.75
24.43,-14.12,-3.62,-3.75
Pos externa recibida = -3.12
24.44,-20.00,-3.48,-3.12
24.45,20.78,-3.49,-3.12
24.46,20.78,-3.46,-3.12
24.47,20.39,-3.36,-3.12
24.48,19.61,-3.20,-3.12
24.49,-15.69,-2.98,-3.12
24.50,-Pos externa recibida = -2.81
20.00,-2.86,-3.12
24.51,-20.00,-2.88,-2.81
24.52,20.00,-2.94,-2.81
24.53,19.61,-2.93,-2.81
24.54,18.43,-2.86,-2.81
24.55,-3.14,-2.74,-2.81
24.56,-19.61,-2.63,-2.81
Pos externa recibida = -2.46
24.57,-19.61,-2.61,-2.46
24.58,20.00,-2.61,-2.46
24.59,19.61,-2.54,-2.46
24.60,-9.02,-2.36,-2.46
24.61,-19.61,-2.27,-2.46
24.62,-18.82,-2.29,-2.46
Pos externa recibida = -2.44
24.63,-5.49,-2.38,-2.44
24.64,13.73,-2.46,-2.44
24.65,10.59,-2.44,-2.44
24.66,6.67,-2.42,-2.44
24.67,6.67,-2.42,-2.44
24.68,6.67,-2.42,-2.44
Pos externa recibida = -2.42
24.69,6.27,-2.42,-2.42
24.70,12.16,-2.42,-2.42
24.71,11.37,-2.42,-2.42
24.72,11.37,-2.42,-2.42
24.73,10.98,-2.42,-2.42
Pos externa recibida = -2.39
24.74,10.20,-2.42,-2.39
24.75,15.29,-2.42,-2.39
24.76,14.12,-2.41,-2.39
24.77,13.33,-2.41,-2.39
24.78,12.55,-2.40,-2.39
24.79,12.55,-2.40,-2.39
24.80,12.55,-2.40,-2.39
24.81,11.76,-2.40,-2.39
Pos externa recibida = -2.36
24.82,11.76,-2.40,-2.36
24.83,16.47,-2.40,-2.36
24.84,15.29,-2.39,-2.36
24.85,14.90,-2.39,-2.36
24.86,14.12,-2.38,-2.36
Pos externa recibida = -2.33
24.87,13.73,-2.38,-2.33
24.88,17.25,-2.38,-2.33
24.89,16.47,-2.37,-2.33
24.90,15.69,-2.37,-2.33
24.91,14.90,-2.36,-2.33
24.92,14.51,-2.36,-2.33
24.93,13.73,-2.36,-2.33
24.94,13.73,-2.36,-2.33
24.95,13.73,-2.36,-2.33
24.96,13.33,-2.36,-2.33
24.97,12.94,-2.35,-2.33
24.98,12.55,-2.35,-2.33
24.99,12.55,-2.35,-2.33
25.00,12.55,-2.35,-2.33
Pos externa recibida = -2.27
25.01,12.55,-2.35,-2.27
25.02,19.61,-2.35,-2.27
25.03,18.82,-2.34,-2.27
Pos externa recibida = -1.93
25.04,16.86,-2.32,-1.93
25.05,20.78,-2.30,-1.93
25.06,20.39,-2.25,-1.93
25.07,20.00,-2.15,-1.93
25.08,15.29,-1.98,-1.93
25.09,-19.61,-1.76,-1.93
25.10,-20.00,-1.67,-1.93
Pos externa recibida = -1.48
25.11,-20.00,-1.72,-1.48
Pos externa recibida = -1.40
25.12,20.78,-1.84,-1.40
25.13,21.18,-1.85,-1.40
25.14,20.78,-1.75,-1.40
25.15,20.00,Pos externa recibida = -1.44
-1.62,-1.40
25.16,12.55,-1.44,-1.44
25.17,-20.00,-1.23,-1.44
25.18,-20.39,-1.13,-1.44
25.19,-20.00,-1.19,-1.44
25.20,-19.22,-1.30,-1.44
25.21,-9.02,-1.37,-1.44
25.22,-6.67,-1.38,-1.44
25.23,-6.67,-1.38,-1.44
Pos externa recibida = -1.56
25.24,-6.67,-1.38,-1.56
25.25,-19.61,-1.38,-1.56
25.26,-19.61,-1.39,-1.56
25.27,-19.61,-1.41,-1.56
Pos externa recibida = -1.71
25.28,-19.22,-1.42,-1.71
25.29,-20.00,-1.44,-1.71
25.30,-20.00,-1.47,-1.71
25.31,-19.61,-1.51,-1.71
25.32,-18.43,-1.58,-1.71
25.33,-4.71,-1.66,-1.71
25.34,7.45,-1.72,-1.71
Pos externa recibida = -1.44
25.35,7.45,-1.72,-1.44
25.36,20.39,-1.72,-1.44
25.37,20.39,-1.69,-1.44
25.38,20.00,-1.61,-1.44
25.39,10.59,-1.46,-1.44
25.40,-19.61,-1.29,-1.44
Pos externa recibida = -1.45
25.41,-20.00,-1.20,-1.45
25.42,-20.00,-1.23,-1.45
25.43,-19.61,-1.28,-1.45
25.44,-18.82,-1.32,-1.45
25.45,-18.04,-1.3Pos externa recibida = -1.58
3,-1.45
25.46,-18.04,-1.33,-1.58
25.47,-20.00,-1.33,-1.58
25.48,-20.00,-1.33,-1.58
25.49,-20.00,-1.34,-1.58
25.50,-20.00,-1.34,-1.58
25.51,-20.00,-1.35,-1.58
25.52,-20.00,-1.36,-1.58
25.53,-20.00,-1.36,-1.58
Pos externa recibida = -1.60
25.54,-20.00,-1.38,-1.60
25.55,-20.00,-1.39,-1.60
25.56,-19.61,-1.40,-1.60
25.57,-19.61,-1.41,-1.60
25.58,-19.61,-1.43,-1.60
Pos externa recibida = -1.54
25.59,-18.82,-1.46,-1.54
25.60,-2.75,-1.49,-1.54
25.61,-2.35,-1.50,-1.54
25.62,-2.35,-1.50,-1.54
Pos externa recibida = -1.52
25.63,-2.35,-1.50,-1.52
25.64,0.39,-1.50,-1.52
25.65,0.39,-1.50,-1.52
25.66,0.39,-1.50,-1.52
25.67,0.39,-1.50,-1.52
25.68,0.39,-1.50,-1.52
Pos externa recibida = -1.52
25.69,0.39,-1.50,-1.52
25.70,1.18,-1.50,-1.52
25.71,1.18,-1.50,-1.52
25.72,1.18,-1.50,-1.52
25.73,0.78,-1.50,-1.52
25.74,0.78Pos externa recibida = -1.53
,-1.50,-1.52
25.75,0.78,-1.50,-1.53
25.76,-1.18,-1.50,-1.53
25.77,-1.18,-1.50,-1.53
25.78,-1.18,-1.50,-1.53
25.79,-1.18,-1.50,-1.53
25.80,-1.57,-Pos externa recibida = -1.53
1.50,-1.53
25.81,-1.57,-1.50,-1.53
25.82,-1.57,-1.50,-1.53
25.83,-1.57,-1.50,-1.53
25.84,-1.57,-1.50,-1.53
25.85,-1.57,-1.50,-1.53
25.86,-1.57,-1.50,-1.53
25.87,-1.57,-1.50,-1.53
25.88,-1.57,-1.50,-1.53
25.89,-1.57,-1.50,-1.53
25.90,-1.96,-1.50,-1.53
25.91,-1.96,-1.50,-1.53
25.92,-1.96,-1.50,Pos externa recibida = -1.53
-1.53
25.93,-1.96,-1.50,-1.53
25.94,-1.96,-1.50,-1.53
Pos externa recibida = -1.53
25.95,-1.96,-1.50,-1.53
25.96,-1.96,-1.50,-1.53
25.97,-1.96,-1.50,-1.53
25.98,-1.96,-1.50,-1.53
Pos externa recibida = -1.53
25.99,-1.96,-1.50,-1.53
26.00,-1.96,-1.50,-1.53
26.01,-1.96,-1.50,-1.53
26.02,-2.35,-1.50,-1.53
26.03,-2.35,-1.50,-1.53
26.04,-2.35,-1.50,-1.53
26.05,-2.35,-1.50,-1.53
26.06,-2.35,-1.50,-1.53
Pos externa recibida = -1.53
26.07,-2.35,-1.50,-1.53
26.08,-2.35,-1.50,-1.53
26.09,-2.35,-1.50,-1.53
26.10,-2.35,-1.50,-1.53
Pos externa recibida = -1.53
26.11,-2.35,-1.50,-1.53
26.12,-2.35,-1.50,-1.53
26.13,-2.35,-1.50,-1.53
26.14,-2.35,-1.50,-1.53
26.15,-2.75,-1.50,-1.53
26.16,-2.75,-1.50,-1.53
26.17,-2.75,-1.50,-1.53
Pos externa recibida = -1.53
26.18,-2.75,-1.50,-1.53
26.19,-2.75,-1.50,-1.53
26.20,-2.75,-1.50,-1.53
26.21,-2.75,-1.50,-1.53
26.22,-2.75,-1.50,-1.53
26.23,-2.75,-1.50,-1.53
Pos externa recibida = -1.53
26.24,-2.75,-1.50,-1.53
26.25,-2.75,-1.50,-1.53
26.26,-2.75,-1.50,-1.53
26.27,-2.75,-1.50,-1.53
26.28,-2.75,-1.50,-1.53
26.29,-2.75,-1.50,-1.53
Pos externa recibida = -1.53
26.30,-2.75,-1.50,-1.53
26.31,-3.14,-1.50,-1.53
26.32,-3.14,-1.50,-1.53
26.33,-3.92,-1.49,-1.53
26.34,-15.69,-1.43,-1.53
26.35,-20.00,-1.29,-1.53
Pos externa recibida = -1.53
26.36,-20.39,-1.18,-1.53
26.37,-20.78,-1.12,-1.53
26.38,-20.78,-1.11,-1.53
26.39,-20.78,-1.10,-1.53
26.40,-20.78,-1.10,-1.53
26.41,-20.78,-1.09,-1.53
Pos externa recibida = -1.53
26.42,-20.78,-1.08,-1.53
26.43,-20.78,-1.06,-1.53
26.44,-21.18,-1.01,-1.53
26.45,-21.57,-0.90,-1.53
26.46,-22.35,-0.75,-1.53
26.47,-23.14,-0.56,-1.53
Pos externa recibida = -1.52
26.48,-23.92,-0.37,-1.52
26.49,-24.71,-0.17,-1.52
26.50,-25.49,0.05,-1.52
26.51,-26.27,0.24,-1.52
26.52,-26.67,0.38,-1.52
26.53,-27.06,0.47,-1.52
26.54,-27.45,0.56,-1.52
Pos externa recibida = -1.49
26.55,-27.84,0.64,-1.49
26.56,-27.84,0.71,-1.49
26.57,-28.24,0.77,-1.49
26.58,-28.63,0.86,-1.49
26.59,-29.02,0.97,-1.49
Pos externa recibida = -1.46
26.60,-29.41,1.11,-1.46
26.61,-30.20,1.27,-1.46
26.62,-30.59,1.36,-1.46
26.63,-30.59,1.38,-1.46
26.64,-30.59,1.36,-1.46
Pos externa recibida = -0.93
26.65,-30.20,1.34,-0.93
26.66,-27.84,1.31,-0.93
26.67,-27.84,1.28,-0.93
26.68,-27.84,1.27,-0.93
26.69,-27.84,1.27,-0.93
26.70,-27.84,1.26,-0.93
26.71,-27.45,1.25,-0.93
26.72,-27.45,1.25,-0.93
26.73,-27.45,1.24,-0.93
26.74,-27.45,1.24,-0.93
26.75,-27Pos externa recibida = 0.46
.45,1.24,-0.93
26.76,-27.45,1.24,0.46
26.77,-21.57,1.24,0.46
Pos externa recibida = 1.72
26.78,-21.57,1.25,1.72
26.79,21.57,1.26,1.72
26.80,21.18,1.38,1.72
26.81,20.39,1.58,1.72
26.82,0.00,1.88,1.72
Pos externa recibida = 1.06
26.83,-20.39,2.15,1.06
26.84,-23.53,2.30,1.06
26.85,-23.92,2.36,1.06
26.86,-23.92,2.36,1.06
26.87,-23.92,2.36,1.06
26.88,-23.92,2.36,1.06
Pos externa recibida = 1.36
26.89,-23.92,2.36,1.36
26.90,-22.35,2.35,1.36
26.91,-22.35,2.32,1.36
26.92,-22.35,2.27,1.36
26.93,-21.96,2.20,1.36
26.94,-21.57,2.09,1.36
26.95,-20.78,1.93,1.36
Pos externa recibida = 1.55
26.96,-20.00,1.76,1.55
26.97,18.82,1.61,1.55
26.98,19.61,1.58,1.55
26.99,3.92,1.69,1.55
27.00,-18.82,1.82,1.55
27.01,-19.61,1.85,1.55
Pos externa recibida = 1.62
27.02,-19.61,1.83,1.62
27.03,-7.84,1.81,1.62
27.04,-8.24,1.81,1.62
27.05,-8.24,1.81,1.62
27.06,-8.63,1.81,1.62
Pos externa recibida = 1.62
27.07,-9.02,1.81,1.62
27.08,-7.45,1.81,1.62
27.09,-7.84,1.81,1.62
27.10,-7.84,1.81,1.62
27.11,-8.24,1.81,1.62
27.12,-8.63,1.81,1.62
Pos externa recibida = 1.63
27.13,-8.63,1.81,1.63
27.14,-7.45,1.81,1.63
27.15,-7.84,1.81,1.63
27.16,-7.84,1.81,1.63
27.17,-8.24,1.81,1.63
27.18,-8.24,1.81,1.63
Pos externa recibida = 1.66
27.19,-8.63,1.81,1.66
27.20,-2.35,1.81,1.66
27.21,-2.75,1.81,1.66
27.22,-3.14,1.81,1.66
27.23,-3.14,1.81,1.66
27.24,-3.53,1.81,1.66
27.25,-3.53,1.81,1.66
27.26,-3.92,1.81,1.66
Pos externa recibida = 1.66
27.27,-4.31,1.81,1.66
27.28,-3.53,1.81,1.66
27.29,-3.92,1.81,1.66
27.30,-3.92,1.81,1.66
Pos externa recibida = 1.66
27.31,-4.31,1.81,1.66
27.32,-4.31,1.81,1.66
27.33,-4.71,1.81,1.66
27.34,-4.71,1.81,1.66
27.35,-5.10,1.81,1.66
27.36,-5.10,1.81,1.66
Pos externa recibida = 1.66
27.37,-5.49,1.81,1.66
27.38,-4.71,1.81,1.66
27.39,-5.10,1.81,1.66
27.40,-5.10,1.81,1.66
27.41,-5.49,1.81,1.66
27.42,-5.49,1.81,1.66Pos externa recibida = 1.66
27.43,-5.88,1.81,1.66
27.44,-5.88,1.81,1.66
27.45,-6.27,1.81,1.66
27.46,-6.27,1.81,1.66
27.47,-6.67,1.81,1.66
27.48,-6.67,1.81,1.66
27.49,-7.06,1.81,1.66
Pos externa recibida = 1.66
27.50,-7.06,1.81,1.66
27.51,-7.45,1.81,1.66
27.52,-7.45,1.81,1.66
27.53,-7.45,1.81,1.66
27.54,-7.84,1.81,1.66
27.55,-7.84,1.81,1.66
Pos externa recibida = 1.67
27.56,-8.24,1.81,1.67
27.57,-7.45,1.81,1.67
27.58,-7.45,1.81,1.67
27.59,-7.84,1.81,1.67
27.60,Pos externa recibida = 1.67
-7.84,1.81,1.67
27.61,-8.24,1.81,1.67
27.62,-8.24,1.81,1.67
27.63,-8.24,1.81,1.67
27.64,-8.63,1.81,1.67
27.65,-8.63,1.81,1.67
27.66,-9.02,1.81,1.67
27.67,-9.02,1.81,1.67
Pos externa recibida = 1.67
27.68,-9.02,1.81,1.67
27.69,-9.41,1.81,1.67
27.70,-9.41,1.81,1.67
27.71,-9.41,1.81,1.67
27.72,-9.80,1.81,1.67
27.73,-9.80,1.81,1.67
Pos externa recibida = 1.67
27.74,-9.80,1.81,1.67
27.75,-9.41,1.81,1.67
27.76,-9.41,1.81,1.67
27.77,-9.41,1.81,1.67
27.78,-9.80,1.81,1.67
Pos externa recibida = 1.67
27.79,-9.80,1.81,1.67
27.80,-9.80,1.81,1.67
27.81,-10.20,1.81,1.67
27.82,-10.20,1.81,1.67
27.83,-10.20,1.81,1.67
27.84,-10.20,1.81,1.67
27.85,-10.59,1.81,1.67
27.86,-10.59,1.81,1.67
Pos externa recibida = 1.68
27.87,-10.59,1.81,1.68
27.88,-10.20,1.81,1.68
27.89,-10.20,1.81,1.68
27.90,-10.20,1.81,1.68
Pos externa recibida = 1.68
27.91,-10.59,1.81,1.68
27.92,-10.59,1.81,1.68
27.93,-10.59,1.81,1.68
27.94,-10.59,1.81,1.68
27.95,-10.98,1.81,1.68
27.96,-10.98,1.81,1.68
27.97,-Pos externa recibida = 1.68
10.98,1.81,1.68
27.98,-11.37,1.81,1.68
27.99,-11.37,1.81,1.68
28.00,-11.37,1.81,1.68
28.01,-11.37,1.81,1.68
ets Jul 29 2019 12:21:46
rst:0x1 (POWERON_RESET),boot:0x13 (SPI_FAST_FLASH_BOOT)
configsip: 0, SPIWP:0xee
clk_drv:0x00,q_drv:0x00,d_drv:0x00,cs0_drv:0x00,hd_drv:0x00,wp_drv:0x00
mode:DIO, clock div:2
load:0x3fff0030,len:1184
load:0x40078000,len:13232
load:0x40080400,len:3028
entry 0x400805e4
Iniciando ESP32 + Encoder + PID + MQTT
Conectando a WiFi............
WiFi conectado. IP: 192.168.18.40
Sistema iniciado
0.00,44.31,0.00,0.00
0.01,-19.61,0.12,0.00
Conectando a WiFi0.02,-19.61,0.12,0.00
0.03,-20.00,0.21,0.00
0.04,-19.61,0.13,0.00
0.05,-1.96,-0.00,0.00
0.06,12.16,-0.07,0.00
0.07,5.49,-0.04,0.00
0.08,-5.88,0.01,0.00
0.09,-10.98,0.04,0.00
0.10,-10.98,0.04,0.00
0.11,-10.98,0.04,0.00
0.12,-10.98,0.04,0.00
0.13,-10.98,0.04,0.00
0.14,-10.98,0.04,0.00
0.15,-10.98,0.04,0.00
0.16,-10.98,0.04,0.00
0.17,-10.59,0.04,0.00
0.18,-10.59,0.04,0.00
0.19,-10.59,0.04,0.00
0.20,-10.59,0.04,0.00
0.21,-10.59,0.04,0.00
0.22,-10.59,0.04,0.00
0.23,-10.59,0.04,0.00
0.24,-10.59,0.04,0.00
0.25,-10.59,0.04,0.00
0.26,-10.20,0.04,0.00
0.27,-10.20,0.04,0.00
0.28,-10.20,0.04,0.00
0.29,-10.20,0.04,0.00
0.30,-10.20,0.04,0.00
0.31,-10.20,0.04,0.00
0.32,-10.20,0.04,0.00
0.33,-10.20,0.04,0.00
0.34,-10.20,0.04,0.00
0.35,-10.20,0.04,0.00
0.36,-10.20,0.04,0.00
0.37,-10.20,0.04,0.00
0.38,-9.80,0.04,0.00
0.39,-9.80,0.04,0.00
0.40,-9.80,0.04,0.00
0.41,-9.80,0.04,0.00
0.42,-9.80,0.04,0.00
0.43,-9.80,0.04,0.00
0.44,-9.80,0.04,0.00
0.45,-9.80,0.04,0.00
0.46,-9.80,0.04,0.00
0.47,-9.80,0.04,0.00
0.48,-9.80,0.04,0.00
0.49,-9.80,0.04,0.00
0.50,-9.41,0.04,0.00
0.51,-9.41,0.04,0.00
.0.52,-9.41,0.04,0.00
0.53,-9.41,0.04,0.00
0.54,-9.41,0.04,0.00
0.55,-9.41,0.04,0.00
0.56,-9.41,0.04,0.00
0.57,-9.41,0.04,0.00
0.58,-9.41,0.04,0.00
0.59,-9.41,0.04,0.00
0.60,-9.41,0.04,0.00
0.61,-9.41,0.04,0.00
0.62,-9.41,0.04,0.00
0.63,-9.41,0.04,0.00
0.64,-9.02,0.04,0.00
0.65,-9.02,0.04,0.00
0.66,-9.02,0.04,0.00
0.67,-9.02,0.04,0.00
0.68,-9.02,0.04,0.00
0.69,-9.02,0.04,0.00
0.70,-9.02,0.04,0.00
0.71,-9.02,0.04,0.00
0.72,-9.02,0.04,0.00
0.73,-9.02,0.04,0.00
0.74,-9.02,0.04,0.00
0.75,-9.02,0.04,0.00
0.76,-9.02,0.04,0.00
0.77,-9.02,0.04,0.00
0.78,-9.02,0.04,0.00
0.79,-8.63,0.04,0.00
0.80,-8.63,0.04,0.00
0.81,-8.63,0.04,0.00
0.82,-8.63,0.04,0.00
0.83,-8.63,0.04,0.00
0.84,-8.63,0.04,0.00
0.85,-8.63,0.04,0.00
0.86,-8.63,0.04,0.00
0.87,-8.63,0.04,0.00
0.88,-8.63,0.04,0.00
0.89,-8.63,0.04,0.00
0.90,-8.63,0.04,0.00
0.91,-8.63,0.04,0.00
0.92,-8.63,0.04,0.00
0.93,-8.63,0.04,0.00
0.94,-8.63,0.04,0.00
0.95,-8.63,0.04,0.00
0.96,-8.63,0.04,0.00
0.97,-8.24,0.04,0.00
0.98,-8.24,0.04,0.00
0.99,-8.24,0.04,0.00
1.00,-8.24,0.04,0.00
1.01,-8.24,0.04,0.00
.1.02,-8.24,0.04,0.00
1.03,-8.24,0.04,0.00
1.04,-8.24,0.04,0.00
1.05,-8.24,0.04,0.00
1.06,-8.24,0.04,0.00
1.07,-8.24,0.04,0.00
1.08,-8.24,0.04,0.00
1.09,-8.24,0.04,0.00
1.10,-8.24,0.04,0.00
1.11,-8.24,0.04,0.00
1.12,-8.24,0.04,0.00
1.13,-8.24,0.04,0.00
1.14,-8.24,0.04,0.00
1.15,-8.24,0.04,0.00
1.16,-8.24,0.04,0.00
1.17,-8.24,0.04,0.00
1.18,-8.24,0.04,0.00
1.19,-7.84,0.04,0.00
1.20,-7.84,0.04,0.00
1.21,-7.84,0.04,0.00
1.22,-7.84,0.04,0.00
1.23,-7.84,0.04,0.00
1.24,-7.84,0.04,0.00
1.25,-7.84,0.04,0.00
1.26,-7.84,0.04,0.00
1.27,-7.84,0.04,0.00
1.28,-7.84,0.04,0.00
1.29,-7.84,0.04,0.00
1.30,-7.84,0.04,0.00
1.31,-7.84,0.04,0.00
1.32,-7.84,0.04,0.00
1.33,-7.84,0.04,0.00
1.34,-7.84,0.04,0.00
1.35,-7.84,0.04,0.00
1.36,-7.84,0.04,0.00
1.37,-7.84,0.04,0.00
1.38,-7.84,0.04,0.00
1.39,-7.84,0.04,0.00
1.40,-7.84,0.04,0.00
1.41,-7.84,0.04,0.00
1.42,-7.84,0.04,0.00
1.43,-7.84,0.04,0.00
1.44,-7.84,0.04,0.00
1.45,-7.84,0.04,0.00
1.46,-7.84,0.04,0.00
1.47,-7.45,0.04,0.00
1.48,-7.45,0.04,0.00
1.49,-7.45,0.04,0.00
1.50,-7.45,0.04,0.00
1.51,-7.45,0.04,0.00
.1.52,-7.45,0.04,0.00
1.53,-7.45,0.04,0.00
1.54,-7.45,0.04,0.00
1.55,-7.45,0.04,0.00
1.56,-7.45,0.04,0.00
1.57,-7.45,0.04,0.00
1.58,-7.45,0.04,0.00
1.59,-7.45,0.04,0.00
1.60,-7.45,0.04,0.00
1.61,-7.45,0.04,0.00
1.62,-7.45,0.04,0.00
1.63,-7.45,0.04,0.00
1.64,-7.45,0.04,0.00
1.65,-7.45,0.04,0.00
1.66,-7.45,0.04,0.00
1.67,-7.45,0.04,0.00
1.68,-7.45,0.04,0.00
1.69,-7.45,0.04,0.00
1.70,-7.45,0.04,0.00
1.71,-7.45,0.04,0.00
1.72,-7.45,0.04,0.00
1.73,-7.45,0.04,0.00
1.74,-7.45,0.04,0.00
1.75,-7.45,0.04,0.00
1.76,-7.45,0.04,0.00
1.77,-7.45,0.04,0.00
1.78,-7.45,0.04,0.00
1.79,-7.45,0.04,0.00
1.80,-7.45,0.04,0.00
1.81,-7.45,0.04,0.00
1.82,-7.45,0.04,0.00
1.83,-7.45,0.04,0.00
1.84,-7.45,0.04,0.00
1.85,-7.06,0.04,0.00
1.86,-7.06,0.04,0.00
1.87,-7.06,0.04,0.00
1.88,-7.06,0.04,0.00
1.89,-7.06,0.04,0.00
1.90,-7.06,0.04,0.00
1.91,-7.06,0.04,0.00
1.92,-7.06,0.04,0.00
1.93,-7.06,0.04,0.00
1.94,-7.06,0.04,0.00
1.95,-7.06,0.04,0.00
1.96,-7.06,0.04,0.00
1.97,-7.06,0.04,0.00
1.98,-7.06,0.04,0.00
1.99,-7.06,0.04,0.00
2.00,-7.06,0.04,0.00
2.01,-7.06,0.04,0.00
.2.02,-7.06,0.04,0.00
2.03,-7.06,0.04,0.00
2.04,-7.06,0.04,0.00
2.05,-7.06,0.04,0.00
2.06,-7.06,0.04,0.00
2.07,-7.06,0.04,0.00
2.08,-7.06,0.04,0.00
2.09,-7.06,0.04,0.00
2.10,-7.06,0.04,0.00
2.11,-7.06,0.04,0.00
2.12,-7.06,0.04,0.00
2.13,-7.06,0.04,0.00
2.14,-7.06,0.04,0.00
2.15,-7.06,0.04,0.00
2.16,-7.06,0.04,0.00
2.17,-7.06,0.04,0.00
2.18,-7.06,0.04,0.00
2.19,-7.06,0.04,0.00
2.20,-7.06,0.04,0.00
2.21,-7.06,0.04,0.00
2.22,-7.06,0.04,0.00
2.23,-7.06,0.04,0.00
2.24,-7.06,0.04,0.00
2.25,-7.06,0.04,0.00
2.26,-7.06,0.04,0.00
2.27,-7.06,0.04,0.00
2.28,-7.06,0.04,0.00
2.29,-7.06,0.04,0.00
2.30,-7.06,0.04,0.00
2.31,-7.06,0.04,0.00
2.32,-7.06,0.04,0.00
2.33,-7.06,0.04,0.00
2.34,-7.06,0.04,0.00
2.35,-7.06,0.04,0.00
2.36,-7.06,0.04,0.00
2.37,-7.06,0.04,0.00
2.38,-7.06,0.04,0.00
2.39,-7.06,0.04,0.00
2.40,-7.06,0.04,0.00
2.41,-7.06,0.04,0.00
2.42,-7.06,0.04,0.00
2.43,-7.06,0.04,0.00
2.44,-7.06,0.04,0.00
2.45,-7.06,0.04,0.00
2.46,-7.06,0.04,0.00
2.47,-6.67,0.04,0.00
2.48,-6.67,0.04,0.00
2.49,-6.67,0.04,0.00
2.50,-6.67,0.04,0.00
2.51,-6.67,0.04,0.00
.2.52,-6.67,0.04,0.00
2.53,-6.67,0.04,0.00
2.54,-6.67,0.04,0.00
2.55,-6.67,0.04,0.00
2.56,-6.67,0.04,0.00
2.57,-6.67,0.04,0.00
2.58,-6.67,0.04,0.00
2.59,-6.67,0.04,0.00
2.60,-6.67,0.04,0.00
2.61,-6.67,0.04,0.00
2.62,-6.67,0.04,0.00
2.63,-6.67,0.04,0.00
2.64,-6.67,0.04,0.00
2.65,-6.67,0.04,0.00
2.66,-6.67,0.04,0.00
2.67,-6.67,0.04,0.00
2.68,-6.67,0.04,0.00
2.69,-6.67,0.04,0.00
2.70,-6.67,0.04,0.00
2.71,-6.67,0.04,0.00
2.72,-6.67,0.04,0.00
2.73,-6.67,0.04,0.00
2.74,-6.67,0.04,0.00
2.75,-6.67,0.04,0.00
2.76,-6.67,0.04,0.00
2.77,-6.67,0.04,0.00
2.78,-6.67,0.04,0.00
2.79,-6.67,0.04,0.00
2.80,-6.67,0.04,0.00
2.81,-6.67,0.04,0.00
2.82,-6.67,0.04,0.00
2.83,-6.67,0.04,0.00
2.84,-6.67,0.04,0.00
2.85,-6.67,0.04,0.00
2.86,-6.67,0.04,0.00
2.87,-6.67,0.04,0.00
2.88,-6.67,0.04,0.00
2.89,-6.67,0.04,0.00
2.90,-6.67,0.04,0.00
2.91,-6.67,0.04,0.00
2.92,-6.67,0.04,0.00
2.93,-6.67,0.04,0.00
2.94,-6.67,0.04,0.00
2.95,-6.67,0.04,0.00
2.96,-6.67,0.04,0.00
2.97,-6.67,0.04,0.00
2.98,-6.67,0.04,0.00
2.99,-6.67,0.04,0.00
3.00,-6.67,0.04,0.00
3.01,-6.67,0.04,0.00
.3.02,-6.67,0.04,0.00
3.03,-6.67,0.04,0.00
3.04,-6.67,0.04,0.00
3.05,-6.67,0.04,0.00
3.06,-6.67,0.04,0.00
3.07,-6.67,0.04,0.00
3.08,-6.67,0.04,0.00
3.09,-6.67,0.04,0.00
3.10,-6.67,0.04,0.00
3.11,-6.67,0.04,0.00
3.12,-6.67,0.04,0.00
3.13,-6.67,0.04,0.00
3.14,-6.67,0.04,0.00
3.15,-6.67,0.04,0.00
3.16,-6.67,0.04,0.00
3.17,-6.67,0.04,0.00
3.18,-6.67,0.04,0.00
3.19,-6.67,0.04,0.00
3.20,-6.67,0.04,0.00
3.21,-6.67,0.04,0.00
3.22,-6.67,0.04,0.00
3.23,-6.67,0.04,0.00
3.24,-6.67,0.04,0.00
3.25,-6.67,0.04,0.00
3.26,-6.67,0.04,0.00
3.27,-6.67,0.04,0.00
3.28,-6.67,0.04,0.00
3.29,-6.67,0.04,0.00
3.30,-6.67,0.04,0.00
3.31,-6.67,0.04,0.00
3.32,-6.67,0.04,0.00
3.33,-6.67,0.04,0.00
3.34,-6.67,0.04,0.00
3.35,-6.67,0.04,0.00
3.36,-6.67,0.04,0.00
3.37,-6.67,0.04,0.00
3.38,-6.67,0.04,0.00
3.39,-6.67,0.04,0.00
3.40,-6.67,0.04,0.00
3.41,-6.67,0.04,0.00
3.42,-6.67,0.04,0.00
3.43,-6.67,0.04,0.00
3.44,-6.67,0.04,0.00
3.45,-6.67,0.04,0.00
3.46,-6.67,0.04,0.00
3.47,-6.67,0.04,0.00
3.48,-6.67,0.04,0.00
3.49,-6.67,0.04,0.00
3.50,-6.67,0.04,0.00
3.51,-6.67,0.04,0.00
.
WiFi conectado. IP: 192.168.18.40
Conectando a MQTT... 3.52,-6.67,0.04,0.00
3.53,-6.67,0.04,0.00
3.54,-6.67,0.04,0.00
3.55,-6.67,0.04,0.00
conectado
Subscribe OK = 1
Suscrito a: ESP32/esp1
3.56,-6.67,0.04,0.00
3.57,-6.67,0.04,0.00
3.58,-6.67,0.04,0.00
3.59,-6.67,0.04,0.00
3.60,-6.67,0.04,0.00
Pos externa recibida = 1.353.61,-6.67,0.04,1.35
3.62,-6.67,0.04,1.35
3.63,24.71,0.04,1.35
3.64,24.31,0.10,1.35
3.65,23.92,0.23,1.35
3.66,23.14,0.41,1.35
Pos externa recibida = 1.33
3.67,21.96,0.66,1.33
3.68,20.78,0.98,1.33
Pos externa recibida = 0.87
3.69,-20.39,1.62,1.33
3.70,-20.39,1.62,0.87
3.71,-20.78,1.72,0.87
3.72,-22.35,1.67,0.87
3.73,-21.96,1.55,0.87
3.74,-21.18,1.34,0.87
3.75,-20.00,1.11,0.87
3.76,-1.96,0.88,0.87
3.77,20.00,0.67,0.87
3.78,20.00,0.65,0.87
3.79,18.04,0.77,0.87
3.80,-9.02,0.91,0.87
Pos externa recibida = -0.03
3.81,-19.22,0.98,-0.03
Pos externa recibida = 0.17
3.82,-17.25,0.96,0.17
3.83,-23.14,0.90,0.17
3.84,-21.57,0.77,0.17
3.85,-20.78,0.59,0.17
3.86,-20.00,0.41,0.17
3.87,-5.49,0.20,0.17
Pos externa recibida = 0.66
3.88,19.61,0.01,0.66
3.89,19.61,0.00,0.66
3.90,21.18,0.13,0.66
3.91,20.78,0.28,0.66
3.92,20.00,0.45,0.66
Pos externa recibida = 0.52
3.93,-3.92,0.68,0.52
3.94,-20.00,0.90,0.52
3.95,-20.78,0.94,0.52
3.96,-20.39,0.86,0.52
3.97,-20.00,0.71,0.52
3.98,-1.96,0.54,0.52
3.99,16.86,0.44,0.52
4.00,14.51,0.46,0.52
Pos externa recibida = 0.50
4.01,0.78,0.52,0.50
4.02,-12.94,0.59,0.50
4.03,-18.04,0.60,0.50
4.04,-17.65,0.60,0.50
Pos externa recibida = 0.49
4.05,-17.25,0.60,0.49
4.06,-16.86,0.59,0.49
4.07,-18.04,0.59,0.49
4.08,-17.65,0.59,0.49
4.09,-16.86,0.58,0.49
4.10,-16.86,0.58,0.49
4.11,-16.47,0.58,0.49
Pos externa recibida = 0.48
4.12,-16.47,0.58,0.48
4.13,-16.08,0.58,0.48
4.14,-16.86,0.58,0.48
4.15,-16.47,0.57,0.48
4.16,-16.47,0.57,0.48
4.17,-16.47,0.57,0.48
Pos externa recibida = 0.48
4.18,-15.69,0.57,0.48
4.19,-15.69,0.57,0.48
4.20,-16.08,0.57,0.48
4.21,-15.69,0.57,0.48
4.22,-15.69,0.57,0.48
4.23,-15.69,0.57,0.48
4.24,-15.69,0.57,0.48
Pos externa recibida = 0.47
4.25,-15.69,0.57,0.47
4.26,-15.29,0.56,0.47
4.27,-16.08,0.56,0.47
4.28,-16.08,0.56,0.47
4.29,-16.08,0.56,0.47
Pos externa recibida = 0.47
4.30,-15.69,0.56,0.47
4.31,-15.69,0.56,0.47
4.32,-16.08,0.56,0.47
4.33,-15.69,0.56,0.47
4.34,-15.69,0.56,0.47
4.35,-14.90,0.55,0.47
4.36,-14.90,0.55,0.47
4.37,-14.90,0.55,0.47
4.38,-14.90,0.55,0.47
4.39,-14.90,0.55,0.47
4.40,-14.90,0.55,0.47
Pos externa recibida = 0.46
4.41,-14.90,0.55,0.46
4.42,-14.90,0.55,0.46
Pos externa recibida = 0.46
4.43,-15.29,0.55,0.46
4.44,-15.29,0.55,0.46
4.45,-15.69,0.55,0.46
4.46,-15.29,0.55,0.46
4.47,-15.29,0.55,0.46
4.48,-15.29,0.55,0.46
4.49,-15.29,0.55,0.46
4.50,-15.29,0.55,0.46
Pos externa recibida = 0.46
4.51,-14.51,0.54,0.46
4.52,-14.51,0.54,0.46
Pos externa recibida = 0.46
4.53,-14.51,0.54,0.46
4.54,-14.51,0.54,0.46
4.55,-14.51,0.54,0.46
4.56,-14.51,0.54,0.46
4.57,-14.51,0.54,0.46
4.58,-14.51,0.54,0.46
4.59,-14.51,0.54,0.46
Pos externa recibida = 0.46
4.60,-14.51,0.54,0.46
4.61,-14.51,0.54,0.46
4.62,-14.51,0.54,0.46
4.63,-14.51,0.54,0.46
4.64,-14.51,0.54,0.46
4.65,-14.51,0.54,0.46
Pos externa recibida = 0.46
4.66,-14.51,0.54,0.46
4.67,-14.51,0.54,0.46
4.68,-14.51,0.54,0.46
4.69,-14.51,0.54,0.46
4.70,-14.51,0.54,0.46
4.71,-14.51,0.54,0.46
Pos externa recibida = 0.46
4.72,-14.51,0.54,0.46
4.73,-14.51,0.54,0.46
4.74,-14.51,0.54,0.46
4.75,-14.51,0.54,0.46
4.76,-14.51,0.54,0.46
Pos externa recibida = 0.46
4.77,-14.51,0.54,0.46
4.78,-14.51,0.54,0.46
4.79,-13.73,0.54,0.46
4.80,-13.73,0.54,0.46
4.81,-13.73,0.54,0.46
4.82,-13.73,0.54,0.46
4.83,-13.73,0.54,0.46
Pos externa recibida = 0.46
4.84,-13.73,0.54,0.46
4.85,-13.73,0.54,0.46
4.86,-13.73,0.54,0.46
4.87,-13.73,0.54,0.46
4.88,-13.73,0.54,0.46
4.89,-13.73,0.54,0.46
Pos externa recibida = 0.46
4.90,-13.73,0.54,0.46
4.91,-13.73,0.54,0.46
4.92,-13.73,0.54,0.46
4.93,-13.73,0.54,0.46
4.94,-13.73,0.54,0.46
4.95,-13.73,0.54,0.46
Pos externa recibida = 0.46
4.96,-13.73,0.54,0.46
4.97,-13.73,0.54,0.46
4.98,-13.73,0.54,0.46
4.99,-13.73,0.54,0.46
5.00,-13.73,0.54,0.46
Pos externa recibida = 0.46
5.01,-13.73,0.54,0.46
5.02,-13.73,0.54,0.46
5.03,-13.73,0.54,0.46
5.04,-13.73,0.54,0.46
5.05,-13.73,0.54,0.46
5.06,-13.33,0.54,0.46
5.07,-13.33,0.54,0.46
Pos externa recibida = 0.46
5.08,-13.33,0.54,0.46
5.09,-13.33,0.54,0.46
5.10,-13.33,0.54,0.46
5.11,-13.33,0.54,0.46
5.12,-13.33,0.54,0.46
5.13,-13.33,0.54,0.46
5.14,-13.33,0.54,0.46
Pos externa recibida = 0.46
5.15,-13.33,0.54,0.46
5.16,-13.33,0.54,0.46
5.17,-13.33,0.54,0.46
5.18,-13.33,0.54,0.46
5.19,-13.33,0.54,0.46
5.20,-13.33,0.54,0.46
5.21,-13.33,0.54,0.46
5.22,-13.33,0.54,0.46
5.23,-13.33,0.54,0.46
5.24,-13.33,0.54,0.46
5.25,-13.33,0.54,0.46
5.26,-13.33,0.54,0.46
5.27,-13.33,0.54,0.46
5.28,-13.33,0.54,0.46
5.29,-13.33,0.54,0.46
5.30,-13.33,0.54,0.46
5.31,-13.33Pos externa recibida = 0.46
,0.54,0.46
5.32,-13.33,0.54,0.46
5.33,-13.33,0.54,0.46
5.34,-13.33,0.54,0.46
5.35,-13.33,0.54,0.46
5.36,-13.33,0.54,0.46
Pos externa recibida = 0.46
5.37,-13.33,0.54,0.46
Pos externa recibida = 0.46
5.38,-13.33,0.54,0.46
5.39,-13.33,0.54,0.46
5.40,-13.33,0.54,0.46
5.41,-13.33,0.54,0.46
5.42,-13.33,0.54,0.46
Pos externa recibida = 0.46
5.43,-13.33,0.54,0.46
5.44,-13.33,0.54,0.46
5.45,-13.33,0.54,0.46
5.46,-13.33,0.54,0.46
5.47,-13.33,0.54,0.46
5.48,-13.33,0.54,0.46
5.49,-13.33,0.54,0.46
5.50,-13.33,0.54,0.46
5.51,-13.33,0.54,0.46
5.52,-13.33,0.54,0.46
Pos externa recibida = 0.46
5.53,-13.33,0.54,0.46
5.54,-13.33,0.54,0.46
5.55,-13.33,0.54,0.46
Pos externa recibida = 0.46
5.56,-13.33,0.54,0.46
Pos externa recibida = 0.46
5.57,-13.33,0.54,0.46
5.58,-13.33,0.54,0.46
5.59,-13.33,0.54,0.46
5.60,-13.33,0.54,0.46
Pos externa recibida = 0.46
5.61,-13.33,0.54,0.46
5.62,-13.33,0.54,0.46
5.63,-13.33,0.54,0.46
5.64,-13.33,0.54,0.46
5.65,-13.33,0.54,0.46
5.66,-13.33,0.54,0.46
Pos externa recibida = 0.47
5.67,-13.33,0.54,0.47
5.68,-13.33,0.54,0.47
5.69,-12.55,0.54,0.47
5.70,-12.55,0.54,0.47
5.71,-12.55,0.54,0.47
5.72,-12.55,0.54,0.47
Pos externa recibida = 0.47
5.73,-12.55,0.54,0.47
5.74,-12.55,0.54,0.47
5.75,-12.55,0.54,0.47
5.76,-12.55,0.54,0.47
5.77,-12.55,0.54,0.47
Pos externa recibida = 0.5.78,-12.55,0.54,0.47
47
5.79,-12.55,0.54,0.47
5.80,-12.55,0.54,0.47
5.81,-12.55,0.54,0.47
5.82,-12.55,0.54,0.47
5.83,-12.55,0.54,0.47
5.84,-12.55,0.54,0.47
Pos externa recibida = 0.47
5.85,-12.55,0.54,0.47
5.86,-12.55,0.54,0.47
5.87,-12.55,0.54,0.47
5.88,-12.55,0.54,0.47
5.89,-12.55,0.54,0.47
Pos externa recibida = 0.69
5.90,-12.55,0.54,0.69
5.91,19.61,0.54,0.69
5.92,19.61,0.54,0.69
5.93,18.82,0.59,0.69
5.94,-7.06,0.74,0.69
5.95,-19.61,0.84,0.69
5.96,-17.25,0.80,0.69
Pos externa recibida = 0.53
5.97,4.71,0.68,0.53
5.98,12.94,0.64,0.53
5.99,-19.61,0.68,0.53
6.00,-19.61,0.69,0.53
6.01,-19.61,0.67,0.53
6.02,-19.22,0.66,0.53
6.03,-18.82,0.65,0.53
6.04,-18.43,0.65,0.53
Pos externa recibida = 0.62
6.05,-18.04,0.65,0.62
6.06,-18.04,0.64,0.62
6.07,-1.18,0.64,0.62
6.08,-1.18,0.64,0.62
Pos externa recibida = 0.71
6.09,-2.35,0.65,0.71
6.10,-2.35,0.65,0.71
6.11,15.29,0.65,0.71
6.12,9.80,0.68,0.71
6.13,-3.92,0.74,0.71
6.14,-7.06,0.75,0.71
Pos externa recibida = 0.66
6.15,-7.06,0.75,0.66
6.16,-7.06,0.75,0.66
6.17,-16.08,0.75,0.66
6.18,-13.33,0.74,0.66
6.19,-10.20,0.72,0.66
6.20,-10.20,0.72,0.66
Pos externa recibida = 0.83
6.21,-10.20,0.72,0.83
6.22,-10.20,0.72,0.83
6.23,19.61,0.72,0.83
6.24,17.65,0.75,0.83
6.25,8.24,0.81,0.83
6.26,4.31,0.83,0.83
Pos externa recibida = 0.70
6.27,4.31,0.83,0.70
6.28,4.31,0.83,0.70
6.29,-19.22,0.83,0.70
6.30,-14.12,0.78,0.70
6.31,7.84,0.68,0.70
Pos externa recibida = 0.70
6.32,5.10,0.69,0.70
6.33,5.10,0.69,0.70
6.34,3.92,0.70,0.70
6.35,3.92,0.70,0.70
6.36,3.92,0.70,0.70
6.37,3.92,0.70,0.70
6.38,3.92,0.70,0.70
Pos externa recibida = 0.69
6.39,3.92,0.70,0.69
6.40,3.92,0.70,0.69
6.41,0.78,0.70,0.69
6.42,0.78,0.70,0.69
6.43,0.39,0.70,0.69
6.44,0.39,0.70,0.69
Pos externa recibida = 0.69
6.45,0.39,0.70,0.69
6.46,0.39,0.70,0.69
6.47,0.39,0.70,0.69
6.48,0.39,0.70,0.69
6.49,0.39,0.70,0.69
6.50,0.39,0.70,0.69
Pos externa recibida = 0.69
6.51,0.39,0.70,0.69
6.52,0.39,0.70,0.69
6.53,0.39,0.70,0.69
6.54,0.39,0.70,0.69
6.55,0.39,0.70,0.69
6.56,0.39,0.70,0.69
Pos externa recibida = 0.69
6.57,0.39,0.70,0.69
6.58,0.39,0.70,0.69
6.59,0.00,0.70,0.69
6.60,0.00,0.70,0.69
6.61,0.00,0.70,0.69
6.62,0.00,0.70,0.69
Pos externa recibida = 0.69
6.63,0.00,0.70,0.69
6.64,0.00,0.70,0.69
6.65,0.00,0.70,0.69
6.66,0.00,0.70,0.69
6.67,0.00,0.70,0.69
6.Pos externa recibida = 0.69
68,0.00,0.70,0.69
6.69,0.00,0.70,0.69
6.70,0.00,0.70,0.69
6.71,0.00,0.70,0.69
6.72,0.00,0.70,0.69
6.73,0.00,0.70,0.69
6.74,0.00,0.70,0.69
Pos externa recibida = 0.69
6.75,0.00,0.70,0.69
6.76,0.00,0.70,0.69
6.77,0.00,0.70,0.69
6.78,0.00,0.70,0.69
6.79,0.00,0.70,0.69
6.80,0.00,0.70,0.69
6.81,0.00,0.70,0.69
Pos externa recibida = 0.69
6.82,0.00,0.70,0.69
6.83,0.00,0.70,0.69
6.84,0.00,0.70,0.69
6.85,0.00,0.70,0.69
6.86,0.00,0.70,0.69
Pos externa recibida = 0.69
6.87,0.00,0.70,0.69
6.88,0.00,0.70,0.69
6.89,0.00,0.70,0.69
6.90,0.00,0.70,0.69
6.91,0.00,0.70,0.69
6.92,0.00,0.70,0.69
Pos externa recibida = 0.69
6.93,0.00,0.70,0.69
6.94,0.00,0.70,0.69
6.95,0.00,0.70,0.69
6.96,0.00,0.70,0.69
6.97,0.00,0.70,0.69
6.98,0.00,0.70,0.69
Pos externa recibida = 0.69
6.99,0.00,0.70,0.69
7.00,0.00,0.70,0.69
7.01,0.00,0.70,0.69
7.02,0.00,0.70,0.69
7.03,-4.31,0.72,0.69
Pos externa recibida = 0.69
7.04,-4.31,0.72,0.69
7.05,-6.67,0.73,0.69
7.06,-6.67,0.73,0.69
7.07,-7.45,0.73,0.69
7.08,-7.45,0.73,0.69
7.09,-7.45,0.73,0.69
7.10,-7.45,0.73,0.69
Pos externa recibida = 0.69
7.11,-7.45,0.73,0.69
7.12,-7.45,0.73,0.69
7.13,-7.45,0.73,0.69
7.14,-7.45,0.73,0.69
7.15,-7.45,0.73,0.69
Pos externa recibida = 0.69
7.16,-7.45,0.73,0.69
7.17,-7.45,0.73,0.69
7.18,-6.67,0.73,0.69
7.19,-6.67,0.73,0.69
7.20,-6.67,0.73,0.69
7.21,-6.67,0.73,0.69
7.22,-6.67,0.73,0.69
7.23,-6.67,0.73,0.69
Pos externa recibida = 0.69
7.24,-6.67,0.73,0.69
7.25,-6.67,0.73,0.69
7.26,-6.67,0.73,0.69
7.27,-5.88,0.72,0.69
7.28,Pos externa recibida = 0.69
-5.10,0.72,0.69
7.29,-5.10,0.72,0.69
7.30,-2.75,0.71,0.69
7.31,1.96,0.69,0.69
7.32,6.67,0.67,0.69
7.33,7.45,0.66,0.69
7.34,9.41,0.65,0.69
Pos externa recibida = 0.69
7.35,11.37,0.64,0.69
7.36,13.33,0.63,0.69
7.37,14.12,0.63,0.69
7.38,14.51,0.62,0.69
7.39,14.51,0.62,0.69
7.40,14.90,0.62,0.69
Pos externa recibida = 0.68
7.41,15.29,0.62,0.68
7.42,15.69,0.61,0.68
7.43,16.47,0.61,0.68
7.44,17.25,0.60,0.68
7.45,17.65,0.59,0.68
7.46,18.43,0.59,0.68
Pos externa recibida = 0.65
7.47,18.82,0.58,0.65
7.48,19.22,0.58,0.65
7.49,16.08,0.57,0.65
7.50,17.65,0.56,0.65
7.51,18.82,0.54,0.65
7.52,19.61,0.51,0.65
Pos externa recibida = 0.64
7.53,19.61,0.51,0.64
7.54,20.00,0.45,0.64
7.55,20.00,0.45,0.64
7.56,20.00,0.41,0.64
7.57,20.39,0.37,0.64
Pos externa recibida = 0.61
7.58,20.39,0.33,0.61
7.59,20.39,0.30,0.61
7.60,20.39,0.25,0.61
7.61,20.78,0.21,0.61
7.62,21.18,0.15,0.61
7.63,21.18,0.11,0.61
7.64,21.18,0.09,0.61
Pos externa recibida = 0.58
7.65,21.18,0.07,0.58
7.66,21.57,0.06,0.58
7.67,21.18,0.04,0.58
7.68,21.18,0.02,0.58
7.69,21.57,0.01,0.58
Pos externa recibida = 0.54
7.70,21.57,-0.00,0.54
7.71,21.57,-0.02,0.54
7.72,21.57,-0.03,0.54
7.73,21.57,-0.05,0.54
7.74,21.57,-0.06,0.54
7.75,21.57,-0.08,0.54
7.76,21.57,-0.09,0.54
7.77,21.57,-0.12,0.54
Pos externa recibida = 0.52
7.78,21.96,-0.14,0.52
7.79,21.96,-0.17,0.52
7.80,21.96,-0.20,0.52
7.81,21.96,-0.22,0.52
7.82,21.96,-0.24,0.52
Pos externa recibida = 0.50
7.83,22.35,-0.27,0.50
7.84,22.35,-0.30,0.50
7.85,22.35,-0.34,0.50
7.86,22.75,-0.40,0.50
7.87,23.14,-0.50,0.50
7.88,23.53,-0.57,0.50
Pos externa recibida = 0.48
7.89,23.53,-0.62,0.48
7.90,23.92,-0.66,0.48
7.91,23.92,-0.69,0.48
7.92,23.92,-0.71,0.48
7.93,23.92,-0.72,0.48
7.94,23.92,-0.74,0.48
Pos externa recibida = 0.45
7.95,23.92,-0.76,0.45
7.96,23.92,-0.77,0.45
7.97,23.92,-0.80,0.45
7.98,24.31,-0.82,0.45
7.99,24.31,-0.88,0.45
Pos externa recibida = 8.00,24.31,-0.91,0.45
0.39
8.01,24.31,-0.91,0.39
8.02,24.71,-0.94,0.39
8.03,24.31,-0.97,0.39
8.04,24.71,-1.02,0.39
8.05,25.10,-1.09,0.39
8.06,25.49,-1.21,0.39
Pos externa recibida = 0.14
8.07,25.49,-1.21,0.14
8.08,25.49,-1.26,0.14
8.09,24.71,-1.28,0.14
8.10,24.71,-1.31,0.14
8.11,24.71,-1.33,0.14
Pos externa recibida = -0.75
8.12,24.71,-1.35,-0.75
8.13,25.10,-1.37,-0.75
8.14,21.18,-1.40,-0.75
8.15,21.57,-1.45,-0.75
8.16,21.57,-1.50,-0.75
8.17,21.96,-1.58,-0.75
8.18,22.75,-1.71,-0.75
Pos externa recibida = -1.28
8.19,23.14,-1.85,-1.28
8.20,23.53,-1.97,-1.28
8.21,21.96,-2.10,-1.28
8.22,22.35,-2.23,-1.28
8.23,23.14,-2.38,-1.28
8.24,23.53,-2.52,-1.28
Pos externa recibida = -1.33
8.25,24.31,-2.65,-1.33
8.26,25.10,-2.81,-1.33
8.27,25.49,-3.02,-1.33
8.28,26.27,-3.22,-1.33
8.29,27.06,-3.40,-1.33
8.30,27.84,-3.61,-1.33
8.31,28.63,-3.78,-1.33
Pos externa recibida = -1.93
8.32,29.41,-3.91,-1.93
8.33,29.80,-4.01,-1.93
8.34,27.45,-4.06,-1.93
8.35,27.45,-4.11,-1.93
8.36,27.45,-4.14,-1.93
Pos externa recibida = -2.56
8.37,27.84,-4.17,-2.56
8.38,27.84,-4.23,-2.56
8.39,25.49,-4.28,-2.56
8.40,25.88,-4.32,-2.56
8.41,25.88,-4.35,-2.56
Pos externa recibida = -2.69
8.42,25.88,-4.38,-2.69
8.43,25.88,-4.40,-2.69
8.44,25.49,-4.42,-2.69
8.45,25.49,-4.45,-2.69
8.46,25.88,-4.48,-2.69
8.47,26.27,-4.59,-2.69
8.48,26.27,-4.59,-2.69
8.49,26.67,-4.69,-2.69
Pos externa recibida = -2.76
8.50,27.45,-4.87,-2.76
8.51,27.84,-4.99,-2.76
8.52,27.84,-5.10,-2.76
8.53,28.24,-5.18,-2.76
8.54,28.63,-5.23,-2.76
Pos externa recibida = -3.04
8.55,28.63,-5.27,-3.04
8.56,28.63,-5.30,-3.04
8.57,27.84,-5.32,-3.04
8.58,27.84,-5.37,-3.04
8.59,28.24,-5.44,-3.04
8.60,28.63,-5.52,-3.04
8.61,28.63,-5.60,-3.04
8.62,29.02,-5.66,-3.04
Pos externa recibida = -3.90
8.63,29.02,-5.70,-3.90
8.64,29.41,-5.73,-3.90
8.65,25.88,-5.76,-3.90
8.66,25.88,-5.79,-3.90
Pos externa recibida = -4.91
8.67,26.27,-5.84,-4.91
8.68,26.27,-5.90,-4.91
8.69,22.35,-5.97,-4.91
8.70,22.75,-6.07,-4.91
8.71,23.14,-6.17,-4.91
8.72,23.53,-6.27,-4.91
Pos externa recibida = -5.05
8.73,23.92,-6.36,-5.05
8.74,24.31,-6.42,-5.05
8.75,23.92,-6.48,-5.05
8.76,23.92,-6.52,-5.05
8.77,24.31,-6.56,-5.05
8.78,24.31,-6.60,-5.05
Pos externa recibida = -5.05
8.79,24.71,-6.68,-5.05
8.80,25.10,-6.79,-5.05
8.81,25.49,-6.89,-5.05
8.82,26.27,-7.01,-5.05
8.83,26.67,-7.12,-5.05
8.84,27.06,-7.23,-5.05
Pos externa recibida = -5.05
8.85,27.45,-7.33,-5.05
8.86,27.84,-7.45,-5.05
8.87,28.24,-7.54,-5.05
8.88,29.02,-7.70,-5.05
8.89,29.02,-7.70,-5.05
8.90,29.02,-7.76,-5.05
Pos externa recibida = -5.06
8.91,29.41,-7.81,-5.06
8.92,29.41,-7.86,-5.06
8.93,29.80,-7.93,-5.06
8.94,30.20,-8.01,-5.06
8.95,30.59,-8.11,-5.06
8.96,30.98,-8.20,-5.06
8.97,31.37,-8.30,-5.06
Pos externa recibida = -5.07
8.98,31.76,-8.41,-5.07
8.99,32.16,-8.55,-5.07
9.00,32.94,-8.72,-5.07
9.01,33.73,-8.89,-5.07
9.02,34.51,-9.12,-5.07
Pos externa recibida = -5.09
9.03,35.69,-9.38,-5.09
9.04,36.47,-9.57,-5.09
9.05,37.65,-9.98,-5.09
9.06,37.65,-9.98,-5.09
9.07,38.43,-10.08,-5.09
Pos externa recibida = -5.33
9.08,38.43,-10.17,-5.33
9.09,38.82,-10.20,-5.33
9.10,37.65,-10.23,-5.33
9.11,37.65,-10.25,-5.33
9.12,38.04,-10.27,-5.33
9.13,38.04,-10.29,-5.33
9.14,38.04,-10.32,-5.33
Pos externa recibida = -6.77
9.15,38.04,-10.35,-6.77
9.16,38.43,-10.40,-6.77
9.17,32.55,-10.46,-6.77
9.18,32.94,-10.54,-6.77
9.19,32.94,-10.60,-6.77
9.20,33.33,-10.64,-6.77
Pos externa recibida = -8.73
9.21,33.33,-10.66,-8.73
9.22,33.33,-10.67,-8.73
9.23,25.10,-10.67,-8.73
9.24,25.10,-10.69,-8.73
9.25,25.10,-10.70,-8.73
Pos externa recibida = -8.89
9.26,25.10,-10.72,-8.89
9.27,25.49,-10.73,-8.89
9.28,24.71,-10.74,-8.89
9.29,24.71,-10.75,-8.89
9.30,24.71,-10.77,-8.89
9.31,24.71,-10.78,-8.89
9.32,24.71,-10.78,-8.89
Pos externa recibida = -8.89
9.33,24.71,-10.79,-8.89
9.34,24.71,-10.79,-8.89
9.35,24.71,-10.79,-8.89
9.36,24.71,-10.79,-8.89
9.37,24.71,-10.78,-8.89
Pos externa recibida = -8.89
9.38,24.71,-10.78,-8.89
9.39,24.71,-10.78,-8.89
9.40,24.71,-10.77,-8.89
9.41,24.71,-10.76,-8.89
9.42,24.71,-10.75,-8.89
9.43,24.71,-10.73,-8.89
Pos externa recibida = -8.89
9.44,24.71,-10.73,-8.89
9.45,24.71,-10.72,-8.89
9.46,24.71,-10.70,-8.89
9.47,24.31,-10.66,-8.89
9.48,23.53,-10.50,-8.89
9.49,23.53,-10.50,-8.89
9.50,23.14,-10.40,-8.89
Pos externa recibida = -8.89
9.51,22.75,-10.28,-8.89
9.52,22.35,-10.16,-8.89
9.53,21.57,-10.03,-8.89
9.54,21.18,-9.89,-8.89
9.55,20.78,-9.76,-8.89
Pos externa recibida = -8.89
9.56,20.00,-9.62,-8.89
9.57,19.22,-9.49,-8.89
9.58,-7.06,-9.34,-8.89
9.59,-19.61,-9.23,-8.89
9.60,-20.00,-9.14,-8.89
9.61,-20.39,-9.07,-8.89
9.62,-20.39,-9.01,-8.89
9.63,-20.78,-8.96,-8.89
Pos externa recibida = -8.89
9.64,-20.78,-8.92,-8.89
9.65,-21.18,-8.87,-8.89
9.66,-21.18,-8.80,-8.89
9.67,-21.57,-8.71,-8.89
9.68,-21.96,-8.60,-8.89
9.69,-23.14,-8.33,-8.89
Pos externa recibida = -8.86
9.70,-23.14,-8.33,-8.86
9.71,-23.92,-8.17,-8.86
9.72,-24.31,-7.98,-8.86
9.73,-25.10,-7.81,-8.86
9.74,-25.88,-7.62,-8.86
9.75,-26.67,-7.44,-8.86
9.76,-27.45,-7.28,-8.86
9.77,-27.84,-7.13,-8.86
9.78,-28.24,-6.99,-8.86
9.79,-29.02,-6.85,-8.86
9.80,-29.41,-6.71,-8.86
9.81,-29.80,-6.60,-8.86
9.82,-30.20,-6.48,-8.86
Pos externa recibida = -8.56
9.83,-30.59,-6.38,-8.56
9.84,-31.37,-6.27,-8.56
9.85,-30.59,-6.15,-8.56
9.86,-31.37,-5.90,-8.56
Pos externa recibida = -8.42
9.87,-31.37,-5.90,-8.42
9.88,-31.76,-5.76,-8.42
9.89,-31.76,-5.62,-8.42
9.90,-32.55,-5.47,-8.42
9.91,-32.94,-5.34,-8.42
9.92,-33.73,-5.19,-8.42
Pos externa recibida = -8.42
9.93,-34.12,-5.04,-8.42
Pos externa recibida = -7.49
9.94,-34.90,-4.88,-7.49
9.95,-35.29,-4.72,-7.49
9.96,-32.16,-4.54,-7.49
9.97,-32.94,-4.37,-7.49
9.98,-33.73,-4.19,-7.49
Pos externa recibida = -4.95
9.99,-34.12,-4.03,-4.95
10.00,-34.90,-3.87,-4.95
10.01,-24.71,-3.72,-4.95
10.02,-25.49,-3.55,-4.95
10.03,-26.27,-3.40,-4.95
10.04,-26.67,-3.23,-4.95
10.05,-27.45,-3.06,-4.95
Pos externa recibida = -4.00
10.06,-28.24,-2.90,-4.00
10.07,-28.63,-2.76,-4.00
10.08,-25.49,-2.62,-4.00
10.09,-26.27,-Pos externa recibida = -4.05
2.33,-4.00
10.10,-26.27,-2.33,-4.05
10.11,-27.06,-2.20,-4.05
10.12,-27.84,-2.06,-4.05
10.13,-28.24,-1.92,-4.05
10.14,-29.02,-1.77,-4.05
10.15,-29.80,-1.53,-4.05
Pos externa recibida = -3.30
10.16,-29.80,-1.53,-3.30
10.17,-30.20,-1.42,-3.30
10.18,-27.45,-1.31,-3.30
10.19,-27.84,-1.20,-3.30
10.20,-28.24,-1.10,-3.30
10.21,-28.63,-1.01,-3.30
10.22,-29.41,-0.84,-3.30
Pos externa recibida = -1.41
10.23,-29.41,-0.84,-1.41
10.24,-29.80,-0.76,-1.41
10.25,-22.35,-0.67,-1.41
10.26,-22.75,-0.56,-1.41
10.27,-23.53,-0.34,-1.41
Pos externa recibida = -0.94
10.28,-23.53,-0.34,-0.94
10.29,-23.92,-0.21,-0.94
10.30,-22.75,-0.08,-0.94
10.31,-23.14,0.07,-0.94
10.32,-23.92,0.20,-0.94
10.33,-24.31,0.34,-0.94
10.34,-25.10,0.47,-0.94
Pos externa recibida = -0.85
10.35,-25.49,0.60,-0.85
10.36,-25.88,0.73,-0.85
10.37,-25.88,0.84,-0.85
10.38,-26.27,0.95,-0.85
10.39,-27.06,1.06,-0.85
10.40,-27.84,1.26,-0.85
Pos externa recibida = -0.82
10.41,-27.84,1.26,-0.82
10.42,-28.24,1.35,-0.82
10.43,-28.24,1.43,-0.82
10.44,-28.63,1.50,-0.82
10.45,-28.63,1.56,-0.82
10.46,-29.02,1.62,-0.82
Pos externa recibida = -0.77
10.47,-29.02,1.67,-0.77
10.48,-29.41,1.72,-0.77
10.49,-29.41,1.77,-0.77
10.50,-29.41,1.83,-0.77
10.51,-29.80,1.91,-0.77
10.52,-30.20,1.99,-0.77
Pos externa recibida = -0.74
10.53,-30.59,2.07,-0.74
10.54,-30.98,2.15,-0.74
10.55,-30.98,2.23,-0.74
10.56,-31.76,2.42,-0.74
10.57,-31.76,2.42,-0.74
10.58,-32.16,2.53,-0.74
Pos externa recibida = -0.60
10.59,-32.55,2.64,-0.60
10.60,-32.94,2.74,-0.60
10.61,-32.94,2.85,-0.60
10.62,-33.73,3.05,-0.60
10.63,-33.73,3.05,-0.60
10.64,-34.12,3.18,-0.60
10.65,-34.51,3.30,-0.60
10.66,-34.90,3.42,-0.60
10.67,-35.69,3.54,-0.60
10.68,-36.08,3.64,-0.60
10.69,-36.47,3.75,-0.60
10.70,-36.86,3.86,-0.60
10.71,-37.25,3.95,-0.60
10.72,-37.25,4.04,-0.60
10.73,-38.04,4.20,-0.60
10.74,-38.04,4.20,-0.60
10.75,-38.43,4.29,-0.60
Pos externa recibida = 0.59
10.76,-38.82,4.38,0.59
Pos externa recibida = 2.48
10.77,-39.22,4.48,2.48
Pos externa recibida = 2.81
10.78,-34.51,4.58,2.81
10.79,-27.06,4.68,2.81
10.80,-26.27,4.81,2.81
10.81,-26.67,4.94,2.81
10.82,-27.06,5.09,2.81
Pos externa recibida = 2.56
10.83,-27.84,5.23,2.56
10.84,-28.63,5.39,2.56
10.85,-30.20,5.53,2.56
10.86,-30.59,5.68,2.56
10.87,-31.37,5.82,2.56
10.88,-31.76,5.93,2.56
10.89,-32.16,6.02,2.56
Pos externa recibida = 3.47
10.90,-32.55,6.10,3.47
10.91,-32.55,6.16,3.47
10.92,-29.02,6.24,3.47
10.93,-29.41,6.34,3.47
10.94,-29.80,6.44,3.47
Pos externa recibida = 4.53
10.95,-30.59,6.55,4.53
10.96,-30.98,6.67,4.53
10.97,-27.06,6.79,4.53
10.98,-27.45,6.93,4.53
10.99,-27.84,7.05,4.53
11.00,-28.63,7.18,4.53
11.01,-29.02,7.31,4.53
Pos externa recibida = 5.58
11.02,-29.41,7.42,5.58
11.03,-26.27,7.66,5.58
11.04,-26.27,7.66,5.58
11.05,-26.67,7.77,5.58
11.06,-27.06,7.87,5.58
Pos externa recibida = 6.15
11.07,-27.45,7.98,6.15
11.08,-27.84,8.07,6.15
11.09,-25.88,8.17,6.15
11.10,-26.27,8.27,6.15
11.11,-26.67,8.34,6.15
11.12,-26.67,8.39,6.15
Pos externa recibida = 6.30
11.13,-27.06,8.43,6.30
11.14,-27.06,8.46,6.30
11.15,-26.67,8.49,6.30
11.16,-26.67,8.55,6.30
11.17,-27.06,8.60,6.30
Pos externa recibida = 6.31
11.18,-27.06,8.66,6.31
11.19,-27.45,8.73,6.31
11.20,-27.84,8.79,6.31
11.21,-27.84,8.85,6.31
11.22,-28.24,8.89,6.31
11.23,-28.24,8.91,6.31
11.24,-28.24,8.91,6.31
11.25,-28.24,8.91,6.31
11.26,-28.24,8.91,6.31
Pos externa recibida = 6.35
11.27,-28.24,8.91,6.35
11.28,-28.24,8.91,6.35
11.29,-27.84,8.91,6.35
Pos externa recibida = 6.56
11.30,-27.84,8.91,6.56
11.31,-27.84,8.91,6.56
11.32,-27.06,8.89,6.56
11.33,-26.67,8.85,6.56
11.34,-26.67,8.79,6.56
11.35,-26.27,8.71,6.56
11.36,-25.10,8.48,6.56
Pos externa recibida = 7.19
11.37,-25.10,8.48,7.19
11.38,-24.71,8.34,7.19
11.39,-21.57,8.20,7.19
11.40,-20.78,8.07,7.19
11.41,-14.12,7.71,7.19
Pos externa recibida = 7.20
11.42,-14.12,7.71,7.20
11.43,19.61,7.50,7.20
11.44,20.39,7.37,7.20
11.45,20.78,7.27,7.20
11.46,20.78,7.19,7.20
11.47,21.18,7.13,7.20
11.48,21.18,7.09,7.20
Pos externa recibida = 7.20
11.49,21.57,7.03,7.20
11.50,21.96,6.96,7.20
11.51,21.96,6.90,7.20
11.52,22.35,6.82,7.20
11.53,22.75,6.73,7.20
11.54,23.14,6.62,7.20
Pos externa recibida = 7.08
11.55,23.53,6.50,7.08
11.56,24.31,6.34,7.08
11.57,24.31,6.22,7.08
11.58,24.71,6.08,7.08
11.59,25.88,5.85,7.08
Pos externa recibida = 6.68
11.60,25.88,5.85,6.68
11.61,26.27,5.71,6.68
11.62,25.10,5.61,6.68
11.63,25.49,5.51,6.68
11.64,25.88,5.43,6.68
11.65,25.88,5.35,6.68
11.66,Pos externa recibida = 6.56
26.67,5.16,6.68
11.67,26.67,5.16,6.56
11.68,27.06,5.05,6.56
11.69,27.06,4.95,6.56
11.70,27.45,4.85,6.56
11.71,27.84,4.74,6.56
11.72,28.24,4.61,6.56
Pos externa recibida = 6.00
11.73,29.02,4.44,6.00
11.74,29.80,4.28,6.00
11.75,28.24,4.07,6.00
11.76,29.02,3.82,6.00
11.77,30.20,3.57,6.00
11.78,31.37,3.24,6.00
11.79,32.94,2.93,6.00
Pos externa recibida = 4.63
11.80,34.12,2.64,4.63
11.81,35.29,2.36,4.63
11.82,30.20,2.16,4.63
11.83,30.98,1.92,4.63
11.84,31.76,1.79,4.63
Pos externa recibida = 4.09
11.85,32.94,1.44,4.09
11.86,32.94,1.44,4.09
11.87,31.37,1.29,4.09
11.88,31.76,1.16,4.09
11.89,32.55,1.03,4.09
11.90,32.55,0.96,4.09
Pos externa recibida = 3.05
11.91,32.94,0.89,3.05
11.92,33.33,0.82,3.05
11.93,29.02,0.76,3.05
11.94,29.41,0.68,3.05
11.95,29.41,0.63,3.05
11.96,29.80,0.57,3.05
Pos externa recibida = 1.10
11.97,29.80,0.51,1.10
11.98,30.20,0.44,1.10
11.99,22.35,0.37,1.10
12.00,22.75,0.26,1.10
12.01,23.53,0.12,1.10
12.02,23.92,0.00,1.10
Pos externa recibida = 0.30
12.03,24.31,-0.14,0.30
12.04,25.10,-0.27,0.30
12.05,21.96,-0.40,0.30
12.06,22.75,-0.58,0.30
12.07,23.53,-0.71,0.30
12.08,23.92,-0.87,0.30
Pos externa recibida = 0.57
12.09,24.71,-1.02,0.57
12.10,25.49,-1.17,0.57
12.11,27.06,-1.30,0.57
12.12,27.45,-1.40,0.57
12.13,27.84,-1.48,0.57
12.14,27.84,-1.55,0.57
Pos externa recibida = 0.08
12.15,28.24,-1.62,0.08
12.16,28.63,-1.73,0.08
12.17,27.06,-1.85,0.08
12.18,27.84,-2.00,0.08
12.19,28.63,-2.20,0.08
12.20,29.41,-2.44,0.08
Pos externa recibida = -0.96
12.21,30.59,-2.71,-0.96
12.22,32.16,-3.06,-0.96
12.23,29.02,-3.39,-0.96
12.24,30.59,-3.77,-0.96
12.25,33.33,-4.44,-0.96
Pos externa recibida = -2.38
12.26,33.33,-4.44,-2.38
12.27,34.51,-4.72,-2.38
12.28,29.80,-5.00,-2.38
12.29,30.20,-5.13,-2.38
12.30,30.59,-5.28,-2.38
12.31,30.98,-5.35,-2.38
Pos externa recibida = 12.32,31.37,-5.48,-2.38
-2.56
12.33,31.37,-5.48,-2.56
12.34,31.76,-5.53,-2.56
12.35,30.98,-5.57,-2.56
12.36,31.37,-5.60,-2.56
12.37,31.37,-5.63,-2.56
12.38,31.37,-5.65,-2.56
12.39,31.37,-5.68,-2.56
12.40,31.37,-5.71,-2.56
Pos externa recibida = -2.93
12.41,31.76,-5.75,-2.93
12.42,31.76,-5.80,-2.93
12.43,30.59,-5.86,-2.93
12.44,30.98,-5.93,-2.93
12.45,31.37,-6.03,-2.93
Pos externa recibida = -4.16
12.46,31.76,-6.15,-4.16
12.47,32.16,-6.25,-4.16
12.48,27.45,-6.37,-4.16
12.49,27.84,-6.49,-4.16
12.50,28.63,-6.64,-4.16
12.51,29.41,-6.83,-4.16
12.52,29.80,-6.98,-4.16
Pos externa recibida = -5.41
12.53,30.59,-7.14,-5.41
12.54,30.98,-7.27,-5.41
12.55,26.27,-7.39,-5.41
12.56,27.06,-7.56,-5.41
Pos externa recibida = -5.83
12.57,27.06,-7.56,-5.83
12.58,27.45,-7.62,-5.83
12.59,25.88,-7.67,-5.83
12.60,25.88,-7.73,-5.83
12.61,26.27,-7.80,-5.83
12.62,26.67,-7.90,-5.83
Pos externa recibida = -5.84
12.63,27.06,-8.04,-5.84
12.64,27.84,-8.19,-5.84
12.65,28.63,-8.38,-5.84
12.66,29.41,-8.59,-5.84
12.67,30.20,-8.82,-5.84
12.68,32.55,-9.38,-5.84
Pos externa recibida = -5.87
12.69,32.55,-9.38,-5.87
12.70,33.73,-9.63,-5.87
12.71,34.90,-9.91,-5.87
12.72,35.69,-10.13,-5.87
12.73,36.47,-10.31,-5.87
12.74,36.86,-10.46,-5.87
12.75,37.25,-10.55,-5.87
Pos externa recibida = -5.92
12.76,37.25,-10.57,-5.92
12.77,37.25,-10.58,-5.92
12.78,36.86,-10.58,-5.92
12.79,36.86,-10.58,-5.92
12.80,36.86,-10.58,-5.92
12.81,36.86,-10.58,-5.92
Pos externa recibida = -6.70
12.82,36.86,-10.57,-6.70
12.83,36.86,-10.57,-6.70
12.84,33.33,-10.55,-6.70
12.85,33.33,-10.49,-6.70
Pos externa recibida = -8.28
12.86,33.33,-10.49,-8.28
12.87,32.94,-10.45,-8.28
12.88,26.27,-10.41,-8.28
12.89,25.88,-10.35,-8.28
12.90,25.10,-10.16,-8.28
12.91,25.10,-10.16,-8.28
12.92,24.71,-10.03,-8.28
12.93,23.92,-9.86,-8.28
Pos externa recibida = -8.90
12.94,23.14,-9.69,-8.90
12.95,22.35,-9.49,-8.90
12.96,-12.16,-9.26,-8.90
12.97,-20.00,-9.09,-8.90
Pos externa recibida = -8.92
12.98,-20.78,-8.92,-8.92
12.99,-21.18,-8.78,-8.92
13.00,-21.96,-8.66,-8.92
13.01,-21.96,-8.58,-8.92
13.02,-22.35,-8.50,-8.92
13.03,-22.75,-8.41,-8.92
13.04,-23.92,-8.13,-8.92
Pos externa recibida = -8.86
13.05,-23.92,-8.13,-8.86
13.06,-24.71,-7.92,-8.86
13.07,-25.49,-7.68,-8.86
13.08,-26.67,-7.40,-8.86
13.09,-29.02,-6.82,-8.86
Pos externa recibida = -8.67
13.10,-29.02,-6.82,-8.67
13.11,-30.20,-6.54,-8.67
13.12,-30.59,-6.28,-8.67
13.13,-31.37,-6.02,-8.67
13.14,-32.55,-5.80,-8.67
13.15,-34.12,-5.39,-8.67
13.16,-34.12,-5.39,-8.67
Pos externa recibida = -7.41
13.17,-34.90,-5.20,-7.41
13.18,-35.69,-5.00,-7.41
13.19,-30.98,-4.79,-7.41
13.20,-32.16,-4.57,-7.41
13.21,-32.94,-4.34,-7.41
13.22,-33.73,-4.11,-7.41
13.23,-34.90,-3.88,-7.41
Pos externa recibida = -5.79
13.24,-35.69,-3.64,-5.79
13.25,-36.47,-3.43,-5.79
13.26,-30.59,-3.21,-5.79
13.27,-31.76,-2.96,-5.79
13.28,-32.55,-2.74,-5.79
Pos externa recibida = -5.09
13.29,-33.33,-2.49,-5.09
13.30,-34.51,-2.24,-5.09
13.31,-32.55,-2.00,-5.09
13.32,-33.73,-1.73,-5.09
13.33,-34.51,-1.50,-5.09
13.34,-35.69,-1.26,-5.09
Pos externa recibida = -3.91
13.35,-36.47,-1.04,-3.91
13.36,-37.25,-0.83,-3.91
13.37,-32.94,-0.61,-3.91
13.38,-34.12,-0.40,-3.91
13.39,-34.90,-0.21,-3.91
13.40,-35.69,0.00,-3.91
Pos externa recibida = -1.76
13.41,-36.47,0.22,-1.76
13.42,-37.25,0.43,-1.76
13.43,-29.02,0.66,-1.76
13.44,-30.20,0.90,-1.76
13.45,-31.37,1.16,-1.76
13.46,-32.55,1.43,-1.76
Pos externa recibida = -0.54
13.47,-33.33,1.71,-0.54
13.48,-34.51,2.01,-0.54
13.49,-30.98,2.30,-0.54
13.50,-32.16,2.62,-0.54
13.51,-33.33,2.91,-0.54
13.52,-34.51,3.21,-0.54
Pos externa recibida = 0.07
13.53,-35.69,3.48,0.07
13.54,-36.47,3.74,0.07
13.55,-34.90,3.97,0.07
13.56,-35.69,4.17,0.07
13.57,-36.47,4.36,0.07
13.58,-38.04,4.69,0.07
Pos externa recibida = 1.35
13.59,-38.43,4.81,1.35
13.60,-38.43,4.81,1.35
13.61,-33.33,4.91,1.35
13.62,-33.73,5.04,1.35
13.63,-34.12,5.16,1.35
13.64,-34.90,5.28,1.35
Pos externa recibida = 3.16
13.65,-35.29,5.42,3.16
13.66,-36.08,5.56,3.16
13.67,-29.02,5.74,3.16
13.68,-29.80,5.91,3.16
13.69,-30.59,6.11,3.16
13.70,-31.37,6.32,3.16
Pos externa recibida = 4.89
13.71,-32.16,6.53,4.89
13.72,-32.94,6.73,4.89
13.73,-26.67,6.93,4.89
13.74,-27.45,7.10,4.89
13.75,-27.84,7.23,4.89
13.76,-28.63,7.40,4.89
Pos externa recibida = 5.37
13.77,-28.63,7.40,5.37
13.78,-28.63,7.42,5.37
13.79,-26.67,7.43,5.37
13.80,-26.67,7.42,5.37
13.81,-26.67,7.40,5.37
Pos externa recibida = 5.39
13.82,-26.67,7.40,5.39
13.83,-26.27,7.33,5.39
13.84,-26.27,7.33,5.39
13.85,-25.88,7.27,5.39
13.86,-25.49,7.17,5.39
13.87,-24.71,7.01,5.39
13.88,-23.92,6.84,5.39
Pos externa recibida = 5.42
13.89,-23.14,6.62,5.42
13.90,-21.96,6.38,5.42
13.91,-21.18,6.16,5.42
13.92,-20.00,5.91,5.42
13.93,5.10,5.66,5.42
13.94,20.39,Pos externa recibida = 5.43
5.32,5.42
13.95,20.39,5.32,5.43
13.96,21.18,5.17,5.43
13.97,21.57,5.04,5.43
13.98,21.96,4.98,5.43
13.99,22.35,4.93,5.43
14.00,22.75,4.83,5.43
Pos externa recibida = 5.42
14.01,22.75,4.83,5.42
14.02,22.75,4.78,5.42
14.03,23.14,4.69,5.42
14.04,23.53,4.57,5.42
14.05,24.31,4.39,5.42
14.06,25.10,4.20,5.42
Pos externa recibida = 5.29
14.07,26.27,3.92,5.29
14.08,27.45,3.59,5.29
14.09,28.63,3.21,5.29
14.10,30.20,2.84,5.29
14.11,31.76,2.46,5.29
14.12,32.94,2.15,5.29
14.13,34.12,1.86,5.29
Pos externa recibida = 4.43
14.14,34.90,1.67,4.43
14.15,35.69,1.44,4.43
14.16,32.55,1.29,4.43
14.17,32.94,1.23,4.43
14.18,33.33,1.17,4.43
Pos externa recibida = 4.16
14.19,33.33,1.14,4.16
14.20,33.33,1.12,4.16
14.21,32.16,1.09,4.16
14.22,32.16,1.06,4.16
14.23,32.55,1.04,4.16
14.24,32.55,1.00,4.16
Pos externa recibida = 2.85
14.25,32.55,0.96,2.85
14.26,32.94,0.91,2.85
14.27,27.84,0.83,2.85
14.28,28.24,0.71,2.85
14.29,28.63,0.61,2.85
14.30,29.02,0.49,2.85
14.31,29.41,0.37,2.85
Pos externa recibida = 0.56
14.32,29.80,0.25,0.56
14.33,30.59,0.13,0.56
14.34,21.18,0.04,0.56
14.35,22.35,-0.20,0.56
Pos externa recibida = 0.53
14.36,22.35,-0.20,0.53
14.37,22.75,-0.31,0.53
14.38,23.14,-0.46,0.53
14.39,23.92,-0.61,0.53
14.40,24.71,-0.82,0.53
14.41,24.71,-0.87,0.53
14.42,24.71,-0.87,0.53
Pos externa recibida = 0.38
14.43,25.10,-0.89,0.38
14.44,25.10,-0.91,0.38
14.45,24.31,-0.93,0.38
14.46,24.71,-0.97,0.38
14.47,24.71,-1.04,0.38
14.48,25.10,-1.14,0.38
Pos externa recibida = -0.43
14.49,25.88,-1.25,-0.43
14.50,26.27,-1.35,-0.43
14.51,23.14,-1.45,-0.43
14.52,23.53,-1.54,-0.43
14.53,23.92,-1.62,-0.43
14.54,24.31,-1.73,-0.43
Pos externa recibida = -1.27
14.55,24.71,-1.83,-1.27
14.56,25.10,-1.91,-1.27
14.57,21.96,-2.01,-1.27
14.58,22.35,-2.15,-1.27
14.59,23.14,-2.35,-1.27
14.60,24.31,-2.61,-1.27
Pos externa recibida = -0.94
14.61,25.88,-2.95,-0.94
14.62,27.45,-3.34,-0.94
14.63,30.20,-3.71,-0.94
14.64,31.76,-4.06,-0.94
14.65,32.94,-4.35,-0.94
14.66,33.73,-4.51,-0.94
Pos externa recibida = -1.41
14.67,33.73,-4.60,-1.41
14.68,34.12,-4.62,-1.41
14.69,31.76,-4.62,-1.41
14.70,31.76,-4.61,-1.41
14.71,31.76,-4.60,-1.41
14.72,31.76,-4.59,-1.41
Pos externa recibida = -2.50
14.73,31.76,-4.57,-2.50
14.74,31.37,-4.54,-2.50
14.75,26.67,-4.50,-2.50
14.76,26.67,-4.45,-2.50
14.77,26.27,-4.37,-2.50
14.78,25.88,-4.28,-2.50
Pos externa recibida = -4.08
14.79,25.49,-4.18,-4.08
14.80,25.10,-4.08,-4.08
14.81,-20.39,-3.97,-4.08
14.82,-20.39,-3.91,-4.08
14.83,Pos externa recibida = -4.69
-20.78,-3.84,-4.08
14.84,-21.18,-3.77,-4.69
14.85,-21.57,-3.70,-4.69
14.86,-24.31,-3.63,-4.69
14.87,-24.31,-3.57,-4.69
14.88,-24.71,-3.52,-4.69
14.89,-24.71,-3.46,-4.69
14.90,-25.10,-3.39,-4.69
Pos externa recibida = -3.68
14.91,-25.49,-3.31,-3.68
14.92,-25.88,-3.20,-3.68
14.93,-22.35,-3.06,-3.68
14.94,-22.75,-2.90,-3.68
14.95,-23.53,-2.74,-3.68
14.96,-24.31,-2.57,-3.68
Pos externa recibida = -3.42
14.97,-25.10,-2.39,-3.42
14.98,-25.49,-2.25,-3.42
14.99,-25.10,-2.11,-3.42
15.00,-25.49,-2.01,-3.42
15.01,-25.88,-1.91,-3.42
Pos externa recibida = -3.25
15.02,-25.88,-1.91,-3.25
15.03,-25.88,-1.91,-3.25
15.04,-25.10,-1.91,-3.25
15.05,-25.10,-1.90,-3.25
15.06,-25.10,-1.88,-3.25
15.07,-25.49,-1.84,-3.25
15.08,-25.49,-1.78,-3.25
Pos externa recibida = -2.09
15.09,-25.88,-1.73,-2.09
15.10,-25.88,-1.69,-2.09
15.11,-21.18,-1.64,-2.09
15.12,-21.57,-1.56,-2.09
15.13,-22.35,-1.32,-2.09
Pos externa recibida = -1.63
15.14,-22.35,-1.32,-1.63
15.15,-23.14,-1.16,-1.63
15.16,-21.96,-1.02,-1.63
15.17,-22.35,-0.86,-1.63
15.18,-23.14,-0.72,-1.63
15.19,-23.53,-0.57,-1.63
Pos externa recibida = -1.57
15.20,-23.92,-0.47,-1.57
15.21,-24.31,-0.42,-1.57
15.22,-23.92,-0.42,-1.57
15.23,-23.92,-0.45,-1.57
15.24,-23.53,-0.52,-1.57
15.25,-23.14,-0.61,-1.57
15.26,-22.75,-0.69,-1.57
Pos externa recibida = -1.23
15.27,-22.35,-0.79,-1.23
15.28,-21.96,-0.88,-1.23
15.29,-20.39,-0.96,-1.23
15.30,-20.00,-1.03,-1.23
15.31,-19.61,-1.10,-1.23
15.32,-17.65,-1.15,-1.23
Pos externa recibida = -0.56
15.33,-12.94,-1.18,-0.56
15.34,21.57,-1.19,-0.56
15.35,21.57,-1.19,-0.56
15.36,21.57,-1.15,-0.56
15.37,Pos externa recibida = -0.65
21.18,-1.11,-0.56
15.38,21.18,-1.08,-0.65
15.39,21.18,-1.04,-0.65
15.40,20.39,-1.02,-0.65
15.41,20.39,-0.99,-0.65
15.42,20.39,-0.95,-0.65
15.43,20.00,-0.90,-0.65
15.44,20.00,-Pos externa recibida = -1.20
0.84,-0.65
15.45,20.00,-0.84,-1.20
15.46,19.61,-0.83,-1.20
15.47,-20.78,-0.83,-1.20
15.48,-20.39,-0.89,-1.20
15.49,-20.00,-1.01,-1.20
15.50,-8.24,-1.18,-1.20
Pos externa recibida = -0.94
15.51,15.69,-1.30,-0.94
15.52,14.12,-1.29,-0.94
15.53,20.39,-1.27,-0.94
15.54,20.39,-1.24,-0.94
15.55,20.00,-1.20,-0.94
15.56,20.00,-1.18,-0.94
Pos externa recibida = -0.95
15.57,20.00,-1.16,-0.95
15.58,20.00,-1.14,-0.95
15.59,19.61,-1.13,-0.95
15.60,19.61,-1.12,-0.95
15.61,19.61,-1.11,-0.95
15.62,19.61,-1.11,-0.95
Pos externa recibida = -0.98
15.63,19.61,-1.10,-0.98
15.64,19.22,-1.09,-0.98
15.65,15.29,-1.08,-0.98
15.66,15.29,-1.08,-0.98
15.67,14.51,-1.08,-0.98
15.68,14.51,-1.08,-0.98
Pos externa recibida = -1.02
15.69,14.51,-1.08,-1.02
15.70,14.51,-1.08,-1.02
15.71,6.67,-1.08,-1.02
15.72,6.67,-1.08,-1.02
15.73,6.67,-1.08,-1.02
15.74,6.67,-1.08,-1.02
Pos externa recibida = -1.02
15.75,6.67,-1.08,-1.02
15.76,6.67,-1.08,-1.02
15.77,7.45,-1.08,-1.02
15.78,7.45,-1.08,-1.02
15.79,7.45,-1.08,-1.02
15.80,7.45,-1.08,-1.02
Pos externa recibida = -1.02
15.81,7.45,-1.08,-1.02
15.82,7.45,-1.08,-1.02
15.83,7.45,-1.08,-1.02
15.84,7.45,-1.08,-1.02
15.85,7.45,-1.08,-1.02
15.86,7.45,-1.08,-1.02
15.87,7.45,-1.08,-1.02
Pos externa recibida = -1.02
15.88,7.45,-1.08,-1.02
15.89,7.45,-1.08,-1.02
15.90,8.24,-1.08,-1.02
15.91,8.24,-1.08,-1.02
Pos externa recibida = -1.01
15.92,8.24,-1.08,-1.01
15.93,8.63,-1.08,-1.01
15.94,9.02,-1.08,-1.01
15.95,9.02,-1.08,-1.01
15.96,9.02,-1.08,-1.01
15.97,9.02,-1.08,-1.01
15.98,9.41,-1.08,-1.01
15.99,9.41,-1.08,-1.01
Pos externa recibida = -1.01
16.00,9.41,-1.08,-1.01
16.01,9.41,-1.08,-1.01
16.02,9.80,-1.08,-1.01
16.03,9.80,-1.08,-1.01
16.04,9.80,-1.08,-1.01
16.05,9.80,-1.08,-1.01
Pos externa recibida = -1.01
16.06,10.20,-1.08,-1.01
16.07,10.20,-1.08,-1.01
16.08,10.20,-1.08,-1.01
16.09,10.20,-1.08,-1.01
Pos externa recibida = -1.04
16.10,10.20,-1.08,-1.04
16.11,10.20,-1.08,-1.04
16.12,3.92,-1.08,-1.04
16.13,3.92,-1.08,-1.04
16.14,3.92,-1.08,-1.04
16.15,4.31,-1.08,-1.04
16.16,4.31,-1.08,-1.04
Pos externa recibida = -1.06
16.17,4.31,-1.08,-1.06
16.18,4.31,-1.08,-1.06
16.19,-1.96,-1.08,-1.06
16.20,-1.96,-1.08,-1.06
16.21,-1.96,-1.08,-1.06
16.22,-1.96,-1.08,-1.06
Pos externa recibida = -1.44
16.23,-1.57,-1.08,-1.44
16.24,-1.57,-1.08,-1.44
16.25,-20.78,-1.08,-1.44
16.26,-20.39,-1.12,-1.44
16.27,-20.00,-1.21,-1.44
16.28,-19.61,-1.29,-1.44
Pos externa recibida = -2.14
16.29,-19.22,-1.34,-2.14
16.30,-16.47,-1.37,-2.14
16.31,-22.35,-1.40,-2.14
16.32,-21.96,-1.45,-2.14
16.33,-21.57,-1.53,-2.14
Pos externa recibida = -3.12
16.34,-21.18,-1.65,-3.12
16.35,-23.92,-2.00,-3.12
16.36,-23.92,-2.00,-3.12
16.37,-23.14,-2.17,-3.12
16.38,-21.96,-2.40,-3.12
16.39,-21.18,-2.65,-3.12
16.40,-20.00,-2.91,-3.12
Pos externa recibida = -3.88
16.41,13.73,-3.19,-3.88
16.42,20.00,-3.34,-3.88
16.43,-21.57,-3.31,-3.88
16.44,-21.57,-3.29,-3.88
16.45,-21.18,-3.35,-3.88
16.46,-20.39,-3.55,-3.88
Pos externa recibida = -4.29
16.47,-20.39,-3.55,-4.29
16.48,-19.61,-3.70,-4.29
16.49,-21.18,-3.82,-4.29
16.50,-20.39,-3.92,-4.29
16.51,Pos externa recibida = -4.76
-20.00,-4.02,-4.29
16.52,-19.61,-4.12,-4.76
16.53,-3.92,-4.26,-4.76
16.54,-20.78,-4.33,-4.76
16.55,-20.78,-4.33,-4.76
16.56,-20.78,-4.33,-4.76
16.57,-20.78,-4.34,-4.76
16.58,-20.78,-4.34,-4.76
Pos externa recibida = -5.12
16.59,-20.78,-4.34,-5.12
16.60,-20.78,-4.34,-5.12
16.61,-22.35,-4.34,-5.12
16.62,-22.35,-4.34,-5.12
16.63,-22.35,-4.35,-5.12
16.64,-22.35,-4.35,-5.12
Pos externa recibida = -5.59
16.65,-22.35,-4.35,-5.59
16.66,-22.35,-4.35,-5.59
16.67,-24.31,-4.35,-5.59
16.68,-23.92,-4.36,-5.59
16.69,-23.92,-4.36,-5.59
16.70,-23.92,-4.37,-5.59
16.71,-23.92,-4.37,-5.59
Pos externa recibida = -5.95
16.72,-23.92,-4.38,-5.95
16.73,-23.92,-4.38,-5.95
16.74,-25.49,-4.38,-5.95
16.75,-25.49,-4.39,-5.95
16.76,-25.49,-4.40,-5.95
Pos externa recibida = -6.33
16.77,-25.10,-4.41,-6.33
16.78,-25.10,-4.41,-6.33
16.79,-26.67,-4.42,-6.33
16.80,-26.67,-4.44,-6.33
16.81,-26.67,-4.46,-6.33
16.82,-26.27,-4.51,-6.33
Pos externa recibida = -6.67
16.83,-25.88,-4.58,-6.67
16.84,-25.49,-4.70,-6.67
16.85,-26.27,-4.87,-6.67
16.86,-25.49,-5.07,-6.67
16.87,-24.31,-5.29,-6.67
16.88,-23.14,-5.57,-6.6Pos externa recibida = -7.11
7
16.89,-21.96,-5.86,-7.11
16.90,-20.78,-6.18,-7.11
16.91,-21.18,-6.50,-7.11
16.92,-20.00,-6.82,-7.11
16.93,19.61,-7.13,-7.11
16.94,20.39,-7.33,-7.11
Pos externa recibida = -7.43
16.95,20.39,-7.34,-7.43
16.96,20.39,-7.29,-7.43
16.97,-19.61,-7.21,-7.43
16.98,-19.61,-7.21,-7.43
16.99,-12.94,-7.27,-7.43
17.00,7.84,-7.37,-7.43
17.01,14.51,-7.41,-7.43
17.02,10.59,-7.39,-7.43
Pos externa recibida = -7.52
17.03,7.45,-7.37,-7.52
17.04,7.06,-7.37,-7.52
17.05,-11.37,-7.38,-7.52
Pos externa recibida = -7.43
17.06,-11.37,-7.38,-7.43
17.07,-10.59,-7.38,-7.43
17.08,8.24,-7.38,-7.43
17.09,8.24,-7.38,-7.43
17.10,7.84,-7.38,-7.43
17.11,7.84,-7.38,-7.43
17.12,7.45,-7.38,-7.43
Pos externa recibida = -7.15
17.13,7.45,-7.38,-7.15
17.14,7.45,-7.38,-7.15
17.15,20.39,-7.38,-7.15
17.16,20.39,-7.35,-7.15
17.17,20.00,-7.25,-7.15
Pos externa recibida = -6.67
17.18,20.00,-7.25,-6.67
17.19,17.65,-7.16,-6.67
17.20,20.78,-7.05,-6.67
17.21,20.39,-6.89,-6.67
17.22,-19.61,-6.44,-6.67
17.23,-19.61,-6.44,-6.67
17.24,-20.39,-6.33,-6.67
Pos externa recibida = -6.17
17.25,-20.00,-6.36,-6.17
17.26,-19.61,-6.44,-6.17
17.27,20.78,-6.55,-6.17
17.28,21.18,-6.58,-6.17
17.29,20.78,-6.50,-6.17
17.30,20.00,-6.31,-6.17
17.31,-7.84,-6.07,-6.17
Pos externa recibida = -5.49
17.32,-20.00,-5.88,-5.49
17.33,-20.00,-5.85,-5.49
17.34,21.18,-5.92,-5.49
17.35,21.18,-5.92,-5.49
17.36,20.78,-5.84,-5.49
17.37,20.39,-5.70,-5.49
Pos externa recibida = -4.75
17.38,-19.61,-5.28,-4.75
17.39,-19.61,-5.28,-4.75
17.40,21.18,-5.21,-4.75
17.41,21.18,-5.18,-4.75
17.42,20.78,-5.08,-4.75
17.43,20.00,-4.91,-4.75
17.44,-0.39,-4.70,-4.75
Pos externa recibida = -3.98
17.45,-20.00,-4.51,-3.98
17.46,-20.00,-4.45,-3.98
17.47,21.18,-4.45,-3.98
17.48,20.78,-4.38,-3.98
17.49,20.00,-4.20,-3.98
17.50,9.80,-3.98,-3.98
Pos externa recibida = -3.16
17.51,-20.00,-3.75,-3.16
17.52,-20.39,-3.62,-3.16
17.53,21.18,-3.65,-3.16
17.54,21.18,-3.63,-3.16
Pos externa recibida = -2.40
17.55,20.78,-3.54,-2.40
17.56,20.39,-3.43,-2.40
17.57,22.75,-3.26,-2.40
17.58,21.96,-3.02,-2.40
17.59,20.39,-2.72,-2.40
17.60,1.96,-2.37,-2.40
17.61,-20.39,-2.05,-2.40
Pos externa recibida = -1.63
17.62,-21.18,-1.87,-1.63
17.63,-21.18,-1.85,-1.63
17.64,20.39,-1.87,-1.63
17.65,20.00,-1.82,-1.63
17.66,17.65,-1.69,-1.63
Pos externa recibida = -0.79
17.67,-9.41,-1.55,-0.79
17.68,-19.61,-1.46,-0.79
17.69,22.35,-1.49,-0.79
17.70,21.96,-1.46,-0.79
17.71,21.57,-1.32,-0.79
17.72,20.39,Pos externa recibida = 0.05
-1.09,-0.79
17.73,15.29,-0.83,0.05
17.74,-20.00,-0.55,0.05
17.75,20.78,-0.38,0.05
17.76,20.78,-0.33,0.05
17.77,20.39,-0.24,0.05
17.78,-18.04,0.17,0.05
Pos externa recibida = 0.79
17.79,-18.04,0.17,0.79
17.80,-20.00,0.31,0.79
17.81,21.18,0.28,0.79
17.82,21.18,0.27,0.79
17.83,21.18,0.33,0.79
17.84,20.78,0.44,0.79
Pos externa recibida = 1.42
17.85,20.00,0.61,1.42
17.86,-9.41,0.86,1.42
17.87,20.78,1.03,1.42
17.88,20.39,1.16,1.42
17.89,17.25,1.34,1.42
17.90,-18.04,1.54,1.42
Pos externa recibida = 2.22
17.91,-19.61,1.60,2.22
17.92,-18.04,1.54,2.22
17.93,22.35,1.41,2.22
17.94,22.75,1.35,2.22
17.95,21.96,1.51,2.22
Pos externa recibida = 3.04
17.96,21.96,1.51,3.04
17.97,21.57,1.62,3.04
17.98,24.31,1.77,3.04
17.99,23.53,1.98,3.04
18.00,22.35,2.25,3.04
18.01,21.18,2.56,3.04
18.02,-20.00,3.26,3.04
Pos externa recibida = 3.71
18.03,-20.00,3.26,3.71
18.04,-20.78,3.49,3.71
18.05,20.00,3.50,3.71
18.06,20.00,3.51,3.71
18.07,19.61,3.57,3.71
Pos externa recibida = 3.93
18.08,5.88,3.68,3.93
18.09,-14.90,3.78,3.93
18.10,19.61,3.81,3.93
18.11,8.24,3.90,3.93
18.12,8.24,3.90,3.93
18.13,4.31,3.91,3.93
18.14,4.31,3.91,3.93
Pos externa recibida = 4.08
18.15,4.31,3.91,4.08
18.16,4.31,3.91,4.08
18.17,19.61,3.91,4.08
18.18,19.61,3.92,4.08
18.19,19.61,3.93,4.08
Pos externa recibida = 4.29
18.20,19.61,3.94,4.29
18.21,19.61,3.95,4.29
18.22,20.39,3.96,4.29
18.23,20.39,3.97,4.29
18.24,20.39,3.98,4.29
18.25,20.39,4.00,4.29
18.26,20.00,4.04,4.29
Pos externa recibida = 4.71
18.27,20.00,4.04,4.71
18.28,20.00,4.07,4.71
18.29,21.57,4.13,4.71
18.30,20.39,4.36,4.71
18.31,20.39,4.36,4.71
18.32,19.61,4.56,4.71
Pos externa recibida = 4.81
18.33,-12.16,4.76,4.81
18.34,-19.61,4.87,4.81
18.35,-10.20,4.84,4.81
18.36,3.14,4.78,4.81
18.37,6.27,4.77,4.81
18.38,6.27,4.77,4.81
18.39,6.27,4.77,4.81
18.40,6.27,4.77,4.81
Pos externa recibida = 4.39
18.41,6.27,4.77,4.39
18.42,6.27,4.77,4.39
18.43,-20.78,4.77,4.39
18.44,-20.39,4.74,4.39
Pos externa recibida = 3.40
18.45,-20.00,4.64,3.40
18.46,-16.47,4.47,3.40
18.47,-22.75,4.29,3.40
18.48,-21.96,4.11,3.40
18.49,-21.18,3.85,3.40
18.50,-19.61,3.56,3.40
Pos externa recibida = 1.95
18.51,19.61,3.24,1.95
18.52,20.78,3.03,1.95
18.53,-23.53,3.04,1.95
18.54,-23.53,3.05,1.95
18.55,-23.53,2.98,1.95
18.56,-22.75,2.83,1.95
Pos externa recibida = 0.57
18.57,-21.96,2.60,0.57
18.58,-20.78,2.34,0.57
18.59,-25.10,2.05,0.57
18.60,-23.92,1.71,0.57
18.61,-22.35,1.33,0.57
18.62,-20.39,0.92,0.57
Pos externa recibida = -0.67
18.63,15.69,0.51,-0.67
18.64,20.78,0.21,-0.67
18.65,-22.35,0.11,-0.67
18.66,-22.35,0.09,-0.67
18.67,-21.96,0.02,-0.67
18.68,-21.57,-0.06,-0.67
Pos externa recibida = -1.93
18.69,-21.18,-0.16,-1.93
18.70,-20.39,-0.31,-1.93
18.71,-23.92,-0.74,-1.93
18.72,-23.92,-0.74,-1.93
18.73,-22.75,-0.99,-1.93
18.74,-21.57,-1.32,-1.93
Pos externa recibida = -2.99
18.75,-20.00,-1.64,-2.99
18.76,17.25,-1.99,-2.99
18.77,-22.35,-2.20,-2.99
18.78,-21.96,-2.31,-2.99
18.79,-21.18,-2.48,-2.99
18.80,-20.39,-2.65,-2.99
18.81,-19.61,-2.83,-2.99
Pos externa recibida = -3.96
18.82,15.69,-3.04,-3.96
18.83,20.00,-3.13,-3.96
18.84,-22.75,-3.04,-3.96
18.85,-22.75,-2.99,-3.96
Pos externa recibida = -4.79
18.86,-22.75,-3.06,-4.79
18.87,-22.35,-3.13,-4.79
18.88,-25.49,-3.20,-4.79
18.89,-25.10,-3.28,-4.79
18.90,-24.71,-3.42,-4.79
18.91,-23.53,-3.63,-4.79
18.92,-22.75,-3.86,-4.79
18.93,-21.57,-4.10,-4.79
Pos externa recibida = -5.52
18.94,-20.78,-4.36,-5.52
18.95,-19.61,-4.57,-5.52
18.96,-21.96,-4.74,-5.52
18.97,-21.18,-4.91,-5.52
Pos externa recibida = -6.07
18.98,-20.78,-5.06,-6.07
18.99,-20.00,-5.19,-6.07
19.00,-21.96,-5.31,-6.07
19.01,-21.18,-5.46,-6.07
19.02,-20.39,-5.65,-6.07
19.03,-20.00,-5.82,-6.07
19.04,19.61,-6.13,-6.07
Pos externa recibida = -6.68
19.05,19.61,-6.13,-6.68
19.06,19.61,-6.14,-6.68
19.07,-21.18,-6.07,-6.68
19.08,-21.18,-6.08,-6.68
19.09,-20.78,-6.17,-6.68
19.10,-20.39,-6.28,-6.68
19.11,-20.00,-6.36,-6.68
Pos externa recibida = -7.29
19.12,-9.41,-6.57,-7.29
19.13,-9.41,-6.57,-7.29
19.14,-21.57,-6.67,-7.29
19.15,-20.78,-6.78,-7.29
Pos externa recibida = -7.65
19.16,-20.39,-6.89,-7.65
19.17,-20.00,-6.96,-7.65
19.18,-21.18,-7.03,-7.65
19.19,-21.18,-7.12,-7.65
19.20,-20.39,-7.24,-7.65
19.21,-19.61,-7.41,-7.65
19.22,-0.78,-7.58,-7.65
Pos externa recibida = -7.61
19.23,14.90,-7.66,-7.61
19.24,8.24,-7.62,-7.61
19.25,5.10,-7.56,-7.61
19.26,-6.67,-7.51,-7.61
19.27,-12.55,-7.48,-7.61
19.28,-12.55,-7.48,-7.61
19.29,-12.55,-7.48,-7.61
19.30,-12.55,-7.48,-7.61
19.31,-12.55,-7.48,-7.61
19.32,-12.94,-7.48,-7.61
19.33,-12.94,-7.48,-7.61
19.34,-12.94,-7.48,-7.61
19.35,-12.94,-7.48,-7.61
19.36,-12.94,-7.48,-7.61
19.37,-12.94,-7.48,-7.61
19.38,-13.33,-7.48,-7.61
19.39,-13.33,-7.48,-7.61
19.40,-13.33,-7.48,-7.61
19.41,-13.33,-7.48,-7.61
19.42,-13.33,-7.48,-7.61
19.43,-13.33,-7.48,-7.61
19.44,-13.33,-7.48,-7.61
Pos externa recibida = -7.08
19.45,-13.73,-7.48,-7.08
Pos externa recibida = -5.87
19.46,-13.73,-7.48,-5.87
Pos externa recibida = -4.15
19.47,21.18,-7.48,-4.15
Pos externa recibida = -2.91
19.48,25.88,-7.43,-2.91
19.49,32.55,-7.29,-2.91
19.50,36.47,-7.05,-2.91
19.51,32.16,-6.04,-2.91
Pos externa recibida = -1.72
19.52,32.16,-6.04,-1.72
19.53,29.41,-5.32,-1.72
19.54,30.98,-4.51,-1.72
19.55,27.06,-3.62,-1.72
19.56,23.14,-2.66,-1.72
19.57,-9.80,-1.68,-1.72
19.58,-23.14,-0.77,-1.72
Pos externa recibida = -0.32
19.59,-25.88,-0.08,-0.32
19.60,-27.45,0.30,-0.32
19.61,-21.96,0.38,-0.32
19.62,-21.57,0.28,-0.32
19.63,-20.78,0.10,-0.32
Pos externa recibida = 0.60
19.64,-20.00,-0.11,0.60
19.65,5.88,-0.34,0.60
19.66,23.92,-0.54,0.60
19.67,23.92,-0.56,0.60
19.68,23.53,-0.43,0.60
19.69,22.75,-0.23,0.60
19.70,21.57,0.04,0.60
Pos externa recibida = 1.54
19.71,20.00,0.38,1.54
19.72,-19.61,0.74,1.54
19.73,21.18,1.01,1.54
19.74,20.78,1.17,1.54
19.75,19.61,1.39,1.54
19.76,-15.69,1.62,1.54
Pos externa recibida = 2.34
19.77,-20.00,1.75,2.34
19.78,-20.00,1.72,2.34
19.79,21.96,1.63,2.34
19.80,21.96,1.60,2.34
19.81,21.96,1.67,2.34
19.82,21.18,1.80,2.34
Pos externa recibida = 3.35
19.83,20.39,2.00,3.35
19.84,19.22,2.21,3.35
19.85,22.75,2.44,3.35
19.86,21.57,2.72,3.35
19.87,20.39,3.02,3.35
19.88,-2.75,3.35,3.35
Pos externa recibida = 4.29
19.89,-20.39,3.62,4.29
19.90,-20.78,3.72,4.29
19.91,21.57,3.69,4.29
19.92,21.57,3.70,4.29
19.93,21.18,3.81,4.29
19.94,20.39,3.98,4.29
Pos externa recibida = 4.95
19.95,19.61,4.15,4.95
19.96,-12.16,4.33,4.95
19.97,20.78,4.48,4.95
19.98,20.78,4.56,4.95
19.99,20.39,4.63,4.95
20.00,20.00,4.70,4.95
Pos externa recibida = 5.44
20.01,19.61,4.79,5.44
20.02,1.18,4.92,5.44
20.03,20.78,5.03,5.44
20.04,20.39,5.13,5.44
20.05,20.00,5.23,5.44
20.06,18.43,5.31,5.44
20.07,4.71,5.40,5.44
Pos externa recibida = 5.39
20.08,-5.10,5.44,5.39
20.09,-4.31,5.44,5.39
20.10,-13.73,5.44,5.39
20.11,-10.98,5.42,5.39
20.12,-3.53,5.39,5.39
Pos externa recibida = 4.75
20.13,-3.53,5.39,4.75
20.14,-3.14,5.39,4.75
20.15,-21.96,5.39,4.75
20.16,-21.57,5.34,4.75
20.17,-21.18,5.20,4.75
20.18,-20.00,4.99,4.75
Pos externa recibida = 3.59
20.19,-4.31,4.76,3.59
20.20,20.00,4.56,3.59
20.21,-22.75,4.48,3.59
20.22,-22.75,4.45,3.59
20.23,-22.35,4.40,3.59
20.24,-22.35,4.32,3.59
Pos externa recibida = 2.02
20.25,-21.57,4.22,2.02
20.26,-21.18,4.07,2.02
20.27,-26.67,3.84,2.02
20.28,-25.49,3.56,2.02
20.29,-23.92,3.19,2.02
20.30,-22.35,2.78,2.02
Pos externa recibida = 0.47
20.31,-20.39,2.32,0.47
20.32,20.00,1.85,0.47
20.33,-23.53,1.50,0.47
20.34,-22.35,1.26,0.47
20.35,-21.18,1.00,0.47
20.36,-20.00,0.72,0.47
Pos externa recibida = -0.99
20.37,10.59,0.44,-0.99
20.38,20.00,0.23,-0.99
20.39,-23.92,0.19,-0.99
20.40,-23.92,0.14,-0.99
20.41,-23.14,0.01,-0.99
20.42,-22.35,-0.16,-0.99
Pos externa recibida = -2.37
20.43,-21.57,-0.38,-2.37
20.44,-20.39,-0.64,-2.37
20.45,-25.10,-0.89,-2.37
20.46,-23.92,-1.19,-2.37
20.47,-22.35,-1.53,-2.37
20.48,-20.78,-1.89,-2.37
Pos externa recibida = -3.85
20.49,-16.08,-2.25,-3.85
20.50,20.00,-2.60,-3.85
20.51,-23.53,-2.79,-3.85
20.52,-23.14,-2.86,-3.85
20.53,-22.35,-3.01,-3.85
20.54,-21.57,-3.19,-3.85
Pos externa recibida = -5.35
20.55,-20.78,-3.37,-5.35
20.56,-20.00,-3.57,-5.35
20.57,-25.49,-3.77,-5.35
20.58,-24.71,-3.96,-5.35
20.59,-23.53,-4.19,-5.35
20.60,-22.75,-4.45,-5.35
20.61,-21.57,-4.68,-5.35
Pos externa recibida = -6.79
20.62,-20.78,-4.90,-6.79
20.63,-20.00,-5.09,-6.79
20.64,-25.10,-5.26,-6.79
20.65,-24.31,-5.44,-6.79
20.66,-22.35,-5.94,-6.79
Pos externa recibida = -7.59
20.67,-22.35,-5.94,-7.59
20.68,-21.18,-6.24,-7.59
20.69,-23.14,-6.53,-7.59
20.70,-21.96,-6.84,-7.59
20.71,-20.78,-7.15,-7.59
20.72,-11.76,-7.47,-7.59
Pos externa recibida = -7.43
20.73,20.00,-7.73,-7.43
20.74,20.39,-7.81,-7.43
20.75,20.78,-7.73,-7.43
20.76,20.00,-7.57,-7.43
20.77,-5.10,-7.34,-7.43
Pos externa recibida = -6.36
20.78,-20.00,-7.16,-6.36
20.79,-20.00,-7.12,-6.36
20.80,22.75,-7.18,-6.36
20.81,22.75,-7.18,-6.36
20.82,22.35,-7.09,-6.36
20.83,21.57,-6.91,-6.36
20.84,20.39,-6.67,-6.36
Pos externa recibida = -4.85
20.85,15.69,-6.39,-4.85
20.86,23.53,-5.89,-4.85
20.87,23.53,-5.89,-4.85
20.88,23.14,-5.80,-4.85
20.89,22.35,-5.62,-4.85
20.90,21.18,-5.35,-4.85
Pos externa recibida = -3.10
20.91,20.00,-5.07,-3.10
20.92,-14.12,-4.74,-3.10
20.93,25.10,-4.48,-3.10
20.94,23.92,-4.23,-3.10
20.95,22.75,-3.91,-3.10
20.96,20.78,-3.51,-3.10
20.97,-0.78,-3.07,-3.10
20.98,-20.78,-2.65,-3.10
20.99,-21.96,-2.39,-3.10
21.00,-21.96,-2.35,-3.10
21.01,-21.57,-2.43,-3.10
21.02,-21.18,-2.53,-3.10
21.03,-20.78,-2.63,-3.10
21.04,-20.39,-2.76,-3.10
21.05,-19.61,-2.90,-3.10
21.06,7.06,-3.10,-3.10
21.07,10.98,-3.12,-3.10
21.08,10.98,-3.12,-3.10
21.09,-17.25,-2.97,-3.10
Pos externa recibida = -1.62
21.10,-19.61,-2.94,-1.62
Pos externa recibida = 0.26
21.11,-11.37,-3.01,0.26
Pos externa recibida = 2.10
21.12,25.10,-3.07,2.10
21.13,39.61,-2.82,2.10
Pos externa recibida = 3.66
21.14,39.61,-2.82,3.66
21.15,38.04,-2.45,3.66
21.16,42.35,-1.87,3.66
21.17,39.22,-1.13,3.66
21.18,35.29,-0.25,3.66
21.19,30.98,0.77,3.66
21.20,26.27,1.87,3.66
21.21,21.57,3.00,3.66
Pos externa recibida = 4.95
21.22,-21.18,4.11,4.95
21.23,-25.10,5.03,4.95
21.24,-21.96,5.63,4.95
21.25,-23.53,5.93,4.95
21.26,-23.53,5.94,4.95
Pos externa recibida = 5.93
21.27,-21.96,5.58,5.93
21.28,-21.96,5.58,5.93
21.29,21.57,5.33,5.93
21.30,22.35,5.16,5.93
21.31,21.96,5.18,5.93
21.32,21.96,5.22,5.93
Pos externa recibida = 6.82
21.33,21.57,5.28,6.82
21.34,21.18,5.36,6.82
21.35,24.71,5.48,6.82
21.36,23.92,5.64,6.82
21.37,22.75,5.89,6.82
21.38,21.57,6.16,6.82
Pos externa recibida = 7.02
21.39,20.39,6.48,7.02
21.40,-2.35,6.79,7.02
21.41,-17.65,7.07,7.02
21.42,-19.61,7.15,7.02
21.43,-17.25,7.06,7.02
21.44,14.51,6.90,7.02
Pos externa recibida = 5.84
21.45,19.61,6.84,5.84
21.46,13.33,6.91,5.84
21.47,-24.31,7.02,5.84
21.48,-23.92,7.01,5.84
21.49,-23.53,6.87,5.84
21.50,-22.75,6.70,5.84
Pos externa recibida = 4.05
21.51,-21.96,6.46,4.05
21.52,-20.39,6.16,4.05
21.53,-26.67,5.84,4.05
21.54,-25.10,5.47,4.05
21.55,-23.14,5.03,4.05
21.56,-21.18,4.55,4.05
Pos externa recibida = 2.29
21.57,-4.31,4.05,2.29
21.58,20.78,3.58,2.29
21.59,-23.14,3.27,2.29
21.60,-22.35,3.07,2.29
21.61,-21.18,2.83,2.29
21.62,-20.00,2.53,2.29
21.63,12.16,2.23,2.29
Pos externa recibida = 0.72
21.64,20.39,1.98,0.72
21.65,20.39,1.93,0.72
21.66,-24.71,2.01,0.72
21.67,-24.71,2.02,0.72
Pos externa recibida = -0.88
21.68,-23.92,1.89,-0.88
21.69,-23.14,1.73,-0.88
21.70,-29.02,1.53,-0.88
21.71,-27.84,1.23,-0.88
21.72,-26.27,0.87,-0.88
21.73,-24.31,0.44,-0.88
21.74,-22.35,-0.04,-0.88
Pos externa recibida = -2.47
21.75,-20.39,-0.53,-2.47
21.76,19.61,-0.98,-2.47
21.77,-23.92,-1.28,-2.47
21.78,-23.53,-1.34,-2.47
21.79,-23.14,-1.43,-2.47
21.80,-22.75,-1.54,-2.47
21.81,-22.35,-1.68,-2.47
Pos externa recibida = -3.78
21.82,-21.57,-1.87,-3.78
21.83,-20.78,-2.03,-3.78
21.84,-25.49,-2.19,-3.78
21.85,-24.71,-2.41,-3.78
Pos externa recibida = -5.15
21.86,-23.53,-2.68,-5.15
21.87,-22.35,-2.97,-5.15
21.88,-26.67,-3.30,-5.15
21.89,-25.10,-3.64,-5.15
21.90,-23.53,-4.01,-5.15
21.91,-21.96,-4.39,-5.15
21.92,-20.39,-4.74,-5.15
21.93,-9.02,-5.05,-5.15
21.94,20.00,-5.28,-5.15
Pos externa recibida = -6.09
21.95,20.00,-5.34,-6.09
21.96,20.00,-5.27,-6.09
21.97,-22.75,-5.15,-6.09
21.98,-23.14,-5.10,-6.09
21.99,-22.35,-5.25,-6.09
Pos externa recibida = -5.90
22.00,-22.35,-5.25,-5.90
22.01,-21.96,-5.38,-5.90
22.02,-20.39,-5.56,-5.90
22.03,-18.43,-5.73,-5.90
22.04,9.80,-5.88,-5.90
Pos externa recibida = -4.50
22.05,19.22,-5.96,-4.50
22.06,14.90,-5.91,-4.50
22.07,25.10,-5.84,-4.50
22.08,24.31,-5.70,-4.50
22.09,21.96,-5.15,-4.50
22.10,21.96,-5.15,-4.50
Pos externa recibida = -3.18
22.11,20.39,-4.79,-3.18
22.12,-10.98,-4.40,-3.18
22.13,21.57,-3.72,-3.18
22.14,21.57,-3.72,-3.18
22.15,20.00,-3.35,-3.18
22.16,-20.00,-2.94,-3.18
Pos externa recibida = -1.90
22.17,-21.18,-2.62,-1.90
22.18,-21.57,-2.53,-1.90
22.19,21.96,-2.56,-1.90
22.20,21.96,-2.52,-1.90
22.21,21.18,-2.37,-1.90
22.22,20.39,-2.18,-1.90
22.23,18.82,-1.97,-1.90
Pos externa recibida = -0.87
22.24,-19.61,-1.71,-0.87
22.25,-20.39,-1.57,-0.87
22.26,22.35,-1.61,-0.87
22.27,22.35,-1.61,-0.87
22.28,21.96,-1.56,-0.87
22.29,21.57,-1.48,-0.87
22.30,21.18,-1.36,-0.87
Pos externa recibida = -0.71
22.31,20.39,-1.19,-0.71
22.32,19.61,-0.98,-0.71
22.33,17.65,-0.78,-0.71
22.34,-19.61,-0.53,-0.71
Pos externa recibida = -0.37
22.35,-20.39,-0.37,-0.37
22.36,-20.00,-0.42,-0.37
22.37,20.00,-0.55,-0.37
22.38,20.00,-0.58,-0.37
22.39,19.61,-0.49,-0.37
22.40,7.06,-0.38,-0.37
22.41,-6.27,-0.32,-0.37
Pos externa recibida = -0.34
22.42,-7.06,-0.32,-0.34
22.43,-7.06,-0.32,-0.34
22.44,1.18,-0.32,-0.34
22.45,1.18,-0.32,-0.34
Pos externa recibida = -0.34
22.46,1.18,-0.32,-0.34
22.47,1.18,-0.32,-0.34
22.48,0.39,-0.32,-0.34
22.49,0.00,-0.32,-0.34
22.50,0.00,-0.32,-0.34
22.51,0.00,-0.32,-0.34
22.52,0.00,-0.32,-0.34
Pos externa recibida = -0.42
22.53,0.00,-0.32,-0.42
22.54,0.00,-0.32,-0.42
22.55,-15.69,-0.32,-0.42
22.56,-13.73,-0.33,-0.42
22.57,-10.59,-0.35,-0.42
22.58,-9.80,-0.35,-0.42
Pos externa recibida = -0.61
22.59,-9.02,-0.36,-0.61
22.60,-8.24,-0.36,-0.61
22.61,-20.00,-0.36,-0.61
22.62,-20.00,-0.40,-0.61
22.63,-16.47,-0.50,-0.61
22.64,1.57,-0.60,-0.61
Pos externa recibida = -0.88
22.65,0.78,-0.59,-0.88
22.66,0.78,-0.59,-0.88
22.67,-20.00,-0.59,-0.88
22.68,-20.00,-0.60,-0.88
22.69,-20.00,-0.60,-0.88
Pos externa recibida = -0.87
22.70,-20.00,-0.61,-0.87
22.71,-20.00,-0.61,-0.87
22.72,-20.00,-0.61,-0.87
22.73,-20.00,-0.61,-0.87
22.74,-20.00,-0.62,-0.87
22.75,-20.00,-0.62,-0.87
22.76,-20.00,-0.62,-0.87
22.77,-20.00,-0.63,-0.87
Pos externa recibida = -0.86
22.78,-20.00,-0.63,-0.86
22.79,-20.00,-0.63,-0.86
22.80,-20.00,-0.64,-0.86
22.81,-20.00,-0.64,-0.86
Pos externa recibida = -0.82
22.82,-20.00,-0.64,-0.82
22.83,-20.00,-0.65,-0.82
22.84,-19.61,-0.65,-0.82
22.85,-19.61,-0.65,-0.82
22.86,-19.61,-0.66,-0.82
22.87,-19.61,-0.66,-0.82
22.88,-19.61,-0.67,-0.82
22.89,-19.22,-0.68,-0.82
Pos externa recibida = -0.74
22.90,-19.22,-0.68,-0.74
22.91,-18.82,-0.68,-0.74
22.92,-5.88,-0.69,-0.74
22.93,-5.88,-0.69,-0.74
Pos externa recibida = -0.75
22.94,-5.88,-0.69,-0.75
22.95,-6.27,-0.69,-0.75
22.96,-7.06,-0.69,-0.75
22.97,-7.06,-0.69,-0.75
22.98,-7.06,-0.69,-0.75
22.99,-7.06,-0.69,-0.75
23.00,-7.06,-0.69,-0.75
Pos externa recibida = -0.75
23.01,-7.06,-0.69,-0.75
23.02,-7.06,-0.69,-0.75
23.03,-7.06,-0.69,-0.75
23.04,-7.06,-0.69,-0.75
23.05,-7.06,-0.69,-0.75
23.06,-7.06,-0.69,-0.75
Pos externa recibida = -0.75
23.07,-7.06,-0.69,-0.75
23.08,-7.06,-0.69,-0.75
23.09,-7.45,-0.69,-0.75
23.10,-7.45,-0.69,-0.75
23.11,-7.45,-0.69,-0.75
23.12,-7.45,-0.69,-0.75
23.13,-7.45,-0.69,-0.75
Pos externa recibida = -0.75
23.14,-7.45,-0.69,-0.75
23.15,-7.45,-0.69,-0.75
23.16,-8.24,-0.69,-0.75
23.17,Pos externa recibida = -0.75
-8.24,-0.69,-0.75
23.18,-8.24,-0.69,-0.75
23.19,-8.24,-0.69,-0.75
23.20,-8.24,-0.69,-0.75
23.21,-8.24,-0.69,-0.75
23.22,-8.24,-0.69,-0.75
23.23,-8.24,-0.69,-0.75
23.24,-8.24,-0.69,-0.75
23.25,-8.24,-0.69,-0.75
Pos externa recibida = -0.75
23.26,-8.24,-0.69,-0.75
23.27,-8.24,-0.69,-0.75
23.28,-8.24,-0.69,-0.75
23.29,-8.63,-0.69,-0.75
23.30,-8.63,-0.69,-0.75
Pos externa recibida = -0.75
23.31,-8.63,-0.69,-0.75
23.32,-8.63,-0.69,-0.75
23.33,-8.63,-0.69,-0.75
23.34,-8.63,-0.69,-0.75
23.35,-8.63,-0.69,-0.75
23.36,-9.41,-0.68,-0.75
23.37,-9.41,-0.68,-0.75
Pos externa recibida = -0.75
23.38,-11.37,-0.67,-0.75
23.39,-16.08,-0.65,-0.75
23.40,-19.61,-0.59,-0.75
23.41,-19.61,-0.56,-0.75
23.Pos externa recibida = -0.75
42,-19.61,-0.56,-0.75
23.43,-19.61,-0.56,-0.75
23.44,-19.61,-0.56,-0.75
23.45,-19.61,-0.56,-0.75
23.46,-19.61,-0.56,-0.75
23.47,-19.61,-0.56,-0.75
23.48,-19.61,-0.56,-0.75
Pos externa recibida = -0.75
23.49,-19.61,-0.56,-0.75
23.50,-19.61,-0.56,-0.75
23.51,-19.61,-0.56,-0.75
23.52,-19.61,-0.55,-0.75
23.53,-19.61,-0.55,-0.75
23.54,-19.61,-0.55,-0.75
23.55,-19.61,-0.55,-0.75
23.56,-19.61,-0.55,-0.75
23.57,-19.61,-0.55,-0.75
23.58,-19.61,-0.55,-0.75
23.59,-19.61,-0.56,-0.75
23.60,-19.61,-0.56,-0.75
23.61,-19.61,-0.56,-0.75
23.62,-19.61,-0.56,-0.75
23.63,-19.61,-0.56,-0.75
23.64,-19.61,-0.56,-0.75
23.65,-19.61,-0.56,-0.75
Pos externa recibida = -0.75
23.66,-19.61,-0.56,-0.75
23.67,-19.61,-0.57,-0.75
Pos externa recibida = -0.75
23.68,-19.61,-0.57,-0.75
Pos externa recibida = -0.75
23.69,-19.61,-0.57,-0.75
23.70,-19.61,-0.57,-0.75
23.71,-19.61,-0.58,-0.75
23.72,-19.61,-0.58,-0.75
Pos externa recibida = -0.75
23.73,-19.61,-0.58,-0.75
23.74,-19.61,-0.59,-0.75
23.75,-19.61,-0.59,-0.75
23.76,-19.61,-0.59,-0.75
23.77,-19.61,-0.59,-0.75
23.78,-19.61,-0.59,-0.75
Pos externa recibida = -0.75
23.79,-19.61,-0.59,-0.75
23.80,-19.61,-0.59,-0.75
23.81,-19.61,-0.59,-0.75
23.82,-19.61,-0.59,-0.75
23.83,-19.61,-0.59,-0.75
23.84,-19.61,-0.59,-Pos externa recibida = -0.75
0.78
23.85,-19.61,-0.59,-0.78
23.86,-19.61,-0.59,-0.78
23.87,-19.61,-0.59,-0.78
23.88,-19.61,-0.59,-0.78
23.89,-19.61,-0.59,-0.78
23.90,-19.61,-0.59,-0.78
23.91,-19.61,-0.59,-0.78
Pos externa recibida = -0.91
23.92,-19.61,-0.59,-0.91
23.93,-19.61,-0.59,-0.91
23.94,-20.39,-0.59,-0.91
23.95,-20.39,-0.59,-0.91
23.96,-20.39,-0.59,-0.91
Pos externa recibida = -1.27
23.97,-20.39,-0.59,-1.27
23.98,-20.39,-0.59,-1.27
23.99,-21.96,-0.59,-1.27
24.00,-21.96,-0.59,-1.27
24.01,-21.57,-0.59,-1.27
24.02,-21.96,-0.58,-1.27
Pos externa recibida = -2.74
24.03,-21.96,-0.58,-2.74
24.04,-21.96,-0.57,-2.74
24.05,-27.84,-0.57,-2.74
24.06,-27.84,-0.57,-2.74
24.07,-27.84,-0.57,-2.74
24.08,-27.84,-0.57,-2.74
Pos externa recibida = -4.18
24.09,-27.84,-0.57,-4.18
24.10,-27.84,-0.57,-4.18
24.11,-33.73,-0.57,-4.18
24.12,-33.73,-0.57,-4.18
24.13,-33.73,-0.57,-4.18
24.14,-33.73,-0.57,-4.18
Pos externa recibida = -5.15
24.15,-33.73,-0.57,-5.15
24.16,-33.73,-0.57,-5.15
24.17,-37.65,-0.58,-5.15
24.18,-37.65,-0.58,-5.15
24.19,-37.65,-0.59,-5.15
24.20,-37.25,-0.60,-5.15
Pos externa recibida = -6.09
24.21,-37.25,-0.60,-6.09
24.22,-37.25,-0.60,-6.09
24.23,-41.18,-0.60,-6.09
24.24,-41.18,-0.61,-6.09
24.25,-41.18,-0.62,-6.09
24.26,-40.78,-0.64,-6.09
Pos externa recibida = -7.44
24.27,-40.78,-0.65,-7.44
24.28,-40.78,-0.66,-7.44
24.29,-46.27,-0.67,-7.44
24.30,-46.27,-0.70,-7.44
24.31,-45.88,-0.73,-7.44
24.32,-45.88,-0.77,-7.44
24.33,-45.49,-0.81,-7.44
24.34,-45.10,-0.85,-7.44
Pos externa recibida = -8.64
24.35,-45.10,-0.88,-8.64
24.36,-44.71,-0.91,-8.64
24.37,-49.80,-0.93,-8.64
24.38,-49.41,-0.96,-8.64
24.39,-49.41,-1.01,-8.64
Pos externa recibida = -8.44
24.40,-49.02,-1.06,-8.44
24.41,-48.63,-1.10,-8.44
24.42,-47.84,-1.12,-8.44
24.43,-47.84,-1.12,-8.44
24.44,-47.84,-1.12,-8.44
Pos externa recibida = -4.74
24.45,-47.84,-1.11,-4.74
24.46,-47.84,-1.10,-4.74
24.47,-32.16,-1.10,-4.74
24.48,-32.16,-1.05,-4.74
24.49,-32.55,-0.99,-4.74
24.50,-32.94,-0.94,-4.74
Pos externa recibida = 0.10
24.51,-32.94,-0.92,0.10
24.52,-32.94,-0.91,0.10
24.53,25.49,-0.90,0.10
24.54,24.71,-0.76,0.10
24.55,23.53,-0.47,0.10
24.56,22.35,-0.21,0.10
24.57,21.57,0.01,0.10
24.58,20.78,0.15,0.10
24.59,20.78,0.19,0.10
24.60,20.78,0.19,0.10
24.61,20.78,0.19,0.10
24.62,20.78,0.19,0.10
24.63,20.78,0.19,0.10
24.64,20.78,0.19,0.10
24.65,20.78,0.20,0.10
24.66,20.39,0.20,0.10
24.67,20.39,0.21,0.10
24.68,20.39,0.21,0.10
24.69,20.39,0.22,0.10
24.70,20.39,0.22,0.10
24.71,20.39,0.24,0.10
24.72,20.39,0.24,0.10
24.73,20.39,0.25,0.10
24.74,20.39,0.25,0.10
24.75,20.00,0.26,0.10
24.76,20.00,0.26,0.10
Pos externa recibida = 0.60
24.77,20.00,0.27,0.60
Pos externa recibida = -1.05
24.78,20.00,0.27,-1.05
Pos externa recibida = -1.77
24.79,22.35,0.27,-1.77
Pos externa recibida = -0.90
24.80,-22.75,0.27,-0.90
Pos externa recibida = -0.20
24.81,-25.49,0.21,-0.20
24.82,-21.57,0.11,-0.20
24.83,19.61,0.03,-0.20
Pos externa recibida = 24.84,10.59,0.15,-0.20
-0.17
24.85,10.59,0.15,-0.17
24.86,3.92,0.18,-0.17
24.87,8.63,0.18,-0.17
24.88,7.84,0.18,-0.17
24.89,6.67,0.18,-0.17
24.90,6.67,0.18,-0.17
24.91,5.88,0.18,-0.17
24.92,4.71,0.18,-0.17
Pos externa recibida = -0.12
24.93,4.71,0.18,-0.12
24.94,4.31,0.18,-0.12
24.95,14.51,0.18,-0.12
24.96,12.55,0.19,-0.12
24.97,10.59,0.20,-0.12
Pos externa recibida = -0.16
24.98,9.41,0.20,-0.16
24.99,8.63,0.20,-0.16
25.00,-1.18,0.20,-0.16
25.01,-1.57,0.20,-0.16
25.02,-2.35,0.20,-0.16
25.03,-2.75,0.20,-0.16
Pos externa recibida = -0.16
25.04,-3.53,0.20,-0.16
25.05,-3.92,0.20,-0.16
25.06,-5.49,0.20,-0.16
25.07,-5.88,0.20,-0.16
25.08,-5.49,0.20,-0.16
25.09,-6.27,0.20,-0.16
25.10,-6.67,0.20,-0.16
Pos externa recibida = -0.16
25.11,-7.06,0.20,-0.16
25.12,-7.84,0.20,-0.16
25.13,-8.24,0.20,-0.16
25.14,-8.63,0.20,-0.16
25.15,-9.02,0.20,-0.16
Pos externa recibida = -0.15
25.16,-9.80,0.20,-0.15
25.17,-10.20,0.20,-0.15
25.18,-9.02,0.20,-0.15
25.19,-9.41,0.20,-0.15
25.20,-10.20,0.20,-0.15
25.21,-10.59,0.20,-0.15
Pos externa recibida = -0.15
25.22,-10.98,0.20,-0.15
25.23,-11.37,0.20,-0.15
25.24,-10.20,0.20,-0.15
25.25,-10.59,0.20,-0.15
25.26,-10.98,0.20,-0.15
25.27,-11.76,0.20,-0.15
Pos externa recibida = -0.14
25.28,-11.76,0.20,-0.14
25.29,-11.76,0.19,-0.14
25.30,-9.80,0.19,-0.14
25.31,-10.20,0.19,-0.14
25.32,-10.20,0.19,-0.14
25.33,-9.80,0.18,-0.14
Pos externa recibida = -0.14
25.34,-9.41,0.18,-0.14
25.35,-8.24,0.17,-0.14
25.36,-7.45,0.17,-0.14
25.37,-7.84,0.17,-0.14
25.38,-8.24,0.17,-0.14
25.39,-7.84,0.16,-0.14
25.40,-7.45,0.16,-0.14
Pos externa recibida = -0.13
25.41,-7.06,0.16,-0.13
25.42,-5.88,0.15,-0.13
25.43,-3.14,0.14,-0.13
25.44,-3.92,0.14,-0.13
25.45,-3.53,0.14,-0.13
Pos externa recibida = -0.13
25.46,-3.92,0.14,-0.13
25.47,-4.31,0.14,-0.13
25.48,-3.92,0.14,-0.13
25.49,-4.31,0.14,-0.13
25.50,-4.71,0.14,-0.13
25.Pos externa recibida = -0.13
51,-5.49,0.14,-0.13
25.52,-5.49,0.14,-0.13
25.53,-5.88,0.14,-0.13
25.54,-6.27,0.14,-0.13
25.55,-6.67,0.14,-0.13
25.Pos externa recibida = -0.13
56,-7.45,0.14,-0.13
25.57,-7.06,0.14,-0.13
25.58,-7.06,0.14,-0.13
25.59,-6.67,0.13,-0.13
25.60,-6.27,0.13,-0.13
25.61,-6.27,0.13,-0.13
25.62,-6.27,0.13,-0.13
25.63,-6.27,0.13,-0.13
25.64,-6.67,0.13,-0.13
Pos externa recibida = -0.13
25.65,-7.06,0.13,-0.13
25.66,-7.45,0.13,-0.13
25.67,-7.84,0.13,-0.13
25.68,-8.24,0.13,-0.13
25.69,-8.63,0.13,-0.13
25.70,-8.63,0.13,-0.13
Pos externa recibida = -0.13
25.71,-8.24,0.12,-0.13
25.72,-8.63,0.12,-0.13
25.73,-9.02,0.12,-0.13
25.74,-9.41,0.12,-0.13
25.75,-9.02,0.12,-0.13
Pos externa recibida = -0.13
25.76,-9.02,0.12,-0.13
25.77,-9.41,0.12,-0.13
25.78,-9.02,0.12,-0.13
25.79,-9.41,0.12,-0.13
25.80,-9.41,0.12,-0.13
25.81,-9.80,0.12,-0.13
Pos externa recibida = -0.13
25.82,-10.20,0.12,-0.13
25.83,-9.80,0.11,-0.13
25.84,-9.80,0.11,-0.13
25.85,-10.20,0.11,-0.13
25.86,-10.59,0.11,-0.13
25.87,-10.20,0.11,-0.13
25.88,-10.20,0.11,-0.13Pos externa recibida = -0.13
25.89,-10.59,0.11,-0.13
25.90,-10.98,0.11,-0.13
25.91,-10.98,0.11,-0.13
25.92,-11.37,0.11,-0.13
25.93,-11.37,0.11,-0.13
Pos externa recibida = -0.13
25.94,-11.76,0.11,-0.13
25.95,-12.16,0.11,-0.13
25.96,-11.37,0.10,-0.13
25.97,-11.76,0.10,-0.13
25.98,-11.37,0.10,-0.13
25.99,-11.37,0.10,-0.13
26.00,-10.98,0.10,-0.13
Pos externa recibida = -0.12
26.01,-10.59,0.09,-0.12
26.02,-9.41,0.09,-0.12
26.03,-8.24,0.08,-0.12
26.04,-7.84,0.08,-0.12
26.05,-7.45,0.08,-0.12
Pos externa recibida = -0.12
26.06,-6.67,0.07,-0.12
26.07,-7.06,0.07,-0.12
26.08,-6.67,0.07,-0.12
26.09,-5.88,0.07,-0.12
26.10,-6.27,0.07,-0.12
26.11,-6.67,0.07,-0.12
26.12,-6.67,0.07,-0.12
Pos externa recibida = -0.12
26.13,-7.06,0.07,-0.12
26.14,-7.06,0.07,-0.12
26.15,-7.45,0.07,-0.12
26.16,-7.84,0.07,-0.12
26.17,-7.84,0.07,-0.12
Pos externa recibida = -0.12
26.18,-8.24,0.07,-0.12
26.19,-8.24,0.07,-0.12
26.20,-8.63,0.07,-0.12
26.21,-8.63,0.07,-0.12
26.22,-9.02,0.07,-0.12
26.23,-9.41,0.07,-0.12
26.24,-9.41,0.07,-0.12
Pos externa recibida = -0.12
26.25,-9.80,0.07,-0.12
26.26,-9.80,0.07,-0.12
26.27,-10.20,0.07,-0.12
26.28,-10.20,0.07,-0.12
26.29,-10.20,0.07,-0.12
Pos externa recibida = -0.12
26.30,-10.59,0.07,-0.12
26.31,-10.59,0.07,-0.12
26.32,-10.98,0.07,-0.12
26.33,-10.98,0.07,-0.12
26.34,-11.37,0.07,-0.12
26.35,-11.37,0.07,-0.12
Pos externa recibida = -0.12
26.36,-11.76,0.07,-0.12
26.37,-10.98,0.06,-0.12
26.38,-11.37,0.06,-0.12
26.39,-10.59,0.06,-0.12
26.40,-10.98,0.06,-0.12
26.41,-10.59,0.06,-0.12
26.42,-9.80,0.05,-0.12
Pos externa recibida = -0.12
26.43,-9.41,0.05,-0.12
26.44,-9.02,0.05,-0.12
26.45,-9.02,0.05,-0.12
26.46,-9.02,0.05,-0.12
26.47,-9.41,0.05,-0.12
Pos externa recibida = -0.12
26.48,-9.41,0.05,-0.12
26.49,-9.80,0.05,-0.12
26.50,-9.80,0.05,-0.12
26.51,-10.20,0.05,-0.12
26.52,-10.20,0.05,-0.12
26.53,-10.20,0.05,-0.12
Pos externa recibida = -0.12
26.54,-10.59,0.05,-0.12
26.55,-10.59,0.05,-0.12
26.56,-10.98,0.05,-0.12
26.57,-10.98,0.05,-0.12
26.58,-10.98,0.05,-0.12
Pos externa recibida = -0.12
26.59,-11.37,0.05,-0.12
26.60,-11.37,0.05,-0.12
26.61,-11.37,0.05,-0.12
26.62,-11.76,0.05,-0.12
26.63,-11.76,0.05,-0.12
26.64,-11.76,0.05,-0.12
26.65,-12.16,0.05,-0.12
Pos externa recibida = -0.12
26.66,-12.16,0.05,-0.12
26.67,-12.16,0.05,-0.12
26.68,-12.55,0.05,-0.12
26.69,-12.55,0.05,-0.12
26.70,-12.55,0.05,-0.12
26.71,-12.94,0.05,-0.12
Pos externa recibida = -0.12
26.72,-12.94,0.05,-0.12
26.73,-12.94,0.05,-0.12
26.74,-12.94,0.05,-0.12
26.75,-13.33,0.05,-0.12
26.76,-13.33,0.05,-0.12
26.77,-13.33,0.05,-0.12
Pos externa recibida = -0.12
26.78,-13.33,0.05,-0.12
26.79,-13.73,0.05,-0.12
26.80,-13.33,0.05,-0.12
26.81,-13.33,0.05,-0.12
26.82,-13.33,0.05,-0.12
26.83,-13.33,0.05,-0.12
26.84,-13.73,0.05,-0.12
Pos externa recibida = -0.12
26.85,-13.73,0.05,-0.12
26.86,-13.73,0.05,-0.12
26.87,-13.73,0.05,-0.12
26.88,-14.12,0.05,-0.12
26.89,-13.33,0.04,-0.12
Pos externa recibida = -0.12
26.90,-13.33,0.04,-0.12
26.91,-13.73,0.04,-0.12
26.92,-13.73,0.04,-0.12
26.93,-13.73,0.04,-0.12
26.94,-13.73,0.04,-0.12
26.95,-14.12,0.04,-0.12
Pos externa recibida = -0.12
26.96,-14.12,0.04,-0.12
26.97,-14.12,0.04,-0.12
26.98,-14.12,0.04,-0.12
26.99,-14.51,0.04,-0.12
27.00,-14.51,0.04,-0.12
27.01,-14.51,0.04,-0.12
Pos externa recibida = -0.12
27.02,-14.51,0.04,-0.12
27.03,-14.51,0.04,-0.12
27.04,-14.12,0.04,-0.12
27.05,-14.12,0.04,-0.12
27.06,-14.12,0.04,-0.12
27.07,-14.51,0.04,-0.12
27.08,-14.51,0.04,-0.12
27.09,-14.51,0.04,-0.12
27.10,-14.51,0.04,-0.12
27.11,-14.51,0.04,-0.12
27.12,-14.90,0.04,-0.12
Pos externa recibida = -0.12
27.13,-14.90,0.04,-0.12
27.14,-14.90,0.04,-0.12
27.15,-14.90,0.04,-0.12
27.16,-14.90,0.04,-0.12
27.17,-14.90,0.04,-0.12
Pos externa recibida = 0.12
27.18,-15.29,0.04,0.12
27.19,-15.29,0.04,0.12
Pos externa recibida = 0.15
27.20,19.61,0.04,0.15
27.21,18.43,0.09,0.15
27.22,10.98,0.18,0.15
27.23,1.18,0.22,0.15
27.24,0.78,0.22,0.15
27.25,0.78,0.22,0.15
Pos externa recibida = 0.35
27.26,0.78,0.22,0.35
27.27,0.39,0.22,0.35
27.28,20.00,0.22,0.35
27.29,20.00,0.24,0.35
27.30,19.61,0.26,0.35
Pos externa recibida = 0.72
27.31,19.61,0.30,0.72
27.32,12.16,0.37,0.72
27.33,20.39,0.44,0.72
27.34,20.00,0.53,0.72
27.35,16.47,0.70,0.72
27.36,-19.22,0.90,0.72
27.37,-20.00,0.98,0.72
Pos externa recibida = 0.67
27.38,-19.61,0.94,0.67
27.39,-12.55,0.84,0.67
27.40,6.27,0.71,0.67
27.41,5.49,0.71,0.67
27.42,5.49,0.71,0.67
27.43,-5.10,0.76,0.67
Pos externa recibida = 0.83
27.44,-5.10,0.76,0.83
27.45,-5.10,0.76,0.83
27.46,19.61,0.76,0.83
27.47,18.82,0.78,0.83
27.48,15.29,0.82,0.83
27.49,11.76,0.84,0.83
Pos externa recibida = 0.72
27.50,11.76,0.84,0.72
27.51,11.37,0.84,0.72
27.52,-12.94,0.84,0.72
27.53,-9.02,0.82,0.72
27.54,-1.57,0.78,0.72
27.55,0.39,0.77,0.72
Pos externa recibida = 0.58
27.56,0.39,0.77,0.58
27.57,0.39,0.77,0.58
27.58,-19.61,0.77,0.58
27.59,-19.61,0.76,0.58
27.60,-19.22,0.75,0.58
27.61,-16.86,0.73,0.58
Pos externa recibida = 0.56
27.62,-16.47,0.72,0.56
27.63,-15.29,0.71,0.56
27.64,-15.69,0.69,0.56
27.65,-9.02,0.65,0.56
27.66,0.78,0.61,0.56
27.67,7.84,0.58,0.56
Pos externa recibida = 0.55
27.68,10.59,0.56,0.55
27.69,13.73,0.54,0.55
27.70,16.47,0.52,0.55
27.71,19.61,0.47,0.55
27.72,19.61,0.45,0.55
27.73,19.61,0.44,0.55
Pos externa recibida = 0.54
27.74,19.61,0.43,0.54
27.75,20.00,0.42,0.54
27.76,19.61,0.42,0.54
27.77,19.61,0.41,0.54
27.78,20.00,0.40,0.54
27.79,20.00,0.39,0.54
Pos externa recibida = 0.49
27.80,20.00,0.39,0.49
27.81,20.00,0.38,0.49
27.82,19.61,0.38,0.49
27.83,19.61,0.38,0.49
27.84,19.61,0.38,0.49
27.85,19.61,0.38,0.49
Pos externa recibida = 0.49
27.86,19.61,0.38,0.49
27.87,19.61,0.38,0.49
27.88,19.61,0.38,0.49
27.89,19.61,0.38,0.49
27.90,19.61,0.38,0.49
27.91,19.61,0.38,0.49
Pos externa recibida = 0.47
27.92,19.61,0.38,0.47
27.93,19.61,0.38,0.47
27.94,19.61,0.38,0.47
27.95,19.61,0.37,0.47
27.96,19.61,0.37,0.47
27.97,19.61,0.36,0.47
Pos externa recibida = 0.45
27.98,19.61,0.34,0.45
27.99,20.00,0.29,0.45
28.00,20.39,0.20,0.45
28.01,20.78,0.08,0.45
28.02,21.18,0.02,0.45
28.03,21.18,0.00,0.45
Pos externa recibida = 0.45
28.04,21.18,-0.01,0.45
28.05,21.18,-0.03,0.45
28.06,21.18,-0.04,0.45
28.07,21.18,-0.06,0.45
28.08,21.57,-0.09,0.45
Pos externa recibida = 0.47
28.09,21.57,-0.09,0.47
28.10,21.57,-0.11,0.47
28.11,21.57,-0.13,0.47
28.12,21.57,-0.14,0.47
28.13,21.96,-0.18,0.47
28.14,21.96,-0.18,0.47
28.15,21.96,-0.20,0.47
Pos externa recibida = 0.48
28.16,21.96,-0.22,0.48
28.17,21.96,-0.23,0.48
28.18,22.35,-0.26,0.48
28.19,22.35,-0.29,0.48
28.20,22.35,-0.33,0.48
28.21,22.75,-0.39,0.48
Pos externa recibida = 0.49
28.22,23.14,-0.49,0.49
28.23,23.53,-0.57,0.49
28.24,23.53,-0.59,0.49
28.25,23.53,-0.61,0.49
28.26,23.53,-0.63,0.49
28.27,23.92,-0.65,0.49
Pos externa recibida = 0.48
28.28,23.92,-0.68,0.48
28.29,23.92,-0.71,0.48
28.30,23.92,-0.74,0.48
28.31,24.31,-0.77,0.48
28.32,24.31,-0.82,0.48
Pos externa recibida = 0.49
28.33,24.31,-0.82,0.49
28.34,24.31,-0.86,0.49
28.35,24.71,-0.89,0.49
28.36,24.71,-0.94,0.49
28.37,25.10,-1.00,0.49
28.38,25.49,-1.09,0.49
28.39,25.88,-1.19,0.49
Pos externa recibida = 0.50
28.40,26.27,-1.25,0.50
28.41,26.27,-1.29,0.50
28.42,26.27,-1.32,0.50
28.43,26.67,-1.37,0.50
28.44,26.67,-1.43,0.50
28.45,27.06,-1.48,0.50
Pos externa recibida = 0.50
28.46,27.06,-1.52,0.50
28.47,27.45,-1.56,0.50
28.48,27.45,-1.62,0.50
28.49,27.84,-1.71,0.50
28.50,28.63,-1.84,0.50
28.51,28.63,-1.93,0.50
Pos externa recibida = 0.49
28.52,29.02,-2.01,0.49
28.53,29.80,-2.14,0.49
28.54,30.98,-2.51,0.49
28.55,30.98,-2.51,0.49
28.56,31.76,-2.69,0.49
28.57,32.55,-2.89,0.49
Pos externa recibida = 0.47
28.58,33.73,-3.16,0.47
28.59,34.12,-3.28,0.47
28.60,34.51,-3.34,0.47
28.61,34.51,-3.41,0.47
28.62,35.29,-3.56,0.47
28.63,36.08,-3.74,0.47
Pos externa recibida = 0.40
28.64,36.08,-3.83,0.40
28.65,36.47,-3.86,0.40
28.66,36.08,-3.89,0.40
28.67,36.08,-3.92,0.40
28.68,36.47,-3.95,0.40
28.69,36.47,-3.98,0.40
Pos externa recibida = 0.40
28.70,36.47,-4.01,0.40
28.71,36.47,-4.04,0.40
28.72,36.86,-4.08,0.40
28.73,36.86,-4.12,0.40
28.74,37.25,-4.29,0.40
Pos externa recibida = 0.37
28.75,37.25,-4.29,0.37
28.76,37.65,-4.33,0.37
28.77,37.65,-4.36,0.37
28.78,37.65,-4.39,0.37
28.79,38.04,-4.47,0.37
28.80,38.04,-4.47,0.37
28.81,38.04,-4.55,0.37
Pos externa recibida = 0.35
28.82,38.04,-4.55,0.35
28.83,38.43,-4.63,0.35
28.84,39.22,-4.80,0.35
28.85,39.61,-4.98,0.35
28.86,40.00,-5.01,0.35
28.87,40.00,-5.04,0.35
28.88,40.00,-5.09,0.35
28.89,40.39,-5.18,0.35
28.90,40.78,-5.28,0.35
Pos externa recibida = 0.29
28.91,41.18,-5.36,0.29
28.92,41.57,-5.47,0.29
28.93,41.57,-5.57,0.29
28.94,41.57,-5.61,0.29
Pos externa recibida = 0.23
28.95,41.96,-5.64,0.23
28.96,41.96,-5.68,0.23
28.97,41.96,-5.72,0.23
28.98,41.96,-5.76,0.23
28.99,42.35,-5.81,0.23
29.00,42.35,-5.86,0.23
Pos externa recibida = 0.24
29.01,42.35,-5.91,0.24
29.02,42.75,-5.97,0.24
29.03,43.14,-6.06,0.24
29.04,43.53,-6.15,0.24
29.05,43.53,-6.21,0.24
Pos externa recibida = 0.25
29.06,43.92,-6.26,0.25
29.07,43.92,-6.31,0.25
29.08,44.31,-6.40,0.25
29.09,44.71,-6.48,0.25
29.10,45.10,-6.57,0.25
29.11,45.49,-6.72,0.25
29.12,46.27,-6.92,0.25
29.13,46.67,-7.04,0.25
29.14,47.06,-7.11,0.25
29.15,47.45,-7.20,0.25
29.16,47.84,-7.33,0.25
29.17,48.63,-7.48,0.25
Pos externa recibida = 0.27
29.18,49.02,-7.60,0.27
29.19,49.02,-7.69,0.27
29.20,49.41,-7.77,0.27
29.21,49.80,-7.85,0.27
29.22,50.20,-7.97,0.27
29.23,50.98,-8.14,0.27
Pos externa recibida = 0.27
29.24,51.37,-8.27,0.27
Pos externa recibida = 0.26
29.25,51.76,-8.36,0.26
29.26,52.16,-8.45,0.26
29.27,52.55,-8.59,0.26
29.28,53.33,-8.80,0.26
29.29,55.29,-9.27,0.26
Pos externa recibida = 0.30
29.30,55.29,-9.27,0.30
29.31,56.08,-9.53,0.30
29.32,56.86,-9.62,0.30
29.33,56.86,-9.66,0.30
29.34,56.86,-9.71,0.30
29.35,57.25,-9.78,0.30
Pos externa recibida = 0.30
29.36,57.65,-9.88,0.30
29.37,57.65,-9.95,0.30
29.38,57.65,-9.97,0.30
29.39,57.65,-9.99,0.30
29.40,57.65,-10.00,0.30
29.41,57.65,-10.01,0.30
29.42,57.65,-10.02,0.30
Pos externa recibida = 0.26
29.43,57.65,-10.02,0.26
29.44,57.65,-10.02,0.26
29.45,57.25,-10.02,0.26
29.46,57.25,-10.02,0.26
Pos externa recibida = 0.22
29.47,57.25,-10.01,0.22
29.48,57.25,-9.99,0.22
29.49,56.86,-9.97,0.22
29.50,56.47,-9.94,0.22
29.51,56.47,-9.91,0.22
29.52,56.08,-9.86,0.22
29.53,55.69,-9.78,0.22
Pos externa recibida = 0.21
29.54,55.29,-9.67,0.21
29.55,54.51,-9.47,0.21
29.56,52.94,-9.14,0.21
29.57,51.37,-8.76,0.21
29.58,49.02,-8.28,0.21
29.59,46.67,-7.64,0.21
Pos externa recibida = 0.21
29.60,43.14,-6.86,0.21
29.61,39.22,-5.93,0.21
29.62,34.90,-4.87,0.21
29.63,30.20,-3.72,0.21
29.64,25.10,-2.54,0.21
Pos externa recibida = 0.19
29.65,20.39,-1.38,0.19
29.66,-22.35,-0.27,0.19
29.67,-29.02,1.28,0.19
29.68,-29.02,1.28,0.19
29.69,-29.80,1.53,0.19
29.70,-29.41,1.47,0.19
29.71,-28.63,1.24,0.19
Pos externa recibida = 0.20
29.72,-27.06,0.93,0.20
29.73,-25.49,0.52,0.20
29.74,-23.53,0.07,0.20
29.75,-21.57,-0.39,0.20
29.76,-19.22,-0.83,0.20
29.77,20.00,-1.21,0.20
Pos externa recibida = 0.27
29.78,20.78,-1.36,0.27
29.79,20.78,-1.32,0.27
29.80,20.78,-1.24,0.27
29.81,20.39,-1.12,0.27
29.82,20.00,-1.02,0.27
29.83,19.61,-0.95,0.27
29.84,13.73,-0.88,0.27
Pos externa recibida = 0.30
29.85,5.49,-0.83,0.30
29.86,5.88,-0.83,0.30
29.87,12.94,-0.83,0.30
29.88,13.73,-0.82,0.30
29.89,14.51,-0.82,0.30
Pos externa recibida = 0.27
29.90,15.29,-0.82,0.27
29.91,15.29,-0.81,0.27
29.92,9.80,-0.80,0.27
29.93,11.37,-0.80,0.27
29.94,12.1Pos externa recibida = 0.25
6,-0.80,0.27
29.95,13.33,-0.80,0.25
29.96,14.12,-0.80,0.25
29.97,10.98,-0.79,0.25
29.98,12.16,-0.79,0.25
29.99,12.94,-0.79,0.25
30.00,13.73,-0.78,0.25
30.01,14.12,-0.77,0.25
Pos externa recibida = 0.24
30.02,14.12,-0.77,0.24
30.03,14.51,-0.77,0.24
30.04,13.73,-0.76,0.24
30.05,14.12,-0.76,0.24
30.06,14.12,-0.75,0.24
30.07,14.51,-0.75,0.24
Pos externa recibida = 0.24
30.08,14.51,-0.74,0.24
30.09,14.12,-0.73,0.24
30.10,13.73,-0.72,0.24
30.11,13.33,-0.71,0.24
30.12,12.55,-0.70,0.24
30.13,11.76,-0.69,0.24
Pos externa recibida = 0.22
30.14,10.98,-0.68,0.22
30.15,10.20,-0.67,0.22
30.16,3.92,-0.66,0.22
30.17,5.49,-0.66,0.22
30.18,7.06,-0.66,0.22
30.19,7.45,-0.66,0.22
Pos externa recibida = 0.20
30.20,9.02,-0.66,0.20
30.21,9.41,-0.65,0.20
30.22,7.06,-0.65,0.20
30.23,8.24,-0.65,0.20
30.24,9.02,-0.65,0.20
Pos externa recibida = 0.17
30.25,9.41,-0.64,0.17
30.26,9.80,-0.64,0.17
30.27,3.53,-0.64,0.17
30.28,4.71,-0.64,0.17
30.29,6.27,-0.64,0.17
30.30,6.67,-0.63,0.17
30.31,7.84,-0.63,0.17
30.32,9.41,-0.63,0.17
Pos externa recibida = 0.10
30.33,9.41,-0.63,0.10
30.34,9.80,-0.62,0.10
30.35,-4.31,-0.62,0.10
30.36,-2.75,-0.62,0.10
30.37,-1.57,-0.62,0.10
Pos externa recibida = 0.04
30.38,-0.39,-0.62,0.04
30.39,0.78,-0.62,0.04
30.40,-11.76,-0.62,0.04
30.41,-10.59,-0.62,0.04
30.42,-9.41,-0.62,0.04
30.43,-8.24,-0.62,0.04
Pos externa recibida = 0.02
30.44,-7.06,-0.62,0.02
30.45,-5.88,-0.62,0.02
30.46,-9.41,-0.62,0.02
30.47,-8.24,-0.62,0.02
30.48,-7.06,-0.62,0.02
Pos externa recibida = -0.01
30.49,-5.88,-0.62,-0.01
30.50,-5.10,-0.62,-0.01
30.51,-11.37,-0.62,-0.01
30.52,-10.20,-0.62,-0.01
30.53,-9.02,-0.62,-0.01
30.54,-8.24,-0.62,-0.01
30.55,-7.06,-0.62,-0.01
Pos externa recibida = -0.04
30.56,-5.88,-0.62,-0.04
30.57,-5.10,-0.62,-0.04
30.58,-9.02,-0.62,-0.04
30.59,-8.24,-0.62,-0.04
30.60,-7.06,-0.62,-0.04
30.61,-6.27,-0.62,-0.04
30.62,-5.10,-0.62,-0.04
Pos externa recibida = -0.04
30.63,-3.92,-0.62,-0.04
30.64,-3.14,-0.62,-0.04
30.65,-1.96,-0.62,-0.04
30.66,-0.78,-0.62,-0.04
30.67,0.00,-0.62,-0.04
Pos externa recibida = -0.04
30.68,1.57,-0.62,-0.04
30.69,2.75,-0.62,-0.04
30.70,2.75,-0.62,-0.04
30.71,3.53,-0.62,-0.04
30.72,4.71,-0.62,-0.04
30.73,5.49,-0.62,-0.04
30.74,6.67,-0.62,-0.04
Pos externa recibida = -0.04
30.75,7.45,-0.62,-0.04
30.76,7.45,-0.62,-0.04
30.77,8.24,-0.62,-0.04
30.78,8.63,-0.61,-0.04
Pos externa recibida = -0.04
30.79,8.63,-0.61,-0.04
30.80,9.41,-0.61,-0.04
30.81,9.41,-0.61,-0.04
30.82,9.41,-0.60,-0.04
30.83,9.41,-0.60,-0.04
30.84,9.80,-0.60,-0.04
30.85,9.80,-0.59,-0.04
Pos externa recibida = -0.04
30.86,9.80,-0.59,-0.04
30.87,10.59,-0.59,-0.04
30.88,10.59,-0.59,-0.04
30.89,10.59,-0.58,-0.04
30.90,10.59,-0.58,-0.04
30.91,10.59,-0.58,-0.04
30.92,10.59,-0.57,-0.04
Pos externa recibida = -0.04
30.93,10.59,-0.57,-0.04
30.94,10.59,-0.57,-0.04
30.95,9.80,-0.56,-0.04
30.96,10.59,-0.56,-0.04
30.97,10.59,-0.56,-0.04
Pos externa recibida = -0.05
30.98,10.59,-0.56,-0.05
30.99,10.59,-0.55,-0.05
31.00,9.02,-0.55,-0.05
31.01,9.80,-0.55,-0.05
31.02,9.80,-0.54,-0.05
31.03,10.20,-0.54,-0.05
31.04,10.20,-0.54,-0.05
Pos externa recibida = -0.05
31.05,10.98,-0.54,-0.05
31.06,10.98,-0.54,-0.05
31.07,10.98,-0.53,-0.05
31.08,11.37,-0.53,-0.05
Pos externa recibida = -0.05
31.09,11.37,-0.53,-0.05
31.10,11.37,-0.53,-0.05
31.11,11.37,-0.53,-0.05
31.12,10.98,-0.52,-0.05
31.13,10.98,-0.52,-0.05
31.14,11.76,-0.52,-0.05
31.15,11.37,-0.52,-0.05
Pos externa recibida = -0.06
31.16,12.16,-0.52,-0.06
31.17,11.76,-0.51,-0.06
31.18,11.76,-0.51,-0.06
31.19,11.76,-0.51,-0.06
31.20,12.16,-0.51,-0.06
31.21,12.16,-0.51,-0.06
Pos externa recibida = -0.06
31.22,12.16,-0.50,-0.06
31.23,12.55,-0.50,-0.06
31.24,11.76,-0.50,-0.06
31.25,12.16,-0.50,-0.06
31.26,12.55,-0.50,-0.06
Pos externa recibida = -0.06
31.27,12.55,-0.50,-0.06
31.28,12.94,-0.50,-0.06
31.29,12.16,-0.49,-0.06
31.30,12.94,-0.49,-0.06
31.31,12.55,-0.49,-0.06
31.32,12.94,-0.49,-0.06
31.33,12.94,-0.49,-0.06
31.34,13.33,-0.49,-0.06
Pos externa recibida = -0.07
31.35,13.33,-0.48,-0.07
31.36,13.73,-0.48,-0.07
31.37,12.94,-0.48,-0.07
31.38,13.33,-0.48,-0.07
31.39,12.94,-0.47,-0.07
Pos externa recibida = -0.07
31.40,13.33,-0.47,-0.07
31.41,13.33,-0.47,-0.07
31.42,12.94,-0.47,-0.07
31.43,13.73,-0.47,-0.07
31.44,13.33,-0.47,-0.07
31.45,13.73,-0.47,-0.07
Pos externa recibida = -0.08
31.46,13.73,-0.46,-0.08
31.47,14.12,-0.46,-0.08
31.48,12.55,-0.46,-0.08
31.49,12.94,-0.46,-0.08
31.50,13.33,-0.46,-0.08
31.51,12.94,-0.46,-0.08
Pos externa recibida = -0.08
31.52,13.33,-0.46,-0.08
31.53,13.73,-0.46,-0.08
31.54,13.73,-0.45,-0.08
31.55,14.12,-0.45,-0.08
31.56,14.51,-0.45,-0.08
31.57,14.12,-0.45,-0.08
Pos externa recibida = -0.08
31.58,14.51,-0.45,-0.08
31.59,14.12,-0.45,-0.08
31.60,14.12,-0.45,-0.08
31.61,14.51,-0.45,-0.08
31.62,14.12,-0.44,-0.08
31.63,14.51,-0.44,-0.08
Pos externa recibida = -0.09
31.64,14.12,-0.44,-0.09
31.65,14.51,-0.44,-0.09
31.66,13.73,-0.44,-0.09
31.67,13.33,-0.44,-0.09
31.68,13.73,-0.44,-0.09
31.69,14.12,-0.44,-0.09
Pos externa recibida = -0.09
31.70,14.51,-0.44,-0.09
31.71,14.12,-0.43,-0.09
31.72,13.73,-0.43,-0.09
31.73,14.12,-0.43,-0.09
31.74,14.12,-0.43,-0.09
31.75,14.12,-0.43,-0.09
31.76,14.51,-0.43,-0.09
Pos externa recibida = -0.09
31.77,14.12,-0.43,-0.09
31.78,14.51,-0.43,-0.09
31.79,14.90,-0.43,-0.09
31.80,14.51,-0.42,-0.09
Pos externa recibida = -0.09
31.81,14.90,-0.42,-0.09
31.82,14.51,-0.42,-0.09
31.83,14.51,-0.42,-0.09
31.84,14.12,-0.42,-0.09
31.85,14.51,-0.42,-0.09
31.86,14.51,-0.42,-0.09
31.87,14.51,-0.41,-0.09
Pos externa recibida = -0.10
31.88,14.51,-0.41,-0.10
31.89,14.12,-0.41,-0.10
31.90,14.12,-0.41,-0.10
31.91,13.73,-0.40,-0.10
31.92,14.12,-0.40,-0.10
31.93,14.12,-0.40,-0.10
Pos externa recibida = -0.10
31.94,14.12,-0.40,-0.10
31.95,14.12,-0.40,-0.10
31.96,13.33,-0.40,-0.10
31.97,13.73,-0.40,-0.10
Pos externa recibida = 31.98,13.33,-0.39,-0.10
-0.10
31.99,13.33,-0.39,-0.10
32.00,13.73,-0.39,-0.10
32.01,14.12,-0.39,-0.10
32.02,13.73,-0.39,-0.10
32.03,13.73,-0.39,-0.10
32.04,13.73,-0.39,-0.10
32.05,13.73,-0.39,-0.10
32.06,13.33,-0.38,-0.10
32.07,13.73,-0.38,-0.10
32.08,13.33,-0.38,-0.10
32.09,13.73,-0.38,-0.10
32.10,13.73,-0.38,-0.10
32.11,13.73,-0.38,-0.10
32.12,13.73,-0.38,-0.10
32.13,13.33,-0.37,-0.10
32.14,13.73,-0.37,-0.10
32.15,13.33,-0.37,-0.10
Pos externa recibida = -0.10
32.16,13.73,-0.37,-0.10
32.17,13.33,-0.37,-0.10
Pos externa recibida = -0.10
32.18,12.94,-0.37,-0.10
Pos externa recibida = -0.11
32.19,12.55,-0.36,-0.11
32.20,12.55,-0.36,-0.11
32.21,12.16,-0.36,-0.11
32.22,12.55,-0.36,-0.11
32.23,12.16,-0.36,-0.11
32.24,12.55,-0.36,-0.11
Pos externa recibida = -0.11
32.25,12.16,-0.36,-0.11
32.26,12.16,-0.36,-0.11
32.27,11.76,-0.36,-0.11
32.28,11.76,-0.35,-0.11
Pos externa recibida = -0.11
32.29,11.76,-0.35,-0.11
32.30,11.76,-0.35,-0.11
32.31,11.37,-0.35,-0.11
32.32,11.76,-0.35,-0.11
32.33,11.76,-0.35,-0.11
32.34,11.37,-0.35,-0.11
32.35,11.76,-0.35,-0.11
Pos externa recibida = -0.11
32.36,11.76,-0.35,-0.11
32.37,11.37,-0.34,-0.11
32.38,11.76,-0.34,-0.11
32.39,11.37,-0.34,-0.11
32.40,11.37,-0.34,-0.11
32.41,11.76,-0.34,-0.11
Pos externa recibida = -0.11
32.42,11.37,-0.34,-0.11
32.43,11.37,-0.34,-0.11
32.44,10.98,-0.33,-0.11
32.45,11.37,-0.33,-0.11
32.46,10.98,-0.33,-0.11
32.47,10.98,-0.33,-0.11
Pos externa recibida = -0.11
32.48,10.59,-0.32,-0.11
32.49,10.98,-0.32,-0.11
32.50,10.98,-0.32,-0.11
32.51,10.59,-0.32,-0.11
32.52,10.59,-0.32,-0.11
32.53,10.20,-0.32,-0.11
32.54,10.59,-0.32,-0.11
32.55,10.59,-0.32,-0.11
32.56,10.20,-0.31,-0.11
Pos externa recibida = -0.11
32.57,10.59,-0.31,-0.11
32.58,9.80,-0.31,-0.11
32.59,10.20,-0.31,-0.11
Pos externa recibida = -0.11
32.60,9.80,-0.31,-0.11
32.61,9.80,-0.31,-0.11
32.62,10.20,-0.31,-0.11
32.63,9.41,-0.30,-0.11
32.64,9.80,-0.30,-0.11
32.65,9.80,-0.30,-0.11
32.66,9.41,-0.30,-0.11
32.67,9.80,-0.30,-0.11
32.68,9.02,-0.30,-0.11
32.69,9.41,-0.30,-0.11
32.70,9.41,-0.30,-0.11
32.71,9.02,-0.29,-0.11
32.72,9.41,-0.29,-0.11
32.73,8.63,-0.29,-0.11
32.74,8.24,-0.29,-0.11
32.75,8.24,-0.29,-0.11
32.76,8.63,-0.29,-0.11
32.77,8.63,-0.29,-0.11
32.78,8.24,-0.28,-0.11
32.79,7.84,-0.28,-0.11
32.80,7.84,-0.28,-0.11
Pos externa recibida = -0.11
32.81,8.24,-0.28,-0.11
32.82,8.24,-0.28,-0.11
Pos externa recibida = -0.11
32.83,7.84,-0.28,-0.11
32.84,7.84,-0.28,-0.11
32.85,8.24,-0.28,-0.11
32.86,7.45,-0.27,-0.11
32.87,7.84,-0.27,-0.11
32.88,7.84,-0.27,-0.11
Pos externa recibida = -0.11
32.89,8.24,-0.27,-0.11
Pos externa recibida = -0.11
32.90,7.45,-0.27,-0.11
32.91,7.84,-0.27,-0.11
32.92,7.84,-0.27,-0.11
32.93,7.45,-0.27,-0.11
32.94,7.45,-0.27,-0.11
Pos externa recibida = -0.11
32.95,7.45,-0.27,-0.11
32.96,7.84,-0.27,-0.11
32.97,7.06,-0.26,-0.11
32.98,7.45,-0.26,-0.11
32.99,7.45,-0.26,-0.11
33.00,7.06,-0.26,-0.11
33.01,7.06,-0.26,-0.11
33.02,7.45,-0.26,-0.11
33.03,7.45,-0.26,-0.11
33.04,7.06,-0.25,-0.11
33.05,7.06,-0.25,-0.11
33.06,7.06,-0.25,-0.11
33.07,7.45,-0.25,-0.11
33.08,6.67,-0.25,-0.11
33.09,7.06,-0.25,-0.11
33.10,7.06,-0.25,-0.11
33.11,7.06,-0.25,-0.11
33.12,7.45,-0.25,-0.11
33.13,6.67,-0.25,-0.11
33.14,7.06,-0.25,-0.11
33.15,7.06,-0.25,-0.11
Pos externa recibida = -0.11
33.16,7.45,-0.25,-0.11
33.17,7.45,-0.25,-0.11
Pos externa recibida = -0.11
33.18,6.67,-0.24,-0.11
Pos externa recibida = -0.11
33.19,7.06,-0.24,-0.11
Pos externa recibida = -0.11
33.20,7.06,-0.24,-0.11
Pos externa recibida = -0.11
33.21,7.06,-0.24,-0.11
33.22,7.45,-0.24,-0.11
33.23,6.67,-0.24,-0.11
33.24,7.06,-0.24,-0.11
Pos externa recibida = -0.11
33.25,7.06,-0.24,-0.11
33.26,7.06,-0.24,-0.11
33.27,6.67,-0.24,-0.11
33.28,6.67,-0.24,-0.11
33.29,7.06,-0.24,-0.11
33.30,7.06,-0.24,-0.11
Pos externa recibida = -0.11
33.31,7.06,-0.24,-0.11
33.32,7.45,-0.24,-0.11
33.33,6.67,-0.23,-0.11
33.34,6.67,-0.23,-0.11
33.35,7.06,-0.23,-0.11
33.36,7.06,-0.23,-0.11
33.37,7.06,-0.23,-0.11
Pos externa recibida = -0.11
33.38,7.45,-0.23,-0.11
33.39,6.67,-0.23,-0.11
33.40,6.67,-0.23,-0.11
33.41,7.06,-0.23,-0.11
Pos externa recibida = -0.11
33.42,7.06,-0.23,-0.11
33.43,7.06,-0.23,-0.11
33.44,6.67,-0.23,-0.11
33.45,6.67,-0.23,-0.11
33.46,6.67,-0.23,-0.11
33.47,7.06,-0.23,-0.11
33.48,7.06,-0.23,-0.11
33.49,7.06,-0.23,-0.11
Pos externa recibida = -0.11
33.50,6.67,-0.22,-0.11
33.51,6.67,-0.22,-0.11
33.52,6.67,-0.22,-0.11
33.53,7.06,-0.22,-0.11
33.54,7.06,-0.22,-0.11
Pos externa recibida = -0.11
33.55,7.06,-0.22,-0.11
33.56,7.06,-0.22,-0.11
33.57,6.67,-0.22,-0.11
33.58,6.67,-0.22,-0.11
33.59,6.67,-0.22,-0.11
33.60,7.06,-0.22,-0.11
Pos externa recibida = -0.11
33.61,7.06,-0.22,-0.11
33.62,7.06,-0.22,-0.11
33.63,7.06,-0.22,-0.11
33.64,6.67,-0.22,-0.11
33.65,6.67,-0.22,-0.11
33.66,6.67,-0.22,-0.11
33.67,7.06,-0.22,-0.11
33.68,7.06,-0.22,-0.11
33.69,7.06,-0.22,-0.11
33.70,6.27,-0.21,-0.11
33.71,6.67,-0.21,-0.11
33.72,6.67,-0.21,-0.11
33.73,6.67,-0.21,-0.11
33.74,6.67,-0.21,-0.11
33.75,7.06,-0.21,-0.11
33.76,7.06,-0.21,-0.11
33.77,6.27,-0.21,-0.11
33.78,6.27,-0.21,-0.11
33.79,6.67,-0.21,-0.11
33.80,6.67,-0.21,-0.11
33.81,6.67,-0.21,-0.11
Pos externa recibida = -0.11
33.82,7.06,-0.21,-0Pos externa recibida = -0.11
.11
33.83,7.06,-0.21,-0.11
Pos externa recibida = -0.11
33.84,7.06,-0.21,-0.11
33.85,7.06,-0.21,-0.11
33.86,6.27,-0.21,-0.11
33.87,6.67,-0.21,-0.11
33.88,6.67,-0.21,-0.11
33.89,6.67,-0.21,-0.11
Pos externa recibida = -0.11
33.90,6.67,-0.21,-0.11
33.91,7.06,-0.21,-0.11
33.92,7.06,-0.21,-0.11
33.93,7.06,-0.21,-0.11
33.94,7.06,-0.21,-0.11
Pos externa recibida = 33.95,6.67,-0.20,-0.11
-0.11
33.96,6.67,-0.20,-0.11
Pos externa recibida = -0.11
33.97,6.67,-0.20,-0.11
33.98,6.67,-0.20,-0.11
33.99,6.67,-0.20,-0.11
34.00,7.06,-0.20,-0.11
34.01,7.06,-0.20,-0.11
Pos externa recibida = -0.11
34.02,7.06,-0.20,-0.11
34.03,7.06,-0.20,-0.11
34.04,6.27,-0.20,-0.11
34.05,6.67,-0.20,-0.11
34.06,6.67,-0.20,-0.11
34.07,6.67,-0.20,-0.11
Pos externa recibida = -0.11
34.08,6.67,-0.20,-0.11
34.09,6.67,-0.20,-0.11
34.10,7.06,-0.20,-0.11
34.11,7.06,-0.20,-0.11
34.12,7.06,-0.20,-0.11
34.13,7.06,-0.20,-0.11
Pos externa recibida = -0.11
34.14,7.06,-0.20,-0.11
34.15,6.67,-0.20,-0.11
34.16,6.67,-0.20,-0.11
34.17,6.67,-0.20,-0.11
34.18,6.67,-0.20,-0.11
34.19,6.67,-0.20,-0.11
Pos externa recibida = -0.11
34.20,7.06,-0.20,-0.11
34.21,7.06,-0.20,-0.11
34.22,7.06,-0.20,-0.11
34.23,7.06,-0.20,-0.11
34.24,7.06,-0.20,-0.11
34.25,6.27,-0.19,-0.11
Pos externa recibida = -0.11
34.26,6.67,-0.19,-0.11
34.27,6.67,-0.19,-0.11
34.28,6.67,-0.19,-0.11
34.29,6.67,-0.19,-0.11
34.30,6.67,-0.19,-0.11
34.31,6.67,-0.19,-0.11
Pos externa recibida = -0.11
34.32,7.06,-0.19,-0.11
34.33,7.06,-0.19,-0.11
34.34,7.06,-0.19,-0.11
34.35,7.06,-0.19,-0.11
34.36,7.06,-0.19,-0.11
34.37,6.27,-0.19,-0.11
Pos externa recibida = -0.11
34.38,6.67,-0.19,-0.11
34.39,6.67,-0.19,-0.11
34.40,6.67,-0.19,-0.11
34.41,6.67,-0.19,-0.11
34.42,6.67,-0.19,-0.11
34.43,6.67,-0.19,-0.11
Pos externa recibida = -0.11
34.44,7.06,-0.19,-0.11
34.45,7.06,-0.19,-0.11
34.46,7.06,-0.19,-0.11
34.47,7.06,-0.19,-0.11
34.48,6.27,-0.19,-0.11
34.49,6.27,-0.19,-0.11
34.50,6.27,-0.19,-0.11
34.51,6.67,-0.19,-0.11
34.52,6.67,-0.19,-0.11
34.53,6.67,-0.19,-0.11
Pos externa recibida = -0.11
34.54,6.67,-0.19,-0.11
34.55,6.67,-0.19,-0.11
34.56,6.67,-0.19,-0.11
34.57,6.67,-0.19,-0.11
Pos externa recibida = -0.11
34.58,7.06,-0.19,-0.11
34.59,7.06,-0.19,-0.11
34.60,7.06,-0.19,-0.11
34.61,7.06,-0.19,-0.11
Pos externa recibida = -0.11
34.62,7.06,-0.19,-0.11
34.63,7.06,-0.19,-0.11
34.64,7.06,-0.19,-0.11
34.65,6.67,-0.18,-0.11
34.66,6.67,-0.18,-0.11
34.67,6.67,-0.18,-0.11
34.68,6.67,-0.18,-0.11
34.69,6.67,-0.18,-0.11
34.70,6.67,-0.18,-0.11
34.71,6.67,-0.18,-0.11
34.72,6.67,-0.18,-0.11
34.73,7.06,-0.18,-0.11
34.74,7.06,-0.18,-0.11
34.75,7.06,-0.18,-0.11
34.76,7.06,-0.18,-0.11
34.77,7.06,-0.18,-0.11
34.78,7.06,-0.18,-0.11
34.79,6.27,-0.18,-0.11
34.80,6.27,-0.18,-0.11
34.81,6.67,-0.18,-0.11
34.82,6.67,-0.18,-0.11
34.83,6.67,-0.18,-0.11
34.84,6.67,-0.18,-0.11
Pos externa recibida = -0.11
