Tiempo,Posicion,Velocidad,Step
0.016599178314208984,0.0,0.0,0.0
0.040833234786987305,0.0,0.0,0.0
0.05357003211975098,0.0,0.0,0.0
0.06731128692626953,0.0,0.0,0.0
0.07963156700134277,0.0,0.0,0.0
0.09311246871948242,0.0,0.0,0.0
0.1073298454284668,0.0,0.0,0.0
0.12113070487976074,0.0,0.0,0.0
0.13564682006835938,0.0,0.0,0.0
0.14874815940856934,0.0,0.0,0.0
0.16249608993530273,0.0,0.0,0.0
0.1757369041442871,0.0,0.0,0.0
0.18956279754638672,0.0,0.0,0.0
0.2030322551727295,0.0,0.0,0.0
0.2174854278564453,0.0,0.0,0.0
0.23308944702148438,0.0,0.0,0.0
0.24776721000671387,0.0,0.0,0.0
0.2624645233154297,0.0,0.0,0.0
0.2763843536376953,0.0,0.0,0.0
0.29300427436828613,0.0,0.0,0.0
0.3064861297607422,0.0,0.0,0.0
0.32190418243408203,0.0,0.0,0.0
0.33850932121276855,0.0,0.0,0.0
0.3547642230987549,0.0,0.0,0.0
0.3724334239959717,0.0,0.0,0.0
0.387134313583374,0.0,0.0,0.0
0.40177273750305176,0.0,0.0,0.0
0.41983699798583984,0.0,0.0,0.0
0.4382927417755127,0.0,0.0,0.0
0.45630693435668945,0.0,0.0,0.0
0.4756002426147461,0.0,0.0,0.0
0.4909040927886963,0.0,0.0,0.0
0.5056965351104736,0.0,0.0,0.0
0.5241289138793945,0.0,0.0,0.0
0.541318416595459,0.0,0.0,0.0
0.5578606128692627,0.0,0.0,0.0
0.5717678070068359,0.0,0.0,0.0
0.5849754810333252,0.0,0.0,0.0
0.6026885509490967,0.0,0.0,0.0
0.6186058521270752,0.0,0.0,0.0
0.6371252536773682,0.0,0.0,0.0
0.6541996002197266,0.0,0.0,0.0
0.6701595783233643,0.0,0.0,0.0
0.6849384307861328,0.0,0.0,0.0
0.6995668411254883,0.0,0.0,0.0
0.714094877243042,0.0,0.0,0.0
0.7285985946655273,0.0,0.0,0.0
0.7436959743499756,0.0,0.0,0.0
0.759138822555542,0.0,0.0,0.0
0.7738721370697021,0.0,0.0,0.0
0.7880594730377197,0.0,0.0,0.0
0.8049423694610596,0.0,0.0,0.0
0.8205397129058838,0.0,0.0,0.0
0.8372900485992432,0.0,0.0,0.0
0.8527889251708984,0.0,0.0,0.0
0.8677423000335693,0.0,0.0,0.0
0.8848559856414795,0.0,0.0,0.0
0.9001290798187256,0.0,0.0,0.0
0.9158539772033691,0.0,0.0,0.0
0.932762861251831,0.0,0.0,0.0
0.9468202590942383,0.0,0.0,0.0
0.9616472721099854,0.0,0.0,0.0
0.977407693862915,0.0,0.0,0.0
0.9922616481781006,0.0,0.0,0.0
1.007148027420044,0.0,0.0,0.0
1.0235564708709717,0.0,0.0,0.0
1.0388574600219727,0.0,0.0,0.0
1.0538311004638672,0.0,0.0,0.0
1.0675263404846191,0.0,0.0,0.0
1.0803492069244385,0.0,0.0,0.0
1.0936126708984375,0.0,0.0,0.0
1.1071906089782715,0.0,0.0,0.0
1.1220576763153076,0.0,0.0,0.0
1.1358067989349365,0.0,0.0,0.0
1.1490478515625,0.0,0.0,0.0
1.1628682613372803,0.0,0.0,0.0
1.1787834167480469,0.0,0.0,0.0
1.200493335723877,0.0,0.0,0.0
1.2149791717529297,0.0,0.0,0.0
1.2302653789520264,0.0,0.0,0.0
1.246980905532837,0.0,0.0,0.0
1.2762348651885986,0.0,0.0,0.0
1.3019130229949951,0.0,0.0,0.0
1.317673683166504,0.0,0.0,0.0
1.3324170112609863,0.0,0.0,0.0
1.3507299423217773,0.0,0.0,0.0
1.368833065032959,0.0,0.0,0.0
1.3898236751556396,0.0,0.0,0.0
1.4076604843139648,0.0,0.0,0.0
1.4299328327178955,0.0,0.0,0.0
1.451982021331787,0.0,0.0,0.0
1.471024990081787,0.0,0.0,0.0
1.4845538139343262,0.0,0.0,0.0
1.5005111694335938,0.0,0.0,0.0
1.5148980617523193,0.0,0.0,0.0
1.5288519859313965,0.0,0.0,0.0
1.5432047843933105,0.0,0.0,0.0
1.5583133697509766,0.0,0.0,0.0
1.5743050575256348,0.0,0.0,0.0
1.5883457660675049,0.0,0.0,0.0
1.603090524673462,0.0,0.0,0.0
1.61783766746521,0.0,0.0,0.0
1.6324665546417236,0.0,0.0,0.0
1.6470506191253662,0.0,0.0,0.0
1.664003849029541,0.0,0.0,0.0
1.6772425174713135,0.0,0.0,0.0
1.690751314163208,0.0,0.0,0.0
1.703988790512085,0.0,0.0,0.0
1.7173213958740234,0.0,0.0,0.0
1.730656385421753,0.0,0.0,0.0
1.74424147605896,0.0,0.0,0.0
1.757322072982788,0.0,0.0,0.0
1.771958827972412,0.0,0.0,0.0
1.7856504917144775,0.0,0.0,0.0
1.799469232559204,0.0,0.0,0.0
1.8132214546203613,0.0,0.0,0.0
1.8265955448150635,0.0,0.0,0.0
1.840146541595459,0.0,0.0,0.0
1.8532116413116455,0.0,0.0,0.0
1.8662493228912354,0.0,0.0,0.0
1.8793063163757324,0.0,0.0,0.0
1.8928859233856201,0.0,0.0,0.0
1.9060146808624268,0.0,0.0,0.0
1.9192533493041992,0.0,0.0,0.0
1.9339520931243896,0.0,0.0,0.0
1.9471046924591064,0.0,0.0,0.0
1.9604902267456055,0.0,0.0,0.0
1.9737744331359863,0.0,0.0,0.0
1.987281322479248,0.0,0.0,0.0
2.0010504722595215,0.0,0.0,0.0
2.014169931411743,0.0,0.0,0.0
2.030623435974121,0.0,0.0,0.0
2.0459725856781006,0.0,0.0,0.0
2.06343150138855,0.0,0.0,0.0
2.078197956085205,0.0,0.0,0.0
2.092480421066284,0.0,0.0,0.0
2.106828451156616,0.0,0.0,0.0
2.120640516281128,0.0,0.0,0.0
2.1372604370117188,0.0,0.0,0.0
2.150925397872925,0.0,0.0,0.0
2.165201425552368,0.0,0.0,0.0
2.1808907985687256,0.0,0.0,0.0
2.1977813243865967,0.0,0.0,0.0
2.2146356105804443,0.0,0.0,0.0
2.2296597957611084,0.0,0.0,0.0
2.2465436458587646,0.0,0.0,0.0
2.2642951011657715,0.0,0.0,0.0
2.283716917037964,0.0,0.0,0.0
2.3003106117248535,0.0,0.0,0.0
2.315109968185425,0.0,0.0,0.0
2.3292481899261475,0.0,0.0,0.0
2.348184108734131,0.0,0.0,0.0
2.3664257526397705,0.0,0.0,0.0
2.3809025287628174,0.0,0.0,0.0
2.3967392444610596,0.0,0.0,0.0
2.4124999046325684,0.0,0.0,0.0
2.428443670272827,0.0,0.0,0.0
2.442502021789551,0.0,0.0,0.0
2.4572277069091797,0.0,0.0,0.0
2.471590518951416,0.0,0.0,0.0
2.4880075454711914,0.0,0.0,0.0
2.5015461444854736,0.0,0.0,0.0
2.5176842212677,0.0,0.0,0.0
2.5317771434783936,0.0,0.0,0.0
2.5478622913360596,0.0,0.0,0.0
2.5660295486450195,0.0,0.0,0.0
2.5807790756225586,0.0,0.0,0.0
2.5960144996643066,0.0,0.0,0.0
2.6115646362304688,0.0,0.0,0.0
2.627528190612793,0.0,0.0,0.0
2.6441540718078613,0.0,0.0,0.0
2.6579654216766357,0.0,0.0,0.0
2.671290159225464,0.0,0.0,0.0
2.6865944862365723,0.0,0.0,0.0
2.700040817260742,0.0,0.0,0.0
2.7136728763580322,0.0,0.0,0.0
2.731205701828003,0.0,0.0,0.0
2.7454657554626465,0.0,0.0,0.0
2.7609522342681885,0.0,0.0,0.0
2.7762563228607178,0.0,0.0,0.0
2.7933120727539062,0.0,0.0,0.0
2.807150363922119,0.0,0.0,0.0
2.822800636291504,0.0,0.0,0.0
2.8358755111694336,0.0,0.0,0.0
2.849799156188965,0.0,0.0,0.0
2.8628571033477783,0.0,0.0,0.0
2.8779778480529785,0.0,0.0,0.0
2.8915586471557617,0.0,0.0,0.0
2.9052624702453613,0.0,0.0,0.0
2.9198989868164062,0.0,0.0,0.0
2.9330527782440186,0.0,0.0,0.0
2.946362257003784,0.0,0.0,0.0
2.9607653617858887,0.0,0.0,0.0
2.976362705230713,0.0,0.0,0.0
2.9912893772125244,0.0,0.0,0.0
3.008233070373535,0.0,0.0,0.0
3.024563789367676,0.0,0.0,0.0
3.0399248600006104,0.0,0.0,0.0
3.058563470840454,0.0,0.0,0.0
3.0741429328918457,0.0,0.0,0.0
3.088008403778076,0.0,0.0,0.0
3.102052688598633,0.0,0.0,0.0
3.1173787117004395,0.0,0.0,0.0
3.133225917816162,0.0,0.0,0.0
3.1482484340667725,0.0,0.0,0.0
3.163041591644287,0.0,0.0,0.0
3.1766762733459473,0.0,0.0,0.0
3.1906089782714844,0.0,0.0,0.0
3.203742265701294,0.0,0.0,0.0
3.2185280323028564,0.0,0.0,0.0
3.2353427410125732,0.0,0.0,0.0
3.252173662185669,0.0,0.0,0.0
3.2652463912963867,0.0,0.0,0.0
3.281423568725586,0.0,0.0,0.0
3.294569492340088,0.0,0.0,0.0
3.308588981628418,0.0,0.0,0.0
3.322648763656616,0.0,0.0,0.0
3.337236166000366,0.0,0.0,0.0
3.3548762798309326,0.0,0.0,0.0
3.3707916736602783,0.0,0.0,0.0
3.3869550228118896,0.0,0.0,0.0
3.4018118381500244,0.0,0.0,0.0
3.41687273979187,0.0,0.0,0.0
3.433960437774658,0.0,0.0,0.0
3.4480960369110107,0.0,0.0,0.0
3.4636728763580322,0.0,0.0,0.0
3.481032371520996,0.0,0.0,0.0
3.4974429607391357,0.0,0.0,0.0
3.512056589126587,0.0,0.0,0.0
3.5293378829956055,0.0,0.0,0.0
3.5431809425354004,0.0,0.0,0.0
3.5593717098236084,0.0,0.0,0.0
3.572511672973633,0.0,0.0,0.0
3.585481882095337,0.0,0.0,0.0
3.5989224910736084,0.0,0.0,0.0
3.6136932373046875,0.0,0.0,0.0
3.6279680728912354,0.0,0.0,0.0
3.6427230834960938,0.0,0.0,0.0
3.655933380126953,0.0,0.0,0.0
3.669163703918457,0.0,0.0,0.0
3.6828150749206543,0.0,0.0,0.0
3.697744846343994,0.0,0.0,0.0
3.711479902267456,0.0,0.0,0.0
3.7275726795196533,0.0,0.0,0.0
3.7413792610168457,0.0,0.0,0.0
3.7548987865448,0.0,0.0,0.0
3.7690699100494385,0.0,0.0,0.0
3.784986734390259,0.0,0.0,0.0
3.800384521484375,0.0,0.0,0.0
3.8145885467529297,0.0,0.0,0.0
3.829528331756592,0.0,0.0,0.0
3.8441193103790283,0.0,0.0,0.0
3.8588814735412598,0.0,0.0,0.0
3.873204231262207,0.0,0.0,0.0
3.8891053199768066,0.0,0.0,0.0
3.905095338821411,0.0,0.0,0.0
3.9200856685638428,0.0,0.0,0.0
3.9353644847869873,0.0,0.0,0.0
3.95196270942688,0.0,0.0,0.0
3.9685399532318115,0.0,0.0,0.0
3.984008550643921,0.0,0.0,0.0
3.9974868297576904,0.0,0.0,0.0
4.013584852218628,0.0,0.0,0.0
4.03057074546814,0.0,0.0,0.0
4.046808481216431,0.0,0.0,0.0
4.063402414321899,0.0,0.0,0.0
4.07748007774353,0.0,0.0,0.0
4.092001438140869,0.0,0.0,0.0
4.107512712478638,0.0,0.0,0.0
4.122326850891113,0.0,0.0,0.0
4.137079238891602,0.0,0.0,0.0
4.1515278816223145,0.0,0.0,0.0
4.16629433631897,0.0,0.0,0.0
4.179425239562988,0.0,0.0,0.0
4.193901777267456,0.0,0.0,0.0
4.20954704284668,0.0,0.0,0.0
4.223755598068237,0.0,0.0,0.0
4.2384562492370605,0.0,0.0,0.0
4.252697467803955,0.0,0.0,0.0
4.269282341003418,0.0,0.0,0.0
4.285337448120117,0.0,0.0,0.0
4.301483631134033,0.0,0.0,0.0
4.3158886432647705,0.0,0.0,0.0
4.331857442855835,0.0,0.0,0.0
4.348194360733032,0.0,0.0,0.0
4.362965822219849,0.0,0.0,0.0
4.376465082168579,0.0,0.0,0.0
4.393706560134888,0.0,0.0,0.0
4.407710075378418,0.0,0.0,0.0
4.4226906299591064,0.0,0.0,0.0
4.439560174942017,0.0,0.0,0.0
4.456482887268066,0.0,0.0,0.0
4.471310138702393,0.0,0.0,0.0
4.48740291595459,0.0,0.0,0.0
4.50307559967041,0.0,0.0,0.0
4.517275333404541,0.0,0.0,0.0
4.531263828277588,0.0,0.0,0.0
4.545447587966919,0.0,0.0,0.0
4.559564590454102,0.0,0.0,0.0
4.575026512145996,0.0,0.0,0.0
4.589367628097534,0.0,0.0,0.0
4.6039299964904785,0.0,0.0,0.0
4.619649648666382,0.0,0.0,0.0
4.634188175201416,0.0,0.0,0.0
4.64799427986145,0.0,0.0,0.0
4.661459922790527,0.0,0.0,0.0
4.675060510635376,0.0,0.0,0.0
4.688995599746704,0.0,0.0,0.0
4.703068494796753,0.0,0.0,0.0
4.7173426151275635,0.0,0.0,0.0
4.7319629192352295,0.0,0.0,0.0
4.746075630187988,0.0,0.0,0.0
4.761404991149902,0.0,0.0,0.0
4.775382041931152,0.0,0.0,0.0
4.789180278778076,0.0,0.0,0.0
4.801501274108887,0.0,0.0,0.0
4.814997911453247,0.0,0.0,0.0
4.828608751296997,0.0,0.0,0.0
4.841978311538696,0.0,0.0,0.0
4.8574135303497314,0.0,0.0,0.0
4.870562314987183,0.0,0.0,0.0
4.886034727096558,0.0,0.0,0.0
4.8990325927734375,0.0,0.0,0.0
4.912097692489624,0.0,0.0,0.0
4.928882122039795,0.0,0.0,0.0
4.941544055938721,0.0,0.0,0.0
4.954760551452637,0.0,0.0,0.0
4.96834135055542,0.0,0.0,0.0
4.982174396514893,0.0,0.0,0.0
4.997791051864624,0.0,0.0,0.0
5.012304306030273,0.0,0.0,0.0
5.030342102050781,0.0,0.0,0.0
5.044024229049683,0.0,0.0,0.0
5.061254262924194,0.0,0.0,0.0
5.074467420578003,0.0,0.0,0.0
5.088037014007568,0.0,0.0,0.0
5.103082895278931,0.0,0.0,0.0
5.118700981140137,0.0,0.0,0.0
5.133163690567017,0.0,0.0,0.0
5.146897792816162,0.0,0.0,0.0
5.161308526992798,0.0,0.0,0.0
5.175849199295044,0.0,0.0,0.0
5.1902406215667725,0.0,0.0,0.0
5.204705238342285,0.0,0.0,0.0
5.219033718109131,0.0,0.0,0.0
5.235159635543823,0.0,0.0,0.0
5.252926349639893,0.0,0.0,0.0
5.268009901046753,0.0,0.0,0.0
5.286383628845215,0.0,0.0,0.0
5.304703950881958,0.0,0.0,0.0
5.317670583724976,0.0,0.0,0.0
5.334212303161621,0.0,0.0,0.0
5.34831976890564,0.0,0.0,0.0
5.364793539047241,0.0,0.0,0.0
5.379592657089233,0.0,0.0,0.0
5.395015001296997,0.0,0.0,0.0
5.410035610198975,0.0,0.0,0.0
5.424849271774292,0.0,0.0,0.0
5.439254522323608,0.0,0.0,0.0
5.452963352203369,0.0,0.0,0.0
5.465608596801758,0.0,0.0,0.0
5.480670928955078,0.0,0.0,0.0
5.495104551315308,0.0,0.0,0.0
5.511995792388916,0.0,0.0,0.0
5.527310848236084,0.0,0.0,0.0
5.5399088859558105,0.0,0.0,0.0
5.552773714065552,0.0,0.0,0.0
5.5664873123168945,0.0,0.0,0.0
5.580265998840332,0.0,0.0,0.0
5.593197345733643,0.0,0.0,0.0
5.606455326080322,0.0,0.0,0.0
5.620823383331299,0.0,0.0,0.0
5.635020017623901,0.0,0.0,0.0
5.649901866912842,0.0,0.0,0.0
5.6629533767700195,0.0,0.0,0.0
5.676028490066528,0.0,0.0,0.0
5.689283132553101,0.0,0.0,0.0
5.702004432678223,0.0,0.0,0.0
5.716341495513916,0.0,0.0,0.0
5.731574296951294,0.0,0.0,0.0
5.746884822845459,0.0,0.0,0.0
5.7629311084747314,0.0,0.0,0.0
5.779733180999756,0.0,0.0,0.0
5.797033309936523,0.0,0.0,0.0
5.811970233917236,0.0,0.0,0.0
5.828692436218262,0.0,0.0,0.0
5.845168113708496,0.0,0.0,0.0
5.859567403793335,0.0,0.0,0.0
5.875062465667725,0.0,0.0,0.0
5.891725063323975,0.0,0.0,0.0
5.90717887878418,0.0,0.0,0.0
5.922883033752441,0.0,0.0,0.0
5.938429594039917,0.0,0.0,0.0
5.953779697418213,0.0,0.0,0.0
5.9691503047943115,0.0,0.0,0.0
5.984766483306885,0.0,0.0,0.0
6.000251770019531,0.0,0.0,0.0
6.017041444778442,0.0,0.0,0.0
6.03253436088562,0.0,0.0,0.0
6.045656442642212,0.0,0.0,0.0
6.0587780475616455,0.0,0.0,0.0
6.073823928833008,0.0,0.0,0.0
6.087638854980469,0.0,0.0,0.0
6.1019206047058105,0.0,0.0,0.0
6.118059158325195,0.0,0.0,0.0
6.139009237289429,0.0,0.0,0.0
6.152241945266724,0.0,0.0,0.0
6.165660619735718,0.0,0.0,0.0
6.185635328292847,0.0,0.0,0.0
6.205820560455322,0.0,0.0,0.0
6.2223663330078125,0.0,0.0,0.0
6.23781418800354,0.0,0.0,0.0
6.252429962158203,0.0,0.0,0.0
6.2679266929626465,0.0,0.0,0.0
6.2854437828063965,0.0,0.0,0.0
6.2999653816223145,0.0,0.0,0.0
6.316950798034668,0.0,0.0,0.0
6.3330183029174805,0.0,0.0,0.0
6.346425533294678,0.0,0.0,0.0
6.35970664024353,0.0,0.0,0.0
6.37300705909729,0.0,0.0,0.0
6.3872106075286865,0.0,0.0,0.0
6.401615142822266,0.0,0.0,0.0
6.415519952774048,0.0,0.0,0.0
6.429614067077637,0.0,0.0,0.0
6.442770481109619,0.0,0.0,0.0
6.455858945846558,0.0,0.0,0.0
6.468912839889526,0.0,0.0,0.0
6.483355522155762,0.0,0.0,0.0
6.497871160507202,0.0,0.0,0.0
6.511798143386841,0.0,0.0,0.0
6.526544809341431,0.0,0.0,0.0
6.541499853134155,0.0,0.0,0.0
6.555188894271851,0.0,0.0,0.0
6.570327043533325,0.0,0.0,0.0
6.586678743362427,0.0,0.0,0.0
6.602282524108887,0.0,0.0,0.0
6.617838144302368,0.0,0.0,0.0
6.633535861968994,0.0,0.0,0.0
6.649084091186523,0.0,0.0,0.0
6.663585186004639,0.0,0.0,0.0
6.676848888397217,0.0,0.0,0.0
6.690171718597412,0.0,0.0,0.0
6.703233242034912,0.0,0.0,0.0
6.716507911682129,0.0,0.0,0.0
6.73043155670166,0.0,0.0,0.0
6.743202447891235,0.0,0.0,0.0
6.755996465682983,0.0,0.0,0.0
6.76915717124939,0.0,0.0,0.0
6.782580375671387,0.0,0.0,0.0
6.796077489852905,0.0,0.0,0.0
6.811163663864136,0.0,0.0,0.0
6.828554391860962,0.0,0.0,0.0
6.844145774841309,0.0,0.0,0.0
6.859883069992065,0.0,0.0,0.0
6.8756632804870605,0.0,0.0,0.0
6.8891050815582275,0.0,0.0,0.0
6.902727365493774,0.0,0.0,0.0
6.917147636413574,0.0,0.0,0.0
6.931823492050171,0.0,0.0,0.0
6.946390151977539,0.0,0.0,0.0
6.961824893951416,0.0,0.0,0.0
6.976238965988159,0.0,0.0,0.0
6.990506410598755,0.0,0.0,0.0
7.004526853561401,0.0,0.0,0.0
7.021090984344482,0.0,0.0,0.0
7.037214040756226,0.0,0.0,0.0
7.053532361984253,0.0,0.0,0.0
7.06655216217041,0.0,0.0,0.0
7.082493305206299,0.0,0.0,0.0
7.098975419998169,0.0,0.0,0.0
7.113781690597534,0.0,0.0,0.0
7.128701448440552,0.0,0.0,0.0
7.143405914306641,0.0,0.0,0.0
7.160246133804321,0.0,0.0,0.0
7.175830841064453,0.0,0.0,0.0
7.191013336181641,0.0,0.0,0.0
7.2101829051971436,0.0,0.0,0.0
7.226537466049194,0.0,0.0,0.0
7.241090774536133,0.0,0.0,0.0
7.256642818450928,0.0,0.0,0.0
7.271510124206543,0.0,0.0,0.0
7.284684181213379,0.0,0.0,0.0
7.300779104232788,0.0,0.0,0.0
7.315627813339233,0.0,0.0,0.0
7.330883741378784,0.0,0.0,0.0
7.345261812210083,0.0,0.0,0.0
7.360386371612549,0.0,0.0,0.0
7.373591184616089,0.0,0.0,0.0
7.388341188430786,0.0,0.0,0.0
7.4051902294158936,0.0,0.0,0.0
7.418890476226807,0.0,0.0,0.0
7.4336793422698975,0.0,0.0,0.0
7.4505884647369385,0.0,0.0,0.0
7.465784788131714,0.0,0.0,0.0
7.481051206588745,0.0,0.0,0.0
7.496595859527588,0.0,0.0,0.0
7.511057615280151,0.0,0.0,0.0
7.529138088226318,0.0,0.0,0.0
7.545583963394165,0.0,0.0,0.0
7.56242036819458,0.0,0.0,0.0
7.5795392990112305,0.0,0.0,0.0
7.595103740692139,0.0,0.0,0.0
7.611100673675537,0.0,0.0,0.0
7.627613067626953,0.0,0.0,0.0
7.6467719078063965,0.0,0.0,0.0
7.664210557937622,0.0,0.0,0.0
7.678042888641357,0.0,0.0,0.0
7.692265272140503,0.0,0.0,0.0
7.708150386810303,0.0,0.0,0.0
7.724993467330933,0.0,0.0,0.0
7.74035382270813,0.0,0.0,0.0
7.756624937057495,0.0,0.0,0.0
7.773597955703735,0.0,0.0,0.0
7.78790283203125,0.0,0.0,0.0
7.8028693199157715,0.0,0.0,0.0
7.818313837051392,0.0,0.0,0.0
7.83435583114624,0.0,0.0,0.0
7.8530495166778564,0.0,0.0,0.0
7.8688929080963135,0.0,0.0,0.0
7.883661985397339,0.0,0.0,0.0
7.897979021072388,0.0,0.0,0.0
7.911592483520508,0.0,0.0,0.0
7.9264748096466064,0.0,0.0,0.0
7.940823316574097,0.0,0.0,0.0
7.95537257194519,0.0,0.0,0.0
7.969569683074951,0.0,0.0,0.0
7.9866180419921875,0.0,0.0,0.0
8.002803802490234,0.0,0.0,0.0
8.018838167190552,0.0,0.0,0.0
8.034893274307251,0.0,0.0,0.0
8.052148818969727,0.0,0.0,0.0
8.065187931060791,0.0,0.0,0.0
8.079094171524048,0.0,0.0,0.0
8.093137264251709,0.0,0.0,0.0
8.112672805786133,0.0,0.0,0.0
8.126592874526978,0.0,0.0,0.0
8.141347408294678,0.0,0.0,0.0
8.1560697555542,0.0,0.0,0.0
8.171424150466919,0.0,0.0,0.0
8.18433666229248,0.0,0.0,0.0
8.199427843093872,0.0,0.0,0.0
8.213480234146118,0.0,0.0,0.0
8.227003574371338,0.0,0.0,0.0
8.24188780784607,0.0,0.0,0.0
8.255176305770874,0.0,0.0,0.0
8.269439220428467,0.0,0.0,0.0
8.286531448364258,0.0,0.0,0.0
8.300606966018677,0.0,0.0,0.0
8.317471742630005,0.0,0.0,0.0
8.332455158233643,0.0,0.0,0.0
8.345922470092773,0.0,0.0,0.0
8.361414432525635,0.0,0.0,0.0
8.376463174819946,0.0,0.0,0.0
8.39084243774414,0.0,0.0,0.0
8.405772686004639,0.0,0.0,0.0
8.422062397003174,0.0,0.0,0.0
8.436302423477173,0.0,0.0,0.0
8.450026035308838,0.0,0.0,0.0
8.463728904724121,0.0,0.0,0.0
8.478840589523315,0.0,0.0,0.0
8.493427515029907,0.0,0.0,0.0
8.511143445968628,0.0,0.0,0.0
8.52481484413147,0.0,0.0,0.0
8.538779020309448,0.0,0.0,0.0
8.55554986000061,0.0,0.0,0.0
8.571096420288086,0.0,0.0,0.0
8.589333772659302,0.0,0.0,0.0
8.605101108551025,0.0,0.0,0.0
8.618935823440552,0.0,0.0,0.0
8.634859561920166,0.0,0.0,0.0
8.653680324554443,0.0,0.0,0.0
8.670658588409424,0.0,0.0,0.0
8.684664964675903,0.0,0.0,0.0
8.698359251022339,0.0,0.0,0.0
8.71211838722229,0.0,0.0,0.0
8.726366519927979,0.0,0.0,0.0
8.740195989608765,0.0,0.0,0.0
8.753422498703003,0.0,0.0,0.0
8.7678542137146,0.0,0.0,0.0
8.784834861755371,0.0,0.0,0.0
8.800004482269287,0.0,0.0,0.0
8.81732726097107,0.0,0.0,0.0
8.831483840942383,0.0,0.0,0.0
8.84571886062622,0.0,0.0,0.0
8.861422538757324,0.0,0.0,0.0
8.876607418060303,0.0,0.0,0.0
8.893526554107666,0.0,0.0,0.0
8.908450841903687,0.0,0.0,0.0
8.925437450408936,0.0,0.0,0.0
8.941519737243652,0.0,0.0,0.0
8.955637693405151,0.0,0.0,0.0
8.970952033996582,0.0,0.0,0.0
8.986326217651367,0.0,0.0,0.0
9.003326654434204,0.0,0.0,0.0
9.018075227737427,0.0,0.0,0.0
9.032580137252808,0.0,0.0,0.0
9.046485424041748,0.0,0.0,0.0
9.060892581939697,0.0,0.0,0.0
9.0749831199646,0.0,0.0,0.0
9.090579748153687,0.0,0.0,0.0
9.107845306396484,0.0,0.0,0.0
9.123270988464355,0.0,0.0,0.0
9.140506505966187,0.0,0.0,0.0
9.156284093856812,0.0,0.0,0.0
9.169541120529175,0.0,0.0,0.0
9.182804107666016,0.0,0.0,0.0
9.196367263793945,0.0,0.0,0.0
9.215569734573364,0.0,0.0,0.0
9.234482049942017,0.0,0.0,0.0
9.249191999435425,0.0,0.0,0.0
9.264015913009644,0.0,0.0,0.0
9.282991409301758,0.0,0.0,0.0
9.29807424545288,0.0,0.0,0.0
9.314952611923218,0.0,0.0,0.0
9.331034898757935,0.0,0.0,0.0
9.345559120178223,0.0,0.0,0.0
9.359516859054565,0.0,0.0,0.0
9.374367952346802,0.0,0.0,0.0
9.389597177505493,0.0,0.0,0.0
9.404792070388794,0.0,0.0,0.0
9.419970989227295,0.0,0.0,0.0
9.434294939041138,0.0,0.0,0.0
9.448767185211182,0.0,0.0,0.0
9.463830471038818,0.0,0.0,0.0
9.479700565338135,0.0,0.0,0.0
9.495899438858032,0.0,0.0,0.0
9.512173414230347,0.0,0.0,0.0
9.527328968048096,0.0,0.0,0.0
9.543944120407104,0.0,0.0,0.0
9.558982133865356,0.0,0.0,0.0
9.574244260787964,0.0,0.0,0.0
9.588479042053223,0.0,0.0,0.0
9.604321479797363,0.0,0.0,0.0
9.618575811386108,0.0,0.0,0.0
9.63448715209961,0.0,0.0,0.0
9.650199890136719,0.0,0.0,0.0
9.66671347618103,0.0,0.0,0.0
9.683650732040405,0.0,0.0,0.0
9.69861102104187,0.0,0.0,0.0
9.712722301483154,0.0,0.0,0.0
9.727980136871338,0.0,0.0,0.0
9.741750001907349,0.0,0.0,0.0
9.756167888641357,0.0,0.0,0.0
9.772812128067017,0.0,0.0,0.0
9.787890434265137,0.0,0.0,0.0
9.802427291870117,0.0,0.0,0.0
9.81637716293335,0.0,0.0,0.0
9.830514192581177,0.0,0.0,0.0
9.845102071762085,0.0,0.0,0.0
9.859599828720093,0.0,0.0,0.0
9.874805688858032,0.0,0.0,0.0
9.891849040985107,0.0,0.0,0.0
9.911237001419067,0.0,0.0,0.0
9.925770044326782,0.0,0.0,0.0
9.940779209136963,0.0,0.0,0.0
9.955045700073242,0.0,0.0,0.0
9.969319820404053,0.0,0.0,0.0
9.982332706451416,0.0,0.0,0.0
9.997706890106201,0.0,0.0,0.0
10.014560461044312,0.0,0.0,0.0
10.030180215835571,0.0,0.0,0.0
10.04369330406189,0.0,0.0,0.0
10.05698847770691,0.0,0.0,0.0
10.07031536102295,0.0,0.0,0.0
10.083728551864624,0.0,0.0,0.0
10.098844051361084,0.0,0.0,0.0
10.114524602890015,0.0,0.0,0.0
10.128491640090942,0.0,0.0,0.0
10.14292860031128,0.0,0.0,0.0
10.157357215881348,0.0,0.0,0.0
10.173803091049194,0.0,0.0,0.0
10.188736200332642,0.0,0.0,0.0
10.204183340072632,0.0,0.0,0.0
10.219825983047485,0.0,0.0,0.0
10.234972715377808,0.0,0.0,0.0
10.248136043548584,0.0,0.0,0.0
10.263198852539062,0.0,0.0,0.0
10.278432607650757,0.0,0.0,0.0
10.293087244033813,0.0,0.0,0.0
10.308920860290527,0.0,0.0,0.0
10.323275566101074,0.0,0.0,0.0
10.337472677230835,0.0,0.0,0.0
10.354859590530396,0.0,0.0,0.0
10.37370252609253,0.0,0.0,0.0
10.390163898468018,0.0,0.0,0.0
10.404386520385742,0.0,0.0,0.0
10.41939640045166,0.0,0.0,0.0
10.434906482696533,0.0,0.0,0.0
10.449610233306885,0.0,0.0,0.0
10.465359210968018,0.0,0.0,0.0
10.479246377944946,0.0,0.0,0.0
10.492549419403076,0.0,0.0,0.0
10.506751537322998,0.0,0.0,0.0
10.51973009109497,0.0,0.0,0.0
10.535985469818115,0.0,0.0,0.0
10.552888631820679,0.0,0.0,0.0
10.566510438919067,0.0,0.0,0.0
10.580379009246826,0.0,0.0,0.0
10.595926284790039,0.0,0.0,0.0
10.610795736312866,0.0,0.0,0.0
10.62725305557251,0.0,0.0,0.0
10.646034955978394,0.0,0.0,0.0
10.663472652435303,0.0,0.0,0.0
10.68345594406128,0.0,0.0,0.0
10.696609735488892,0.0,0.0,0.0
10.709660291671753,0.0,0.0,0.0
10.723084688186646,0.0,0.0,0.0
10.73689079284668,0.0,0.0,0.0
10.755579710006714,0.0,0.0,0.0
10.771619081497192,0.0,0.0,0.0
10.78647756576538,0.0,0.0,0.0
10.802485704421997,0.0,0.0,0.0
10.817426204681396,0.0,0.0,0.0
10.832283020019531,0.0,0.0,0.0
10.84760856628418,0.0,0.0,0.0
10.863222360610962,0.0,0.0,0.0
10.880446910858154,0.0,0.0,0.0
10.897515535354614,0.0,0.0,0.0
10.912189722061157,0.0,0.0,0.0
10.926443576812744,0.0,0.0,0.0
10.942817211151123,0.0,0.0,0.0
10.956997871398926,0.0,0.0,0.0
10.973752498626709,0.0,0.0,0.0
10.987508058547974,0.0,0.0,0.0
11.003182172775269,0.0,0.0,0.0
11.018161296844482,0.0,0.0,0.0
11.033312797546387,0.0,0.0,0.0
11.046100378036499,0.0,0.0,0.0
11.059942483901978,0.0,0.0,0.0
11.072810411453247,0.0,0.0,0.0
11.085983037948608,0.0,0.0,0.0
11.101516485214233,0.0,0.0,0.0
11.115528583526611,0.0,0.0,0.0
11.12885594367981,0.0,0.0,0.0
11.141858100891113,0.0,0.0,0.0
11.15607213973999,0.0,0.0,0.0
11.172528266906738,0.0,0.0,0.0
11.186445474624634,0.0,0.0,0.0
11.199818134307861,0.0,0.0,0.0
11.213248014450073,0.0,0.0,0.0
11.228184938430786,0.0,0.0,0.0
11.243772983551025,0.0,0.0,0.0
11.256978034973145,0.0,0.0,0.0
11.27020001411438,0.0,0.0,0.0
11.287538290023804,0.0,0.0,0.0
11.301407098770142,0.0,0.0,0.0
11.317777395248413,0.0,0.0,0.0
11.333056211471558,0.0,0.0,0.0
11.34820556640625,0.0,0.0,0.0
11.362684488296509,0.0,0.0,0.0
11.377124309539795,0.0,0.0,0.0
11.390206575393677,0.0,0.0,0.0
11.40450143814087,0.0,0.0,0.0
11.419042825698853,0.0,0.0,0.0
11.432601690292358,0.0,0.0,0.0
11.446404933929443,0.0,0.0,0.0
11.46216893196106,0.0,0.0,0.0
11.476080894470215,0.0,0.0,0.0
11.488918781280518,0.0,0.0,0.0
11.502367496490479,0.0,0.0,0.0
11.516589879989624,0.0,0.0,0.0
11.529680252075195,0.0,0.0,0.0
11.542253494262695,0.0,0.0,0.0
11.557603597640991,0.0,0.0,0.0
11.571702718734741,0.0,0.0,0.0
11.585829496383667,0.0,0.0,0.0
11.600327968597412,0.0,0.0,0.0
11.614370584487915,0.0,0.0,0.0
11.628282308578491,0.0,0.0,0.0
11.641999006271362,0.0,0.0,0.0
11.656867027282715,0.0,0.0,0.0
11.670325517654419,0.0,0.0,0.0
11.683873176574707,0.0,0.0,0.0
11.697124719619751,0.0,0.0,0.0
11.710782527923584,0.0,0.0,0.0
11.724327802658081,0.0,0.0,0.0
11.73867678642273,0.0,0.0,0.0
11.752087116241455,0.0,0.0,0.0
11.766811609268188,0.0,0.0,0.0
11.783638715744019,0.0,0.0,0.0
11.799499034881592,0.0,0.0,0.0
11.814794778823853,0.0,0.0,0.0
11.829294204711914,0.0,0.0,0.0
11.844906091690063,0.0,0.0,0.0
11.858602523803711,0.0,0.0,0.0
11.872927904129028,0.0,0.0,0.0
11.886099815368652,0.0,0.0,0.0
11.898984432220459,0.0,0.0,0.0
11.913161277770996,0.0,0.0,0.0
11.92780876159668,0.0,0.0,0.0
11.940930128097534,0.0,0.0,0.0
11.95496153831482,0.0,0.0,0.0
11.968486785888672,0.0,0.0,0.0
11.982816696166992,0.0,0.0,0.0
11.99695611000061,0.0,0.0,0.0
12.011657476425171,0.0,0.0,0.0
12.024969816207886,0.0,0.0,0.0
12.038530349731445,0.0,0.0,0.0
12.052490949630737,0.0,0.0,0.0
12.065357208251953,0.0,0.0,0.0
12.07846212387085,0.0,0.0,0.0
12.091850280761719,0.0,0.0,0.0
12.10568642616272,0.0,0.0,0.0
12.119382381439209,0.0,0.0,0.0
12.13339638710022,0.0,0.0,0.0
12.148104429244995,0.0,0.0,0.0
12.161205530166626,0.0,0.0,0.0
12.174764156341553,0.0,0.0,0.0
12.189056396484375,0.0,0.0,0.0
12.203888654708862,0.0,0.0,0.0
12.219361305236816,0.0,0.0,0.0
12.232900857925415,0.0,0.0,0.0
12.246202945709229,0.0,0.0,0.0
12.260040521621704,0.0,0.0,0.0
12.275047540664673,0.0,0.0,0.0
12.289868116378784,0.0,0.0,0.0
12.304656267166138,0.0,0.0,0.0
12.319512367248535,0.0,0.0,0.0
12.33364725112915,0.0,0.0,0.0
12.347596645355225,0.0,0.0,0.0
12.36264157295227,0.0,0.0,0.0
12.37750506401062,0.0,0.0,0.0
12.391614198684692,0.0,0.0,0.0
12.404764652252197,0.0,0.0,0.0
12.421377420425415,0.0,0.0,0.0
12.441285848617554,0.0,0.0,0.0
12.454920530319214,0.0,0.0,0.0
12.469515562057495,0.0,0.0,0.0
12.4822998046875,0.0,0.0,0.0
12.495385646820068,0.0,0.0,0.0
12.509459733963013,0.0,0.0,0.0
12.525175094604492,0.0,0.0,0.0
12.551783084869385,0.0,0.0,20.0
12.568172693252563,0.0,0.0,20.0
12.582759857177734,0.0,0.0,20.0
12.596391439437866,0.0,0.0,20.0
12.60978627204895,0.0,0.0,20.0
12.623077630996704,0.0,0.0,20.0
12.635979652404785,0.0,0.0,20.0
12.660217046737671,0.0,0.0,0.0
12.675716161727905,0.0,0.0,0.0
12.689940929412842,0.0,0.0,0.0
12.703473567962646,0.0,0.0,0.0
12.716968774795532,0.0,0.0,0.0
12.73116683959961,0.0,0.0,0.0
12.74473524093628,0.0,0.0,0.0
12.759878396987915,0.0,0.0,0.0
12.773669481277466,0.0,0.0,0.0
12.790777921676636,0.0,0.0,0.0
12.910834789276123,0.0,0.0,0.0
12.923650979995728,0.0,0.0,0.0
12.936119079589844,0.0,0.0,0.0
12.948610305786133,0.0,0.0,0.0
12.962665796279907,0.0,0.0,0.0
12.975945472717285,0.0,0.0,0.0
12.992515087127686,0.0,0.0,0.0
13.007336139678955,0.0,0.0,0.0
13.020506620407104,0.0,0.0,0.0
13.03519892692566,0.0,0.0,0.0
13.047388553619385,0.0,0.0,0.0
13.059911012649536,0.0,0.0,0.0
13.073654413223267,0.0,0.0,0.0
13.08612585067749,0.0,0.0,0.0
13.098402738571167,0.0,0.0,0.0
13.111430168151855,0.0,0.0,0.0
13.123806715011597,0.0,0.0,0.0
13.136448860168457,0.0,0.0,0.0
13.150055408477783,0.0,0.0,0.0
13.164121866226196,0.0,0.0,0.0
13.176135063171387,0.0,0.0,0.0
13.189025402069092,0.0,0.0,0.0
13.202468872070312,0.0,0.0,0.0
13.215416431427002,0.0,0.0,0.0
13.228301763534546,0.0,0.0,0.0
13.243529319763184,0.0,0.0,0.0
13.256639957427979,0.0,0.0,0.0
13.27073335647583,0.0,0.0,0.0
13.285732746124268,0.0,0.0,0.0
13.299193382263184,0.0,0.0,0.0
13.312487602233887,0.0,0.0,0.0
13.328357458114624,0.0,0.0,0.0
13.344627618789673,0.0,0.0,0.0
13.358570337295532,0.0,0.0,0.0
13.372987985610962,0.0,0.0,0.0
13.387728691101074,0.0,0.0,0.0
13.399716138839722,0.0,0.0,0.0
13.413108110427856,0.0,0.0,0.0
13.42832612991333,0.0,0.0,0.0
13.441234827041626,0.0,0.0,0.0
13.452881097793579,0.0,0.0,0.0
13.465383768081665,0.0,0.0,0.0
13.47777271270752,0.0,0.0,0.0
13.490000009536743,0.0,0.0,0.0
13.50319528579712,0.0,0.0,0.0
13.516868114471436,0.0,0.0,0.0
13.529891014099121,0.0,0.0,0.0
13.542558193206787,0.0,0.0,0.0
13.556015014648438,0.0,0.0,0.0
13.5688157081604,0.0,0.0,0.0
13.580866813659668,0.0,0.0,0.0
13.595029354095459,0.0,0.0,0.0
13.607106685638428,0.0,0.0,0.0
13.619452476501465,0.0,0.0,0.0
13.631593227386475,0.0,0.0,0.0
13.643848657608032,0.0,0.0,0.0
13.658395290374756,0.0,0.0,0.0
13.670745611190796,0.0,0.0,0.0
13.685280084609985,0.0,0.0,0.0
13.699717283248901,0.0,0.0,0.0
13.712171077728271,0.0,0.0,0.0
13.725188970565796,0.0,0.0,0.0
13.73949670791626,0.0,0.0,0.0
13.753671884536743,0.0,0.0,0.0
13.767533302307129,0.0,0.0,0.0
13.780526876449585,0.0,0.0,0.0
13.797020673751831,0.0,0.0,0.0
13.8126802444458,0.0,0.0,0.0
13.831269264221191,0.0,0.0,0.0
13.84622573852539,0.0,0.0,0.0
13.85945200920105,0.0,0.0,0.0
13.871959447860718,0.0,0.0,0.0
13.884636402130127,0.0,0.0,0.0
13.896991729736328,0.0,0.0,0.0
13.910078763961792,0.0,0.0,0.0
13.923545598983765,0.0,0.0,0.0
13.9360191822052,0.0,0.0,0.0
13.947071552276611,0.0,0.0,0.0
13.959347248077393,0.0,0.0,0.0
13.972511529922485,0.0,0.0,0.0
13.984301805496216,0.0,0.0,0.0
13.997421264648438,0.0,0.0,0.0
14.01030683517456,0.0,0.0,0.0
14.023667097091675,0.0,0.0,0.0
14.036670446395874,0.0,0.0,0.0
14.050155639648438,0.0,0.0,0.0
14.062329530715942,0.0,0.0,0.0
14.075512647628784,0.0,0.0,0.0
14.088117361068726,0.0,0.0,0.0
14.100172996520996,0.0,0.0,0.0
14.113582372665405,0.0,0.0,0.0
14.126712560653687,0.0,0.0,0.0
14.141728639602661,0.0,0.0,0.0
14.159760475158691,0.0,0.0,0.0
14.173260688781738,0.0,0.0,0.0
14.18881368637085,0.0,0.0,0.0
14.204873323440552,0.0,0.0,0.0
14.2208833694458,0.0,0.0,0.0
14.236058235168457,0.0,0.0,0.0
14.25171422958374,0.0,0.0,0.0
14.266355752944946,0.0,0.0,0.0
14.280475854873657,0.0,0.0,0.0
14.292317390441895,0.0,0.0,0.0
14.304324388504028,0.0,0.0,0.0
14.316156148910522,0.0,0.0,0.0
14.328944683074951,0.0,0.0,0.0
14.341010093688965,0.0,0.0,0.0
14.3557710647583,0.0,0.0,0.0
14.367900609970093,0.0,0.0,0.0
14.380544185638428,0.0,0.0,0.0
14.397770643234253,0.0,0.0,0.0
14.413434267044067,0.0,0.0,0.0
14.427759408950806,0.0,0.0,0.0
14.440198421478271,0.0,0.0,0.0
14.452123403549194,0.0,0.0,0.0
14.465374231338501,0.0,0.0,0.0
14.477545976638794,0.0,0.0,0.0
14.490943670272827,0.0,0.0,0.0
14.502758979797363,0.0,0.0,0.0
14.516654968261719,0.0,0.0,0.0
14.52968430519104,0.0,0.0,0.0
14.543037176132202,0.0,0.0,0.0
14.558461427688599,0.0,0.0,0.0
14.5734281539917,0.0,0.0,0.0
14.589960098266602,0.0,0.0,0.0
14.60478687286377,0.0,0.0,0.0
14.62255573272705,0.0,0.0,0.0
14.642650604248047,0.0,0.0,0.0
14.655559539794922,0.0,0.0,0.0
14.669581413269043,0.0,0.0,0.0
14.684296131134033,0.0,0.0,0.0
14.697578430175781,0.0,0.0,0.0
14.709932804107666,0.0,0.0,0.0
14.72403860092163,0.0,0.0,0.0
14.747288465499878,0.0,0.0,20.0
14.76038146018982,0.0,0.0,20.0
14.773552656173706,0.0,0.0,20.0
14.788445949554443,0.0,0.0,20.0
14.80183482170105,0.0,0.0,20.0
14.813562870025635,0.0,0.0,20.0
14.828333854675293,0.0,0.0,20.0
14.851079940795898,0.0,0.0,0.0
14.866557836532593,0.0,0.0,0.0
14.879798412322998,0.0,0.0,0.0
14.89284372329712,0.0,0.0,0.0
14.91075587272644,0.0,0.0,0.0
14.927299976348877,0.0,0.0,0.0
14.941255331039429,0.0,0.0,0.0
14.954103231430054,0.0,0.0,0.0
14.967636585235596,0.0,0.0,0.0
14.98014497756958,0.0,0.0,0.0
14.99276328086853,0.0,0.0,0.0
15.005918741226196,0.0,0.0,0.0
15.01958441734314,0.0,0.0,0.0
15.031448602676392,0.0,0.0,0.0
15.043602705001831,0.0,0.0,0.0
15.056024312973022,0.0,0.0,0.0
15.067398309707642,0.0,0.0,0.0
15.079206466674805,0.0,0.0,0.0
15.094643354415894,0.0,0.0,0.0
15.106994390487671,0.0,0.0,0.0
15.119089603424072,0.0,0.0,0.0
15.133018970489502,0.0,0.0,0.0
15.145416975021362,0.0,0.0,0.0
15.157942533493042,0.0,0.0,0.0
15.171736240386963,0.0,0.0,0.0
15.183900356292725,0.0,0.0,0.0
15.197996616363525,0.0,0.0,0.0
15.211591720581055,0.0,0.0,0.0
15.226203918457031,0.0,0.0,0.0
15.239492654800415,0.0,0.0,0.0
15.252939939498901,0.0,0.0,0.0
15.266793012619019,0.0,0.0,0.0
15.279112339019775,0.0,0.0,0.0
15.291999816894531,0.0,0.0,0.0
15.304160118103027,0.0,0.0,0.0
15.317460060119629,0.0,0.0,0.0
15.330055952072144,0.0,0.0,0.0
15.342496633529663,0.0,0.0,0.0
15.357229471206665,0.0,0.0,0.0
15.369106531143188,0.0,0.0,0.0
15.381922960281372,0.0,0.0,0.0
15.394667148590088,0.0,0.0,0.0
15.406256914138794,0.0,0.0,0.0
15.418477296829224,0.0,0.0,0.0
15.436986923217773,0.0,0.0,0.0
15.448790073394775,0.0,0.0,0.0
15.461272716522217,0.0,0.0,0.0
15.477272510528564,0.0,0.0,0.0
15.496512174606323,0.0,0.0,0.0
15.508055925369263,0.0,0.0,0.0
15.520427465438843,0.0,0.0,0.0
15.531934261322021,0.0,0.0,0.0
15.543581485748291,0.0,0.0,0.0
15.556041717529297,0.0,0.0,0.0
15.569248676300049,0.0,0.0,0.0
15.583173751831055,0.0,0.0,0.0
15.594841480255127,0.0,0.0,0.0
15.606642007827759,0.0,0.0,0.0
15.618701934814453,0.0,0.0,0.0
15.632182359695435,0.0,0.0,0.0
15.644638299942017,0.0,0.0,0.0
15.657035827636719,0.0,0.0,0.0
15.669444799423218,0.0,0.0,0.0
15.683342218399048,0.0,0.0,0.0
15.695413589477539,0.0,0.0,0.0
15.707601547241211,0.0,0.0,0.0
15.72019362449646,0.0,0.0,0.0
15.731953144073486,0.0,0.0,0.0
15.743606090545654,0.0,0.0,0.0
15.755632162094116,0.0,0.0,0.0
15.76755690574646,0.0,0.0,0.0
15.779366254806519,0.0,0.0,0.0
15.791437864303589,0.0,0.0,0.0
15.808582067489624,0.0,0.0,0.0
15.820566177368164,0.0,0.0,0.0
15.832990169525146,0.0,0.0,0.0
15.845488786697388,0.0,0.0,0.0
15.857825517654419,0.0,0.0,0.0
15.869551181793213,0.0,0.0,0.0
15.883413791656494,0.0,0.0,0.0
15.897010564804077,0.0,0.0,0.0
15.91017460823059,0.0,0.0,0.0
15.923262596130371,0.0,0.0,0.0
15.937682867050171,0.0,0.0,0.0
15.951327085494995,0.0,0.0,0.0
15.965125799179077,0.0,0.0,0.0
15.977834701538086,0.0,0.0,0.0
15.990159511566162,0.0,0.0,0.0
16.00423288345337,0.0,0.0,0.0
16.018243312835693,0.0,0.0,0.0
16.032577753067017,0.0,0.0,0.0
16.04607653617859,0.0,0.0,0.0
16.060984134674072,0.0,0.0,0.0
16.076072454452515,0.0,0.0,0.0
16.089600563049316,0.0,0.0,0.0
16.1034836769104,0.0,0.0,0.0
16.115432024002075,0.0,0.0,0.0
16.129037380218506,0.0,0.0,0.0
16.142128229141235,0.0,0.0,0.0
16.15491557121277,0.0,0.0,0.0
16.17727041244507,0.0,0.0,20.0
16.19014000892639,0.0,0.0,20.0
16.203449726104736,0.0,0.0,20.0
16.21530532836914,0.0,0.0,20.0
16.22950530052185,0.0,0.0,20.0
16.241279363632202,0.0,0.0,20.0
16.25330138206482,0.0,0.0,20.0
16.27575707435608,0.0,0.0,0.0
16.28773045539856,0.0,0.0,0.0
16.29936933517456,0.0,0.0,0.0
16.31136727333069,0.0,0.0,0.0
16.32380223274231,0.0,0.0,0.0
16.336354732513428,0.0,0.0,0.0
16.348832607269287,0.0,0.0,0.0
16.363768577575684,0.0,0.0,0.0
16.376628398895264,0.0,0.0,0.0
16.389525651931763,0.0,0.0,0.0
16.40293002128601,0.0,0.0,0.0
16.416590452194214,0.0,0.0,0.0
16.428846836090088,0.0,0.0,0.0
16.440848112106323,0.0,0.0,0.0
16.454210996627808,0.0,0.0,0.0
16.4661762714386,0.0,0.0,0.0
16.478180646896362,0.0,0.0,0.0
16.490238666534424,0.0,0.0,0.0
16.503480911254883,0.0,0.0,0.0
16.51577401161194,0.0,0.0,0.0
16.52918553352356,0.0,0.0,0.0
16.543059587478638,0.0,0.0,0.0
16.55634331703186,0.0,0.0,0.0
16.5686776638031,0.0,0.0,0.0
16.580442667007446,0.0,0.0,0.0
16.593008756637573,0.0,0.0,0.0
16.605020761489868,0.0,0.0,0.0
16.617591381072998,0.0,0.0,0.0
16.630289316177368,0.0,0.0,0.0
16.642792224884033,0.0,0.0,0.0
16.654434204101562,0.0,0.0,0.0
16.666292905807495,0.0,0.0,0.0
16.67914366722107,0.0,0.0,0.0
16.692450284957886,0.0,0.0,0.0
16.704753160476685,0.0,0.0,0.0
16.716467142105103,0.0,0.0,0.0
16.72974991798401,0.0,0.0,0.0
16.742201328277588,0.0,0.0,0.0
16.754570484161377,0.0,0.0,0.0
16.767446041107178,0.0,0.0,0.0
16.779260396957397,0.0,0.0,0.0
16.79242730140686,0.0,0.0,0.0
16.808648109436035,0.0,0.0,0.0
16.82008385658264,0.0,0.0,0.0
16.831711292266846,0.0,0.0,0.0
16.84358811378479,0.0,0.0,0.0
16.856778621673584,0.0,0.0,0.0
16.86850905418396,0.0,0.0,0.0
16.8807373046875,0.0,0.0,0.0
16.89302635192871,0.0,0.0,0.0
16.906355381011963,0.0,0.0,0.0
16.918079376220703,0.0,0.0,0.0
16.930944681167603,0.0,0.0,0.0
16.943166494369507,0.0,0.0,0.0
16.955076217651367,0.0,0.0,0.0
16.967475652694702,0.0,0.0,0.0
16.980401754379272,0.0,0.0,0.0
16.992375135421753,0.0,0.0,0.0
17.004531621932983,0.0,0.0,0.0
17.016119480133057,0.0,0.0,0.0
17.028196334838867,0.0,0.0,0.0
17.040874242782593,0.0,0.0,0.0
17.05405569076538,0.0,0.0,0.0
17.066473245620728,0.0,0.0,0.0
17.07950472831726,0.0,0.0,0.0
17.0919029712677,0.0,0.0,0.0
17.104780197143555,0.0,0.0,0.0
17.117125272750854,0.0,0.0,0.0
17.129026412963867,0.0,0.0,0.0
17.14091730117798,0.0,0.0,0.0
17.155454874038696,0.0,0.0,0.0
17.169413328170776,0.0,0.0,0.0
17.182326078414917,0.0,0.0,0.0
17.196348428726196,0.0,0.0,0.0
17.20839214324951,0.0,0.0,0.0
17.221033334732056,0.0,0.0,0.0
17.233213424682617,0.0,0.0,0.0
17.245848894119263,0.0,0.0,0.0
17.258856534957886,0.0,0.0,0.0
17.271126985549927,0.0,0.0,0.0
17.283188104629517,0.0,0.0,0.0
17.295491933822632,0.0,0.0,0.0
17.30773949623108,0.0,0.0,0.0
17.31986165046692,0.0,0.0,0.0
17.33220911026001,0.0,0.0,0.0
17.344123601913452,0.0,0.0,0.0
17.35583734512329,0.0,0.0,0.0
17.368176698684692,0.0,0.0,0.0
17.380248308181763,0.0,0.0,0.0
17.393555879592896,0.0,0.0,0.0
17.422298192977905,0.0,0.0,0.0
17.435133695602417,0.0,0.0,0.0
17.448504209518433,0.0,0.0,0.0
17.46206521987915,0.0,0.0,0.0
17.476004362106323,0.0,0.0,0.0
17.48814821243286,0.0,0.0,0.0
17.500234127044678,0.0,0.0,0.0
17.51259732246399,0.0,0.0,0.0
17.525054216384888,0.0,0.0,0.0
17.53766393661499,0.0,0.0,0.0
17.54931092262268,0.0,0.0,0.0
17.563271045684814,0.0,0.0,0.0
17.574958324432373,0.0,0.0,0.0
17.586788415908813,0.0,0.0,0.0
17.59936261177063,0.0,0.0,0.0
17.612370252609253,0.0,0.0,0.0
17.624366760253906,0.0,0.0,0.0
17.63790535926819,0.0,0.0,0.0
17.651424169540405,0.0,0.0,0.0
17.664358615875244,0.0,0.0,0.0
17.677769422531128,0.0,0.0,0.0
17.69065761566162,0.0,0.0,0.0
17.703962326049805,0.0,0.0,0.0
17.715962648391724,0.0,0.0,0.0
17.727681159973145,0.0,0.0,0.0
17.739434957504272,0.0,0.0,0.0
17.75131320953369,0.0,0.0,0.0
17.763646125793457,0.0,0.0,0.0
17.775667667388916,0.0,0.0,0.0
17.788523197174072,0.0,0.0,0.0
17.802671432495117,0.0,0.0,0.0
17.814478635787964,0.0,0.0,0.0
17.829204320907593,0.0,0.0,0.0
17.84317183494568,0.0,0.0,0.0
17.855921745300293,0.0,0.0,0.0
17.867780208587646,0.0,0.0,0.0
17.880152702331543,0.0,0.0,0.0
17.892163276672363,0.0,0.0,0.0
17.905644416809082,0.0,0.0,0.0
17.918179988861084,0.0,0.0,0.0
17.934657096862793,0.0,0.0,0.0
17.949010133743286,0.0,0.0,0.0
17.9617977142334,0.0,0.0,0.0
17.974679231643677,0.0,0.0,0.0
17.990242958068848,0.0,0.0,0.0
18.003431797027588,0.0,0.0,0.0
18.015344858169556,0.0,0.0,0.0
18.027440786361694,0.0,0.0,0.0
18.03931474685669,0.0,0.0,0.0
18.051340103149414,0.0,0.0,0.0
18.063233613967896,0.0,0.0,0.0
18.076595306396484,0.0,0.0,0.0
18.08870553970337,0.0,0.0,0.0
18.1006178855896,0.0,0.0,0.0
18.112640142440796,0.0,0.0,0.0
18.12530207633972,0.0,0.0,0.0
18.136748790740967,0.0,0.0,0.0
18.15066623687744,0.0,0.0,0.0
18.163172483444214,0.0,0.0,0.0
18.176514387130737,0.0,0.0,0.0
18.192089557647705,0.0,0.0,0.0
18.20634126663208,0.0,0.0,0.0
18.218465089797974,0.0,0.0,0.0
18.232383489608765,0.0,0.0,0.0
18.24519419670105,0.0,0.0,0.0
18.257545232772827,0.0,0.0,0.0
18.270105600357056,0.0,0.0,0.0
18.28316330909729,0.0,0.0,0.0
18.295454025268555,0.0,0.0,0.0
18.308422803878784,0.0,0.0,0.0
18.32106065750122,0.0,0.0,0.0
18.33391761779785,0.0,0.0,0.0
18.34740948677063,0.0,0.0,0.0
18.361411333084106,0.0,0.0,0.0
18.37538719177246,0.0,0.0,0.0
18.38934636116028,0.0,0.0,0.0
18.40332818031311,0.0,0.0,0.0
18.417463064193726,0.0,0.0,0.0
18.43023991584778,0.0,0.0,0.0
18.44551682472229,0.0,0.0,0.0
18.464298963546753,0.0,0.0,0.0
18.476531505584717,0.0,0.0,0.0
18.489214420318604,0.0,0.0,0.0
18.502780437469482,0.0,0.0,0.0
18.517777919769287,0.0,0.0,0.0
18.529801845550537,0.0,0.0,0.0
18.542759895324707,0.0,0.0,0.0
18.55982542037964,0.0,0.0,0.0
18.573606491088867,0.0,0.0,0.0
18.587504386901855,0.0,0.0,0.0
18.607163429260254,0.0,0.0,0.0
18.625877618789673,0.0,0.0,0.0
18.638253450393677,0.0,0.0,0.0
18.65537452697754,0.0,0.0,0.0
18.66872811317444,0.0,0.0,0.0
18.685300588607788,0.0,0.0,0.0
18.69633913040161,0.0,0.0,0.0
18.712932109832764,0.0,0.0,0.0
18.725792407989502,0.0,0.0,0.0
18.741249322891235,0.0,0.0,0.0
18.754349946975708,0.0,0.0,0.0
18.767379760742188,0.0,0.0,0.0
18.782614707946777,0.0,0.0,0.0
18.797234058380127,0.0,0.0,0.0
18.81170964241028,0.0,0.0,0.0
18.837910652160645,0.0,0.0,0.0
18.852291107177734,0.0,0.0,0.0
18.868508338928223,0.0,0.0,0.0
18.884443044662476,0.0,0.0,0.0
18.90309739112854,0.0,0.0,0.0
18.91686701774597,0.0,0.0,0.0
18.932013511657715,0.0,0.0,0.0
18.946884870529175,0.0,0.0,0.0
18.96161723136902,0.0,0.0,0.0
18.974929809570312,0.0,0.0,0.0
18.989218711853027,0.0,0.0,0.0
19.004765510559082,0.0,0.0,0.0
19.017348766326904,0.0,0.0,0.0
19.030425548553467,0.0,0.0,0.0
19.043612480163574,0.0,0.0,0.0
19.058328866958618,0.0,0.0,0.0
19.071993112564087,0.0,0.0,0.0
19.086419105529785,0.0,0.0,0.0
19.09921908378601,0.0,0.0,0.0
19.112667322158813,0.0,0.0,0.0
19.126154899597168,0.0,0.0,0.0
19.139700412750244,0.0,0.0,0.0
19.154018878936768,0.0,0.0,0.0
19.167780876159668,0.0,0.0,0.0
19.182077169418335,0.0,0.0,0.0
19.195788621902466,0.0,0.0,0.0
19.209797382354736,0.0,0.0,0.0
19.22467303276062,0.0,0.0,0.0
19.23805809020996,0.0,0.0,0.0
19.252451419830322,0.0,0.0,0.0
19.266001224517822,0.0,0.0,0.0
19.278324127197266,0.0,0.0,0.0
19.29253840446472,0.0,0.0,0.0
19.30833911895752,0.0,0.0,0.0
19.322278261184692,0.0,0.0,0.0
19.336095809936523,0.0,0.0,0.0
19.349862575531006,0.0,0.0,0.0
19.363895654678345,0.0,0.0,0.0
19.378354787826538,0.0,0.0,0.0
19.392959594726562,0.0,0.0,0.0
19.4065899848938,0.0,0.0,0.0
19.419489860534668,0.0,0.0,0.0
19.433238983154297,0.0,0.0,0.0
19.447039365768433,0.0,0.0,0.0
19.4610013961792,0.0,0.0,0.0
19.474493741989136,0.0,0.0,0.0
19.487905740737915,0.0,0.0,0.0
19.50184679031372,0.0,0.0,0.0
19.51649260520935,0.0,0.0,0.0
19.53329348564148,0.0,0.0,0.0
19.551260471343994,0.0,0.0,0.0
19.56515669822693,0.0,0.0,0.0
19.578866481781006,0.0,0.0,0.0
19.59476399421692,0.0,0.0,0.0
19.607760190963745,0.0,0.0,0.0
19.62131905555725,0.0,0.0,0.0
19.635396718978882,0.0,0.0,0.0
19.648992776870728,0.0,0.0,0.0
19.662325859069824,0.0,0.0,0.0
19.676077604293823,0.0,0.0,0.0
19.689873218536377,0.0,0.0,0.0
19.70346999168396,0.0,0.0,0.0
19.716735363006592,0.0,0.0,0.0
19.73137402534485,0.0,0.0,0.0
19.743921041488647,0.0,0.0,0.0
19.757532596588135,0.0,0.0,0.0
19.77117371559143,0.0,0.0,0.0
19.786808013916016,0.0,0.0,0.0
19.800251007080078,0.0,0.0,0.0
19.81390404701233,0.0,0.0,0.0
19.827187299728394,0.0,0.0,0.0
19.85097050666809,0.0,0.0,40.0
19.86424970626831,0.0,0.0,40.0
19.877508401870728,0.0,0.0,40.0
19.89051628112793,0.0,0.0,40.0
19.90463352203369,0.0,0.0,40.0
19.918355226516724,0.0,0.0,40.0
19.931838989257812,0.0,0.0,40.0
31.146044731140137,0.0,0.0,0.0
31.164093494415283,0.0,0.0,0.0
31.18194818496704,0.0,0.0,0.0
31.196305513381958,0.0,0.0,0.0
31.211891889572144,0.0,0.0,0.0
31.22550654411316,0.0,0.0,0.0
31.238779544830322,0.0,0.0,0.0
31.252083778381348,0.0,0.0,0.0
31.267918586730957,0.0,0.0,0.0
31.285252809524536,0.0,0.0,0.0
31.30357313156128,0.0,0.0,0.0
31.317893743515015,0.0,0.0,0.0
31.332393407821655,0.0,0.0,0.0
31.348038911819458,0.0,0.0,0.0
31.3624165058136,0.0,0.0,0.0
31.378352880477905,0.0,0.0,0.0
31.391748189926147,0.0,0.0,0.0
31.406144857406616,0.0,0.0,0.0
31.421339511871338,0.0,0.0,0.0
31.434640645980835,0.0,0.0,0.0
31.447838068008423,0.0,0.0,0.0
31.461641311645508,0.0,0.0,0.0
31.475178241729736,0.0,0.0,0.0
31.489156007766724,0.0,0.0,0.0
31.504324674606323,0.0,0.0,0.0
31.520249366760254,0.0,0.0,0.0
31.53603219985962,0.0,0.0,0.0
31.549819946289062,0.0,0.0,0.0
31.564122200012207,0.0,0.0,0.0
31.580272674560547,0.0,0.0,0.0
31.596028089523315,0.0,0.0,0.0
31.613099575042725,0.0,0.0,0.0
31.628544807434082,0.0,0.0,0.0
31.64490008354187,0.0,0.0,0.0
31.65997076034546,0.0,0.0,0.0
31.675523281097412,0.0,0.0,0.0
31.69396662712097,0.0,0.0,0.0
31.705824375152588,0.0,0.0,0.0
31.721267223358154,0.0,0.0,0.0
31.734644889831543,0.0,0.0,0.0
31.74975872039795,0.0,0.0,0.0
31.764771938323975,0.0,0.0,0.0
31.781428813934326,0.0,0.0,0.0
31.797130823135376,0.0,0.0,0.0
31.812652349472046,0.0,0.0,0.0
31.83051300048828,0.0,0.0,0.0
31.844881534576416,0.0,0.0,0.0
31.86086654663086,0.0,0.0,0.0
31.87385630607605,0.0,0.0,0.0
31.887139320373535,0.0,0.0,0.0
31.900426387786865,0.0,0.0,0.0
31.913585424423218,0.0,0.0,0.0
31.926467418670654,0.0,0.0,0.0
31.938806295394897,0.0,0.0,0.0
31.952550411224365,0.0,0.0,0.0
31.966860055923462,0.0,0.0,0.0
31.980523347854614,0.0,0.0,0.0
31.995495080947876,0.0,0.0,0.0
32.01035833358765,0.0,0.0,0.0
32.025179862976074,0.0,0.0,0.0
32.039883613586426,0.0,0.0,0.0
32.055485010147095,0.0,0.0,0.0
32.07167196273804,0.0,0.0,0.0
32.0881028175354,0.0,0.0,0.0
32.10255479812622,0.0,0.0,0.0
32.11823630332947,0.0,0.0,0.0
32.13377332687378,0.0,0.0,0.0
32.14848065376282,0.0,0.0,0.0
32.16239047050476,0.0,0.0,0.0
32.176607847213745,0.0,0.0,0.0
32.19003129005432,0.0,0.0,0.0
32.20455288887024,0.0,0.0,0.0
32.21912360191345,0.0,0.0,0.0
32.23650503158569,0.0,0.0,0.0
32.252602100372314,0.0,0.0,0.0
32.265843868255615,0.0,0.0,0.0
32.281208515167236,0.0,0.0,0.0
32.29653739929199,0.0,0.0,0.0
32.311603307724,0.0,0.0,0.0
32.3273229598999,0.0,0.0,0.0
32.34384870529175,0.0,0.0,0.0
32.3633086681366,0.0,0.0,0.0
32.37865662574768,0.0,0.0,0.0
32.39391851425171,0.0,0.0,0.0
32.41019630432129,0.0,0.0,0.0
32.42734694480896,0.0,0.0,0.0
32.444026470184326,0.0,0.0,0.0
32.45946145057678,0.0,0.0,0.0
32.47376322746277,0.0,0.0,0.0
32.48803758621216,0.0,0.0,0.0
32.50426363945007,0.0,0.0,0.0
32.51965308189392,0.0,0.0,0.0
32.53533220291138,0.0,0.0,0.0
32.55132818222046,0.0,0.0,0.0
32.57826614379883,0.0,0.0,60.0
32.59746789932251,0.0,0.0,60.0
32.61509895324707,0.0,0.0,60.0
32.63045573234558,0.0,0.0,60.0
32.64577054977417,0.0,0.0,60.0
32.66243314743042,0.0,0.0,60.0
32.67707419395447,0.0,0.0,60.0
32.702353954315186,0.0,0.0,0.0
32.71672034263611,0.0,0.0,0.0
32.73340392112732,0.0,0.0,0.0
32.74757719039917,0.0,0.0,0.0
32.76388216018677,0.0,0.0,0.0
32.77701807022095,0.0,0.0,0.0
32.790191888809204,0.0,0.0,0.0
32.80467343330383,0.0,0.0,0.0
32.819772481918335,0.0,0.0,0.0
32.83407163619995,0.0,0.0,0.0
32.84783744812012,0.0,0.0,0.0
32.86241602897644,0.0,0.0,0.0
32.87657451629639,0.0,0.0,0.0
32.89009428024292,0.0,0.0,0.0
32.90397882461548,0.0,0.0,0.0
32.91777157783508,0.0,0.0,0.0
32.93198800086975,0.0,0.0,0.0
32.948529958724976,0.0,0.0,0.0
32.96296763420105,0.0,0.0,0.0
32.979191064834595,0.0,0.0,0.0
32.99437665939331,0.0,0.0,0.0
33.00928974151611,0.0,0.0,0.0
33.02283573150635,0.0,0.0,0.0
33.03727674484253,0.0,0.0,0.0
33.05245780944824,0.0,0.0,0.0
33.06737923622131,0.0,0.0,0.0
33.08274006843567,0.0,0.0,0.0
33.09674668312073,0.0,0.0,0.0
33.112268924713135,0.0,0.0,0.0
33.12778329849243,0.0,0.0,0.0
33.14221477508545,0.0,0.0,0.0
33.15680503845215,0.0,0.0,0.0
33.1733660697937,0.0,0.0,0.0
33.1894736289978,0.0,0.0,0.0
33.202714920043945,0.0,0.0,0.0
33.21838355064392,0.0,0.0,0.0
33.23245358467102,0.0,0.0,0.0
33.24815511703491,0.0,0.0,0.0
33.26422381401062,0.0,0.0,0.0
33.28318166732788,0.0,0.0,0.0
33.3002815246582,0.0,0.0,0.0
33.31662607192993,0.0,0.0,0.0
33.332000494003296,0.0,0.0,0.0
33.34839606285095,0.0,0.0,0.0
33.36601209640503,0.0,0.0,0.0
33.382619857788086,0.0,0.0,0.0
33.39719796180725,0.0,0.0,0.0
33.412373065948486,0.0,0.0,0.0
33.42628192901611,0.0,0.0,0.0
33.43955874443054,0.0,0.0,0.0
33.454086780548096,0.0,0.0,0.0
33.468913316726685,0.0,0.0,0.0
33.48376131057739,0.0,0.0,0.0
33.49950981140137,0.0,0.0,0.0
33.51517701148987,0.0,0.0,0.0
33.53039288520813,0.0,0.0,0.0
33.54486918449402,0.0,0.0,0.0
33.56091284751892,0.0,0.0,0.0
33.574400901794434,0.0,0.0,0.0
33.592472076416016,0.0,0.0,0.0
33.60800743103027,0.0,0.0,0.0
33.6224308013916,0.0,0.0,0.0
33.6366081237793,0.0,0.0,0.0
33.65141439437866,0.0,0.0,0.0
33.666614055633545,0.0,0.0,0.0
33.68097376823425,0.0,0.0,0.0
33.69656252861023,0.0,0.0,0.0
33.711238384246826,0.0,0.0,0.0
33.72518277168274,0.0,0.0,0.0
33.73975729942322,0.0,0.0,0.0
33.75432872772217,0.0,0.0,0.0
33.78059959411621,0.0,0.0,60.0
33.79937028884888,0.0,0.0,60.0
33.81529450416565,0.0,0.0,60.0
33.828410148620605,0.0,0.0,60.0
33.84247374534607,0.0,0.0,60.0
33.856114625930786,0.0,0.0,60.0
33.86998176574707,0.0,0.0,60.0
33.89454197883606,0.0,0.0,0.0
33.90969920158386,0.0,0.0,0.0
33.92412757873535,0.0,0.0,0.0
33.93991827964783,0.0,0.0,0.0
33.95450568199158,0.0,0.0,0.0
33.96871900558472,0.0,0.0,0.0
33.983490228652954,0.0,0.0,0.0
33.9998881816864,0.0,0.0,0.0
34.01518726348877,0.0,0.0,0.0
34.03051424026489,0.0,0.0,0.0
34.045963764190674,0.0,0.0,0.0
34.06276607513428,0.0,0.0,0.0
34.08115482330322,0.0,0.0,0.0
34.09680771827698,0.0,0.0,0.0
34.11271286010742,0.0,0.0,0.0
34.12739586830139,0.0,0.0,0.0
34.14045858383179,0.0,0.0,0.0
34.15746283531189,0.0,0.0,0.0
34.17404341697693,0.0,0.0,0.0
34.18901062011719,0.0,0.0,0.0
34.205047845840454,0.0,0.0,0.0
34.21952152252197,0.0,0.0,0.0
34.233766317367554,0.0,0.0,0.0
34.252660512924194,0.0,0.0,0.0
34.26708722114563,0.0,0.0,0.0
34.28431797027588,0.0,0.0,0.0
34.30286240577698,0.0,0.0,0.0
34.32211232185364,0.0,0.0,0.0
34.33529758453369,0.0,0.0,0.0
34.35147142410278,0.0,0.0,0.0
34.36680769920349,0.0,0.0,0.0
34.38694190979004,0.0,0.0,0.0
34.403035163879395,0.0,0.0,0.0
34.4193000793457,0.0,0.0,0.0
34.43470287322998,0.0,0.0,0.0
34.4520947933197,0.0,0.0,0.0
34.47022724151611,0.0,0.0,0.0
34.48581075668335,0.0,0.0,0.0
34.50369834899902,0.0,0.0,0.0
34.5199978351593,0.0,0.0,0.0
34.53704357147217,0.0,0.0,0.0
34.55302906036377,0.0,0.0,0.0
34.56634879112244,0.0,0.0,0.0
34.58057188987732,0.0,0.0,0.0
34.59506344795227,0.0,0.0,0.0
34.608038663864136,0.0,0.0,0.0
34.62015175819397,0.0,0.0,0.0
34.63331961631775,0.0,0.0,0.0
34.64666175842285,0.0,0.0,0.0
34.6600558757782,0.0,0.0,0.0
34.67400527000427,0.0,0.0,0.0
34.687601804733276,0.0,0.0,0.0
34.70145893096924,0.0,0.0,0.0
34.721914291381836,0.0,0.0,0.0
34.737881660461426,0.0,0.0,0.0
34.75225353240967,0.0,0.0,0.0
34.76807737350464,0.0,0.0,0.0
34.782912492752075,0.0,0.0,0.0
34.79822134971619,0.0,0.0,0.0
34.81426239013672,0.0,0.0,0.0
34.827369928359985,0.0,0.0,0.0
34.841801404953,0.0,0.0,0.0
34.857444763183594,0.0,0.0,0.0
34.87166953086853,0.0,0.0,0.0
34.88493275642395,0.0,0.0,0.0
34.89844083786011,0.0,0.0,0.0
34.911978244781494,0.0,0.0,0.0
34.92473554611206,0.0,0.0,0.0
34.93934202194214,0.0,0.0,0.0
34.9544734954834,0.0,0.0,0.0
34.97099828720093,0.0,0.0,0.0
34.99064373970032,0.0,0.0,0.0
35.003987312316895,0.0,0.0,0.0
35.01739835739136,0.0,0.0,0.0
35.0325608253479,0.0,0.0,0.0
35.04893088340759,0.0,0.0,0.0
35.06310510635376,0.0,0.0,0.0
35.077932596206665,0.0,0.0,0.0
35.09319734573364,0.0,0.0,0.0
35.11101269721985,0.0,0.0,0.0
35.124372720718384,0.0,0.0,0.0
35.138264894485474,0.0,0.0,0.0
35.153728008270264,0.0,0.0,0.0
35.16893458366394,0.0,0.0,0.0
35.18304681777954,0.0,0.0,0.0
35.19810080528259,0.0,0.0,0.0
35.213725328445435,0.0,0.0,0.0
35.23135447502136,0.0,0.0,0.0
35.246941328048706,0.0,0.0,0.0
35.26012563705444,0.0,0.0,0.0
35.274817943573,0.0,0.0,0.0
35.28876495361328,0.0,0.0,0.0
35.30583643913269,0.0,0.0,0.0
35.32151913642883,0.0,0.0,0.0
35.33733797073364,0.0,0.0,0.0
35.35367941856384,0.0,0.0,0.0
35.369176626205444,0.0,0.0,0.0
35.38475275039673,0.0,0.0,0.0
35.40062594413757,0.0,0.0,0.0
35.415082931518555,0.0,0.0,0.0
35.43067979812622,0.0,0.0,0.0
35.447086334228516,0.0,0.0,0.0
35.46295619010925,0.0,0.0,0.0
35.47895264625549,0.0,0.0,0.0
35.49482321739197,0.0,0.0,0.0
35.51019525527954,0.0,0.0,0.0
35.52375817298889,0.0,0.0,0.0
35.53694438934326,0.0,0.0,0.0
35.550118923187256,0.0,0.0,0.0
35.563836097717285,0.0,0.0,0.0
35.57775020599365,0.0,0.0,0.0
35.59323811531067,0.0,0.0,0.0
35.60864210128784,0.0,0.0,0.0
35.62327480316162,0.0,0.0,0.0
35.638885498046875,0.0,0.0,0.0
35.65488934516907,0.0,0.0,0.0
35.67195987701416,0.0,0.0,0.0
35.68703293800354,0.0,0.0,0.0
35.70295214653015,0.0,0.0,0.0
35.71819496154785,0.0,0.0,0.0
35.735249757766724,0.0,0.0,0.0
35.75882840156555,0.0,0.0,0.0
35.774845123291016,0.0,0.0,0.0
35.793376207351685,0.0,0.0,0.0
35.80902910232544,0.0,0.0,0.0
35.82416796684265,0.0,0.0,0.0
35.84005618095398,0.0,0.0,0.0
35.85612177848816,0.0,0.0,0.0
35.869060039520264,0.0,0.0,0.0
35.888229846954346,0.0,0.0,0.0
35.9011595249176,0.0,0.0,0.0
35.91495203971863,0.0,0.0,0.0
35.92900824546814,0.0,0.0,0.0
35.94473099708557,0.0,0.0,0.0
35.960527658462524,0.0,0.0,0.0
35.974920988082886,0.0,0.0,0.0
35.98864722251892,0.0,0.0,0.0
36.004868507385254,0.0,0.0,0.0
36.01952838897705,0.0,0.0,0.0
36.03420090675354,0.0,0.0,0.0
36.0493643283844,0.0,0.0,0.0
36.06296944618225,0.0,0.0,0.0
36.0782630443573,0.0,0.0,0.0
36.09342646598816,0.0,0.0,0.0
36.10922956466675,0.0,0.0,0.0
36.12540888786316,0.0,0.0,0.0
36.14134740829468,0.0,0.0,0.0
36.15987277030945,0.0,0.0,0.0
36.17555594444275,0.0,0.0,0.0
36.18966770172119,0.0,0.0,0.0
36.20277810096741,0.0,0.0,0.0
36.21854209899902,0.0,0.0,0.0
36.23543429374695,0.0,0.0,0.0
36.25022506713867,0.0,0.0,0.0
36.26457905769348,0.0,0.0,0.0
36.282559394836426,0.0,0.0,0.0
36.296714305877686,0.0,0.0,0.0
36.3107008934021,0.0,0.0,0.0
36.32437777519226,0.0,0.0,0.0
36.33846926689148,0.0,0.0,0.0
36.35270690917969,0.0,0.0,0.0
36.36655282974243,0.0,0.0,0.0
36.3810977935791,0.0,0.0,0.0
36.39657282829285,0.0,0.0,0.0
36.414692401885986,0.0,0.0,0.0
36.430113792419434,0.0,0.0,0.0
36.44398379325867,0.0,0.0,0.0
36.46074819564819,0.0,0.0,0.0
36.4744815826416,0.0,0.0,0.0
36.48819088935852,0.0,0.0,0.0
36.50192594528198,0.0,0.0,0.0
36.51623773574829,0.0,0.0,0.0
36.535895347595215,0.0,0.0,0.0
36.54954504966736,0.0,0.0,0.0
36.563753604888916,0.0,0.0,0.0
36.57812714576721,0.0,0.0,0.0
36.591630697250366,0.0,0.0,0.0
36.60531306266785,0.0,0.0,0.0
36.61955404281616,0.0,0.0,0.0
36.63457798957825,0.0,0.0,0.0
36.647637367248535,0.0,0.0,0.0
36.66118383407593,0.0,0.0,0.0
36.67546820640564,0.0,0.0,0.0
36.68971300125122,0.0,0.0,0.0
36.703285455703735,0.0,0.0,0.0
36.71669554710388,0.0,0.0,0.0
36.730937480926514,0.0,0.0,0.0
36.745343923568726,0.0,0.0,0.0
36.759159088134766,0.0,0.0,0.0
36.773178815841675,0.0,0.0,0.0
36.78755784034729,0.0,0.0,0.0
36.80099081993103,0.0,0.0,0.0
36.81478404998779,0.0,0.0,0.0
36.82751965522766,0.0,0.0,0.0
36.84112191200256,0.0,0.0,0.0
36.85501742362976,0.0,0.0,0.0
36.86973261833191,0.0,0.0,0.0
36.884166955947876,0.0,0.0,0.0
36.899086713790894,0.0,0.0,0.0
36.91198968887329,0.0,0.0,0.0
36.92592644691467,0.0,0.0,0.0
36.94128942489624,0.0,0.0,0.0
36.954471588134766,0.0,0.0,0.0
36.96830606460571,0.0,0.0,0.0
36.98245191574097,0.0,0.0,0.0
36.99606943130493,0.0,0.0,0.0
37.01181387901306,0.0,0.0,0.0
37.025521755218506,0.0,0.0,0.0
37.040696144104004,0.0,0.0,0.0
37.05494713783264,0.0,0.0,0.0
37.06852960586548,0.0,0.0,0.0
37.08185434341431,0.0,0.0,0.0
37.095590591430664,0.0,0.0,0.0
37.10999608039856,0.0,0.0,0.0
37.12552523612976,0.0,0.0,0.0
37.14242172241211,0.0,0.0,0.0
37.15528130531311,0.0,0.0,0.0
37.170268058776855,0.0,0.0,0.0
37.18597054481506,0.0,0.0,0.0
37.20104360580444,0.0,0.0,0.0
37.216861963272095,0.0,0.0,0.0
37.23325300216675,0.0,0.0,0.0
37.24744486808777,0.0,0.0,0.0
37.26178598403931,0.0,0.0,0.0
37.278565883636475,0.0,0.0,0.0
37.29426670074463,0.0,0.0,0.0
37.310128688812256,0.0,0.0,0.0
37.324326276779175,0.0,0.0,0.0
37.33888626098633,0.0,0.0,0.0
37.35560083389282,0.0,0.0,0.0
37.373618841171265,0.0,0.0,0.0
37.39035749435425,0.0,0.0,0.0
37.40670371055603,0.0,0.0,0.0
37.422220945358276,0.0,0.0,0.0
37.43763852119446,0.0,0.0,0.0
37.45279908180237,0.0,0.0,0.0
37.46623635292053,0.0,0.0,0.0
37.4796097278595,0.0,0.0,0.0
37.49333739280701,0.0,0.0,0.0
37.5088746547699,0.0,0.0,0.0
37.52228140830994,0.0,0.0,0.0
37.5380585193634,0.0,0.0,0.0
37.55140137672424,0.0,0.0,0.0
37.565061807632446,0.0,0.0,0.0
37.57855010032654,0.0,0.0,0.0
37.593222856521606,0.0,0.0,0.0
37.60827112197876,0.0,0.0,0.0
37.62446904182434,0.0,0.0,0.0
37.64107584953308,0.0,0.0,0.0
37.65559530258179,0.0,0.0,0.0
37.6710000038147,0.0,0.0,0.0
37.685977935791016,0.0,0.0,0.0
37.70248556137085,0.0,0.0,0.0
37.717509746551514,0.0,0.0,0.0
37.732994079589844,0.0,0.0,0.0
37.74741458892822,0.0,0.0,0.0
37.7620747089386,0.0,0.0,0.0
37.77694129943848,0.0,0.0,0.0
37.792449951171875,0.0,0.0,0.0
37.808598279953,0.0,0.0,0.0
37.82283663749695,0.0,0.0,0.0
37.83841419219971,0.0,0.0,0.0
37.85340595245361,0.0,0.0,0.0
37.87785863876343,0.0,0.0,60.0
37.89144968986511,0.0,0.0,60.0
37.90523600578308,0.0,0.0,60.0
37.92033338546753,0.0,0.0,60.0
37.93490028381348,0.0,0.0,60.0
37.948984146118164,0.0,0.0,60.0
37.962693214416504,0.0,0.0,60.0
37.978848457336426,0.0,0.0,60.0
37.99286413192749,0.0,0.0,60.0
38.00826406478882,0.0,0.0,60.0
38.022767305374146,0.0,0.0,60.0
38.040480613708496,0.0,0.0,60.0
38.05756378173828,0.0,0.0,60.0
38.07308483123779,0.0,0.0,60.0
38.08765888214111,0.0,0.0,60.0
38.102330923080444,0.0,0.0,60.0
38.1166570186615,0.0,0.0,60.0
38.130223751068115,0.0,0.0,60.0
38.1444194316864,0.0,0.0,60.0
38.16032671928406,0.0,0.0,60.0
38.17671012878418,0.0,0.0,60.0
38.19342112541199,0.0,0.0,60.0
38.20940375328064,0.0,0.0,60.0
38.225916624069214,0.0,0.0,60.0
38.24038124084473,0.0,0.0,60.0
38.25348520278931,0.0,0.0,60.0
38.26631021499634,0.0,0.0,60.0
38.28278040885925,0.0,0.0,60.0
38.29905343055725,0.0,0.0,60.0
38.31531596183777,0.0,0.0,60.0
38.33110451698303,0.0,0.0,60.0
38.34894609451294,0.0,0.0,60.0
38.36495614051819,0.0,0.0,60.0
38.378864765167236,0.0,0.0,60.0
38.39304876327515,0.0,0.0,60.0
38.40901565551758,0.0,0.0,60.0
38.42219853401184,0.0,0.0,60.0
38.438762187957764,0.0,0.0,60.0
38.455410957336426,0.0,0.0,60.0
38.4708890914917,0.0,0.0,60.0
38.487892389297485,0.0,0.0,60.0
38.503108501434326,0.0,0.0,60.0
38.520599126815796,0.0,0.0,60.0
38.53567624092102,0.0,0.0,60.0
38.550012826919556,0.0,0.0,60.0
38.564478635787964,0.0,0.0,60.0
38.57889151573181,0.0,0.0,60.0
38.59295392036438,0.0,0.0,60.0
38.607574701309204,0.0,0.0,60.0
38.621352195739746,0.0,0.0,60.0
38.63714075088501,0.0,0.0,60.0
38.65402054786682,0.0,0.0,60.0
38.66917276382446,0.0,0.0,60.0
38.683512926101685,0.0,0.0,60.0
38.699841260910034,0.0,0.0,60.0
38.71603488922119,0.0,0.0,60.0
38.731374979019165,0.0,0.0,60.0
38.746530055999756,0.0,0.0,60.0
38.76157522201538,0.0,0.0,60.0
38.775020122528076,0.0,0.0,60.0
38.79925060272217,0.0,0.0,60.0
38.81597900390625,0.0,0.0,60.0
38.83107113838196,0.0,0.0,60.0
38.84585404396057,0.0,0.0,60.0
38.86028432846069,0.0,0.0,60.0
38.874939918518066,0.0,0.0,60.0
38.89021134376526,0.0,0.0,60.0
38.905625104904175,0.0,0.0,60.0
38.91976237297058,0.0,0.0,60.0
38.93256902694702,0.0,0.0,60.0
38.94770836830139,0.0,0.0,60.0
38.96315050125122,0.0,0.0,60.0
38.98064875602722,0.0,0.0,60.0
38.99636745452881,0.0,0.0,60.0
39.01813197135925,0.0,0.0,60.0
39.032156229019165,0.0,0.0,60.0
39.046544313430786,0.0,0.0,60.0
39.06161594390869,0.0,0.0,60.0
39.07750701904297,0.0,0.0,60.0
39.09502029418945,0.0,0.0,60.0
39.10957431793213,0.0,0.0,60.0
39.12651991844177,0.0,0.0,60.0
39.144577741622925,0.0,0.0,60.0
39.16124415397644,0.0,0.0,60.0
39.17744565010071,0.0,0.0,60.0
39.1925413608551,0.0,0.0,60.0
39.206727266311646,0.0,0.0,60.0
39.220380783081055,0.0,0.0,60.0
39.23797965049744,0.0,0.0,60.0
39.25175476074219,0.0,0.0,60.0
39.26673626899719,0.0,0.0,60.0
39.2829315662384,0.0,0.0,60.0
39.298269748687744,0.0,0.0,60.0
39.31550931930542,0.0,0.0,60.0
39.33070683479309,0.0,0.0,60.0
39.34609913825989,0.0,0.0,60.0
39.3630211353302,0.0,0.0,60.0
39.3790225982666,0.0,0.0,60.0
39.394731283187866,0.0,0.0,60.0
39.40803074836731,0.0,0.0,60.0
39.42492747306824,0.0,0.0,60.0
39.440638303756714,0.0,0.0,60.0
39.45613121986389,0.0,0.0,60.0
39.47199106216431,0.0,0.0,60.0
39.48788046836853,0.0,0.0,60.0
39.50312280654907,0.0,0.0,60.0
39.51802921295166,0.0,0.0,60.0
39.53181314468384,0.0,0.0,60.0
39.548298358917236,0.0,0.0,60.0
39.56365609169006,0.0,0.0,60.0
39.578832149505615,0.0,0.0,60.0
39.59325909614563,0.0,0.0,60.0
39.606746196746826,0.0,0.0,60.0
39.62314772605896,0.0,0.0,60.0
39.63821792602539,0.0,0.0,60.0
39.65401244163513,0.0,0.0,60.0
39.66906666755676,0.0,0.0,60.0
39.685449838638306,0.0,0.0,60.0
39.6994731426239,0.0,0.0,60.0
39.71452498435974,0.0,0.0,60.0
39.731178760528564,0.0,0.0,60.0
39.74769949913025,0.0,0.0,60.0
39.76384115219116,0.0,0.0,60.0
39.78023815155029,0.0,0.0,60.0
39.79457378387451,0.0,0.0,60.0
39.810906171798706,0.0,0.0,60.0
39.824023723602295,0.0,0.0,60.0
39.83734107017517,0.0,0.0,60.0
39.86272859573364,0.0,0.0,0.0
39.879316091537476,0.0,0.0,0.0
39.89282703399658,0.0,0.0,0.0
39.907902240753174,0.0,0.0,0.0
39.921406269073486,0.0,0.0,0.0
39.936527490615845,0.0,0.0,0.0
39.95250630378723,0.0,0.0,0.0
39.9682297706604,0.0,0.0,0.0
39.98538875579834,0.0,0.0,0.0
40.00169539451599,0.0,0.0,0.0
40.0196487903595,0.0,0.0,0.0
40.036149740219116,0.0,0.0,0.0
40.04941439628601,0.0,0.0,0.0
40.06588363647461,0.0,0.0,0.0
40.08072781562805,0.0,0.0,0.0
40.095999240875244,0.0,0.0,0.0
40.112910747528076,0.0,0.0,0.0
40.12968564033508,0.0,0.0,0.0
40.14528298377991,0.0,0.0,0.0
40.16294765472412,0.0,0.0,0.0
40.17984580993652,0.0,0.0,0.0
40.19684433937073,0.0,0.0,0.0
40.21276378631592,0.0,0.0,0.0
40.22740173339844,0.0,0.0,0.0
40.24299740791321,0.0,0.0,0.0
40.259536266326904,0.0,0.0,0.0
40.27781271934509,0.0,0.0,0.0
40.291948080062866,0.0,0.0,0.0
40.3069634437561,0.0,0.0,0.0
40.32291007041931,0.0,0.0,0.0
40.33664631843567,0.0,0.0,0.0
40.351367712020874,0.0,0.0,0.0
40.36724519729614,0.0,0.0,0.0
40.383111238479614,0.0,0.0,0.0
40.39899706840515,0.0,0.0,0.0
40.414249658584595,0.0,0.0,0.0
40.42881727218628,0.0,0.0,0.0
40.44450855255127,0.0,0.0,0.0
40.45971989631653,0.0,0.0,0.0
40.47542452812195,0.0,0.0,0.0
40.492798805236816,0.0,0.0,0.0
40.51062369346619,0.0,0.0,0.0
40.523576498031616,0.0,0.0,0.0
40.536744832992554,0.0,0.0,0.0
40.549988985061646,0.0,0.0,0.0
40.56307649612427,0.0,0.0,0.0
40.576719999313354,0.0,0.0,0.0
40.59021019935608,0.0,0.0,0.0
40.603270530700684,0.0,0.0,0.0
40.61635422706604,0.0,0.0,0.0
40.62935662269592,0.0,0.0,0.0
40.64242482185364,0.0,0.0,0.0
40.655495405197144,0.0,0.0,0.0
40.66851758956909,0.0,0.0,0.0
40.68322777748108,0.0,0.0,0.0
40.69609498977661,0.0,0.0,0.0
40.71123909950256,0.0,0.0,0.0
40.72471022605896,0.0,0.0,0.0
40.73876905441284,0.0,0.0,0.0
40.753934383392334,0.0,0.0,0.0
40.768102407455444,0.0,0.0,0.0
40.783090353012085,0.0,0.0,0.0
40.79767322540283,0.0,0.0,0.0
40.81183052062988,0.0,0.0,0.0
40.8255660533905,0.0,0.0,0.0
40.83974051475525,0.0,0.0,0.0
40.85355472564697,0.0,0.0,0.0
40.86855101585388,0.0,0.0,0.0
40.882792949676514,0.0,0.0,0.0
40.89751195907593,0.0,0.0,0.0
40.91261076927185,0.0,0.0,0.0
40.92547392845154,0.0,0.0,0.0
40.93944215774536,0.0,0.0,0.0
40.95440316200256,0.0,0.0,0.0
40.96749520301819,0.0,0.0,0.0
40.9833984375,0.0,0.0,0.0
40.99968433380127,0.0,0.0,0.0
41.01757884025574,0.0,0.0,0.0
41.0322585105896,0.0,0.0,0.0
41.04778814315796,0.0,0.0,0.0
41.06133508682251,0.0,0.0,0.0
41.07482933998108,0.0,0.0,0.0
41.09087824821472,0.0,0.0,0.0
41.10678219795227,0.0,0.0,0.0
41.12068819999695,0.0,0.0,0.0
41.13552165031433,0.0,0.0,0.0
41.15178656578064,0.0,0.0,0.0
41.167580366134644,0.0,0.0,0.0
41.18258810043335,0.0,0.0,0.0
41.19601631164551,0.0,0.0,0.0
41.20896029472351,0.0,0.0,0.0
41.225632429122925,0.0,0.0,0.0
41.239680767059326,0.0,0.0,0.0
41.2542290687561,0.0,0.0,0.0
41.277884006500244,0.0,0.0,0.0
41.291568756103516,0.0,0.0,0.0
41.304500102996826,0.0,0.0,0.0
41.31982707977295,0.0,0.0,0.0
41.33467245101929,0.0,0.0,0.0
41.348392724990845,0.0,0.0,0.0
41.364527463912964,0.0,0.0,0.0
41.38045525550842,0.0,0.0,0.0
41.39363217353821,0.0,0.0,0.0
41.40955376625061,0.0,0.0,0.0
41.42432403564453,0.0,0.0,0.0
41.44712018966675,0.0,0.0,0.0
41.46954393386841,0.0,0.0,0.0
41.49004316329956,0.0,0.0,0.0
41.50948452949524,0.0,0.0,0.0
41.530839920043945,0.0,0.0,0.0
41.5439658164978,0.0,0.0,0.0
41.55874729156494,0.0,0.0,0.0
41.57798147201538,0.0,0.0,0.0
41.59124445915222,0.0,0.0,0.0
41.610109090805054,0.0,0.0,0.0
41.62648034095764,0.0,0.0,0.0
41.64237189292908,0.0,0.0,0.0
41.657012939453125,0.0,0.0,0.0
41.67042851448059,0.0,0.0,0.0
41.683513879776,0.0,0.0,0.0
41.6966507434845,0.0,0.0,0.0
41.71159648895264,0.0,0.0,0.0
41.72726535797119,0.0,0.0,0.0
41.74520945549011,0.0,0.0,0.0
41.761571407318115,0.0,0.0,0.0
41.7772171497345,0.0,0.0,0.0
41.79316830635071,0.0,0.0,0.0
41.81761050224304,0.0,0.0,60.0
41.83252429962158,0.0,0.0,60.0
41.849175691604614,0.0,0.0,60.0
41.86494159698486,0.0,0.0,60.0
41.88498854637146,0.0,0.0,60.0
41.89963746070862,0.0,0.0,60.0
41.91494870185852,0.0,0.0,60.0
41.9287850856781,0.0,0.0,60.0
41.94265127182007,0.0,0.0,60.0
41.959383487701416,0.0,0.0,60.0
41.97325921058655,0.0,0.0,60.0
41.98881721496582,0.0,0.0,60.0
42.00552177429199,0.0,0.0,60.0
42.020556688308716,0.0,0.0,60.0
42.037203311920166,0.0,0.0,60.0
42.05219078063965,0.0,0.0,60.0
42.06567883491516,0.0,0.0,60.0
42.07936954498291,0.0,0.0,60.0
42.09421443939209,0.0,0.0,60.0
42.11057710647583,0.0,0.0,60.0
42.126551389694214,0.0,0.0,60.0
42.14274048805237,0.0,0.0,60.0
42.15922164916992,0.0,0.0,60.0
42.174630641937256,0.0,0.0,60.0
42.19067883491516,0.0,0.0,60.0
42.20543575286865,0.0,0.0,60.0
42.222697734832764,0.0,0.0,60.0
42.23850703239441,0.0,0.0,60.0
42.25517654418945,0.0,0.0,60.0
42.271764278411865,0.0,0.0,60.0
42.2869393825531,0.0,0.0,60.0
42.30237531661987,0.0,0.0,60.0
42.31573939323425,0.0,0.0,60.0
42.330057859420776,0.0,0.0,60.0
42.343910455703735,0.0,0.0,60.0
42.35725927352905,0.0,0.0,60.0
42.371087312698364,0.0,0.0,60.0
42.385767221450806,0.0,0.0,60.0
42.39988589286804,0.0,0.0,60.0
42.414132833480835,0.0,0.0,60.0
42.4302282333374,0.0,0.0,60.0
42.445289850234985,0.0,0.0,60.0
42.4596893787384,0.0,0.0,60.0
42.478376150131226,0.0,0.0,60.0
42.49482822418213,0.0,0.0,60.0
42.51028895378113,0.0,0.0,60.0
42.52350735664368,0.0,0.0,60.0
42.53794860839844,0.0,0.0,60.0
42.55160427093506,0.0,0.0,60.0
42.56716513633728,0.0,0.0,60.0
42.584420680999756,0.0,0.0,60.0
42.59924244880676,0.0,0.0,60.0
42.614813804626465,0.0,0.0,60.0
42.628936529159546,0.0,0.0,60.0
42.645668745040894,0.0,0.0,60.0
42.661569595336914,0.0,0.0,60.0
42.67614412307739,0.0,0.0,60.0
42.68992280960083,0.0,0.0,60.0
42.70396113395691,0.0,0.0,60.0
42.71894335746765,0.0,0.0,60.0
42.73402523994446,0.0,0.0,60.0
42.749192237854004,0.0,0.0,60.0
42.767133951187134,0.0,0.0,60.0
42.78292727470398,0.0,0.0,60.0
42.80038285255432,0.0,0.0,60.0
42.817960262298584,0.0,0.0,60.0
42.83308935165405,0.0,0.0,60.0
42.849036693573,0.0,0.0,60.0
42.86474013328552,0.0,0.0,60.0
42.8911612033844,0.0,0.0,0.0
42.906954526901245,0.0,0.0,0.0
42.92493009567261,0.0,0.0,0.0
42.93894290924072,0.0,0.0,0.0
42.95653748512268,0.0,0.0,0.0
42.972495317459106,0.0,0.0,0.0
42.99003195762634,0.0,0.0,0.0
43.005605936050415,0.0,0.0,0.0
43.01986598968506,0.0,0.0,0.0
43.035395860672,0.0,0.0,0.0
43.05098223686218,0.0,0.0,0.0
43.0658233165741,0.0,0.0,0.0
43.080179929733276,0.0,0.0,0.0
43.09509754180908,0.0,0.0,0.0
43.11081266403198,0.0,0.0,0.0
43.126994371414185,0.0,0.0,0.0
43.14262914657593,0.0,0.0,0.0
43.15810823440552,0.0,0.0,0.0
43.17424750328064,0.0,0.0,0.0
43.1901159286499,0.0,0.0,0.0
43.20614457130432,0.0,0.0,0.0
43.220871925354004,0.0,0.0,0.0
43.236698389053345,0.0,0.0,0.0
43.2528555393219,0.0,0.0,0.0
43.2684907913208,0.0,0.0,0.0
43.283608198165894,0.0,0.0,0.0
43.297924518585205,0.0,0.0,0.0
43.31174850463867,0.0,0.0,0.0
43.32461500167847,0.0,0.0,0.0
43.339014530181885,0.0,0.0,0.0
43.35239124298096,0.0,0.0,0.0
43.36799430847168,0.0,0.0,0.0
43.38297510147095,0.0,0.0,0.0
43.39715337753296,0.0,0.0,0.0
43.41149640083313,0.0,0.0,0.0
43.425519704818726,0.0,0.0,0.0
43.44183969497681,0.0,0.0,0.0
43.45761060714722,0.0,0.0,0.0
43.47601056098938,0.0,0.0,0.0
43.49108004570007,0.0,0.0,0.0
43.50615692138672,0.0,0.0,0.0
43.520673751831055,0.0,0.0,0.0
43.53676199913025,0.0,0.0,0.0
43.55143189430237,0.0,0.0,0.0
43.56561589241028,0.0,0.0,0.0
43.58250284194946,0.0,0.0,0.0
43.59827899932861,0.0,0.0,0.0
43.61343550682068,0.0,0.0,0.0
43.62803387641907,0.0,0.0,0.0
43.64510107040405,0.0,0.0,0.0
43.66248679161072,0.0,0.0,0.0
43.67803144454956,0.0,0.0,0.0
43.69447326660156,0.0,0.0,0.0
43.7077271938324,0.0,0.0,0.0
43.72496724128723,0.0,0.0,0.0
43.73988223075867,0.0,0.0,0.0
43.754587173461914,0.0,0.0,0.0
43.77010679244995,0.0,0.0,0.0
43.78690242767334,0.0,0.0,0.0
43.80172538757324,0.0,0.0,0.0
43.81480288505554,0.0,0.0,0.0
43.8311665058136,0.0,0.0,0.0
43.84609508514404,0.0,0.0,0.0
43.86197829246521,0.0,0.0,0.0
43.87740612030029,0.0,0.0,0.0
43.89215135574341,0.0,0.0,0.0
43.906561613082886,0.0,0.0,0.0
43.92233848571777,0.0,0.0,0.0
43.93821668624878,0.0,0.0,0.0
43.95185422897339,0.0,0.0,0.0
43.965415239334106,0.0,0.0,0.0
43.98365831375122,0.0,0.0,0.0
43.9990336894989,0.0,0.0,0.0
44.01585078239441,0.0,0.0,0.0
44.03163146972656,0.0,0.0,0.0
44.04697585105896,0.0,0.0,0.0
44.0632643699646,0.0,0.0,0.0
44.0781991481781,0.0,0.0,0.0
44.094191789627075,0.0,0.0,0.0
44.108688831329346,0.0,0.0,0.0
44.122825384140015,0.0,0.0,0.0
44.13958477973938,0.0,0.0,0.0
44.154768228530884,0.0,0.0,0.0
44.16896390914917,0.0,0.0,0.0
44.18380904197693,0.0,0.0,0.0
44.20146870613098,0.0,0.0,0.0
44.21682548522949,0.0,0.0,0.0
44.2318115234375,0.0,0.0,0.0
44.244808197021484,0.0,0.0,0.0
44.25928497314453,0.0,0.0,0.0
44.276357650756836,0.0,0.0,0.0
44.293776750564575,0.0,0.0,0.0
44.309146881103516,0.0,0.0,0.0
44.32339835166931,0.0,0.0,0.0
44.33788871765137,0.0,0.0,0.0
44.352307081222534,0.0,0.0,0.0
44.36641049385071,0.0,0.0,0.0
44.3795280456543,0.0,0.0,0.0
44.39692187309265,0.0,0.0,0.0
44.41204833984375,0.0,0.0,0.0
44.42657828330994,0.0,0.0,0.0
44.44151854515076,0.0,0.0,0.0
44.45683407783508,0.0,0.0,0.0
44.47331118583679,0.0,0.0,0.0
44.48858880996704,0.0,0.0,0.0
44.5027756690979,0.0,0.0,0.0
44.5168297290802,0.0,0.0,0.0
44.53186750411987,0.0,0.0,0.0
44.54700684547424,0.0,0.0,0.0
44.570809841156006,0.0,0.0,0.0
44.58397912979126,0.0,0.0,0.0
44.598936319351196,0.0,0.0,0.0
44.613441705703735,0.0,0.0,0.0
44.62832427024841,0.0,0.0,0.0
44.642207622528076,0.0,0.0,0.0
44.658886432647705,0.0,0.0,0.0
44.67441272735596,0.0,0.0,0.0
44.68829870223999,0.0,0.0,0.0
44.703871726989746,0.0,0.0,0.0
44.71879506111145,0.0,0.0,0.0
44.73359966278076,0.0,0.0,0.0
44.750125885009766,0.0,0.0,0.0
44.76634383201599,0.0,0.0,0.0
44.781954288482666,0.0,0.0,0.0
44.79631328582764,0.0,0.0,0.0
44.81564450263977,0.0,0.0,0.0
44.829081773757935,0.0,0.0,0.0
44.84289813041687,0.0,0.0,0.0
44.85836124420166,0.0,0.0,0.0
44.8756217956543,0.0,0.0,0.0
44.89014005661011,0.0,0.0,0.0
44.90447998046875,0.0,0.0,0.0
44.917778730392456,0.0,0.0,0.0
44.93508005142212,0.0,0.0,0.0
44.94775128364563,0.0,0.0,0.0
44.96075963973999,0.0,0.0,0.0
44.97438883781433,0.0,0.0,0.0
44.98920679092407,0.0,0.0,0.0
45.00410079956055,0.0,0.0,0.0
45.019453287124634,0.0,0.0,0.0
45.03417158126831,0.0,0.0,0.0
45.050047636032104,0.0,0.0,0.0
45.065067529678345,0.0,0.0,0.0
45.08126735687256,0.0,0.0,0.0
45.095144271850586,0.0,0.0,0.0
45.11218619346619,0.0,0.0,0.0
45.127259731292725,0.0,0.0,0.0
45.14295530319214,0.0,0.0,0.0
45.15756011009216,0.0,0.0,0.0
45.1733136177063,0.0,0.0,0.0
45.1889443397522,0.0,0.0,0.0
45.206494092941284,0.0,0.0,0.0
45.222432136535645,0.0,0.0,0.0
45.236783027648926,0.0,0.0,0.0
45.25155162811279,0.0,0.0,0.0
45.26548361778259,0.0,0.0,0.0
45.28163719177246,0.0,0.0,0.0
45.296881914138794,0.0,0.0,0.0
45.311858892440796,0.0,0.0,0.0
45.32899045944214,0.0,0.0,0.0
45.34472942352295,0.0,0.0,0.0
45.358323097229004,0.0,0.0,0.0
45.37271595001221,0.0,0.0,0.0
45.38931345939636,0.0,0.0,0.0
45.408024072647095,0.0,0.0,0.0
45.42643690109253,0.0,0.0,0.0
45.442585945129395,0.0,0.0,0.0
45.45569634437561,0.0,0.0,0.0
45.47280812263489,0.0,0.0,0.0
45.48836350440979,0.0,0.0,0.0
45.503443479537964,0.0,0.0,0.0
45.51755118370056,0.0,0.0,0.0
45.531843423843384,0.0,0.0,0.0
45.54663133621216,0.0,0.0,0.0
45.56194806098938,0.0,0.0,0.0
45.58873534202576,0.0,0.0,0.0
45.60392928123474,0.0,0.0,0.0
45.61922001838684,0.0,0.0,0.0
45.63477396965027,0.0,0.0,0.0
45.65251612663269,0.0,0.0,0.0
45.668785095214844,0.0,0.0,0.0
45.68314218521118,0.0,0.0,0.0
45.69834589958191,0.0,0.0,0.0
45.71324801445007,0.0,0.0,0.0
45.72737503051758,0.0,0.0,0.0
45.74530792236328,0.0,0.0,0.0
45.7612681388855,0.0,0.0,0.0
45.77585005760193,0.0,0.0,0.0
45.79068374633789,0.0,0.0,0.0
45.80732774734497,0.0,0.0,0.0
45.82406830787659,0.0,0.0,0.0
45.8391330242157,0.0,0.0,0.0
45.85438275337219,0.0,0.0,0.0
45.87042570114136,0.0,0.0,0.0
45.88353395462036,0.0,0.0,0.0
45.896977186203,0.0,0.0,0.0
45.910619258880615,0.0,0.0,0.0
45.92362427711487,0.0,0.0,0.0
45.93739986419678,0.0,0.0,0.0
45.95090651512146,0.0,0.0,0.0
45.964174032211304,0.0,0.0,0.0
45.97756290435791,0.0,0.0,0.0
45.990482568740845,0.0,0.0,0.0
46.004295349121094,0.0,0.0,0.0
46.02036762237549,0.0,0.0,0.0
46.036457777023315,0.0,0.0,0.0
46.05140972137451,0.0,0.0,0.0
46.065637826919556,0.0,0.0,0.0
46.07989549636841,0.0,0.0,0.0
46.09515452384949,0.0,0.0,0.0
46.11088681221008,0.0,0.0,0.0
46.12780427932739,0.0,0.0,0.0
46.142298460006714,0.0,0.0,0.0
46.16006636619568,0.0,0.0,0.0
46.176254987716675,0.0,0.0,0.0
46.189067125320435,0.0,0.0,0.0
46.20499897003174,0.0,0.0,0.0
46.22144532203674,0.0,0.0,0.0
46.237853050231934,0.0,0.0,0.0
46.25413489341736,0.0,0.0,0.0
46.27471137046814,0.0,0.0,0.0
46.28973340988159,0.0,0.0,0.0
46.303372383117676,0.0,0.0,0.0
46.31721115112305,0.0,0.0,0.0
46.33100748062134,0.0,0.0,0.0
46.34563326835632,0.0,0.0,0.0
46.36139512062073,0.0,0.0,0.0
46.378098487854004,0.0,0.0,0.0
46.39348864555359,0.0,0.0,0.0
46.41001605987549,0.0,0.0,0.0
46.42654848098755,0.0,0.0,0.0
46.441800117492676,0.0,0.0,0.0
46.45767068862915,0.0,0.0,0.0
46.47428488731384,0.0,0.0,0.0
46.48799657821655,0.0,0.0,0.0
46.501354455947876,0.0,0.0,0.0
46.51580476760864,0.0,0.0,0.0
46.52977108955383,0.0,0.0,0.0
46.54613137245178,0.0,0.0,0.0
46.561904191970825,0.0,0.0,0.0
46.57818126678467,0.0,0.0,0.0
46.59453749656677,0.0,0.0,0.0
46.610960245132446,0.0,0.0,0.0
46.62794041633606,0.0,0.0,0.0
46.64196062088013,0.0,0.0,0.0
46.656248331069946,0.0,0.0,0.0
46.671271324157715,0.0,0.0,0.0
46.687344551086426,0.0,0.0,0.0
46.70477247238159,0.0,0.0,0.0
46.72041201591492,0.0,0.0,0.0
46.73620939254761,0.0,0.05,0.0
46.75348687171936,0.01,0.99,0.0
46.76893973350525,0.05,2.47,0.0
46.78325581550598,0.1,4.39,0.0
46.79856014251709,0.17,5.34,0.0
46.817612409591675,0.24,4.52,0.0
46.83411622047424,0.3,4.68,0.0
46.852041482925415,0.35,4.08,0.0
46.86559772491455,0.4,3.38,0.0
46.88158416748047,0.45,3.42,0.0
46.896825551986694,0.49,3.0,0.0
46.9114043712616,0.53,2.66,0.0
46.92777490615845,0.55,2.21,0.0
46.94369983673096,0.57,1.48,0.0
46.95934081077576,0.58,0.19,0.0
46.975892066955566,0.58,-0.02,0.0
46.99315357208252,0.58,0.0,0.0
47.00699067115784,0.58,0.0,0.0
47.02101922035217,0.58,0.0,0.0
47.03635883331299,0.58,0.0,0.0
47.05411076545715,0.58,-0.05,0.0
47.067936420440674,0.57,-0.38,0.0
47.08534073829651,0.56,-0.65,0.0
47.099374532699585,0.56,-0.38,0.0
47.11501479148865,0.56,0.0,0.0
47.13176870346069,0.56,0.0,0.0
47.14926791191101,0.56,0.0,0.0
47.16699528694153,0.56,0.0,0.0
47.182180404663086,0.56,0.0,0.0
47.19760584831238,0.56,0.0,0.0
47.21238374710083,0.56,0.0,0.0
47.22721338272095,0.56,0.0,0.0
47.244718074798584,0.56,0.0,0.0
47.26315760612488,0.56,0.0,0.0
47.280080795288086,0.56,0.0,0.0
47.2969286441803,0.56,0.0,0.0
47.31545948982239,0.56,0.0,0.0
47.330129861831665,0.56,0.0,0.0
47.34472966194153,0.56,0.0,0.0
47.36115384101868,0.56,0.0,0.0
47.377357482910156,0.56,0.0,0.0
47.39425086975098,0.56,0.0,0.0
47.41161823272705,0.56,0.0,0.0
47.42844605445862,0.56,0.0,0.0
47.444814682006836,0.56,0.0,0.0
47.463218688964844,0.56,0.0,0.0
47.48039960861206,0.56,0.0,0.0
47.49929428100586,0.56,0.0,0.0
47.51717209815979,0.56,0.0,0.0
47.53145670890808,0.56,0.0,0.0
47.5463593006134,0.56,0.0,0.0
47.56231212615967,0.56,0.0,0.0
47.57850193977356,0.56,0.0,0.0
47.595452547073364,0.56,0.0,0.0
47.61091995239258,0.56,0.0,0.0
47.62878370285034,0.56,0.0,0.0
47.6452431678772,0.56,0.0,0.0
47.66111636161804,0.56,0.0,0.0
47.67739272117615,0.56,0.0,0.0
47.69094109535217,0.56,0.0,0.0
47.70842957496643,0.56,0.0,0.0
47.725520849227905,0.56,0.0,0.0
47.7413227558136,0.56,0.0,0.0
47.759324073791504,0.56,0.0,0.0
47.77789306640625,0.56,0.0,0.0
47.793822050094604,0.56,0.0,0.0
47.80964493751526,0.56,0.0,0.0
47.82808232307434,0.56,0.0,0.0
47.84548473358154,0.56,0.0,0.0
47.861958503723145,0.56,0.0,0.0
47.87868881225586,0.56,0.0,0.0
47.89555644989014,0.56,0.0,0.0
47.912370443344116,0.56,0.0,0.0
47.92898154258728,0.56,0.0,0.0
47.94209337234497,0.56,0.0,0.0
47.95749354362488,0.56,0.0,0.0
47.97355341911316,0.56,0.0,0.0
47.98971676826477,0.56,0.0,0.0
48.0054829120636,0.56,0.0,0.0
48.02145743370056,0.56,0.0,0.0
48.04012179374695,0.56,0.0,0.0
48.0532968044281,0.56,0.0,0.0
48.07119607925415,0.56,0.0,0.0
48.084014892578125,0.56,0.0,0.0
48.09868407249451,0.56,0.0,0.0
48.116503953933716,0.56,0.0,0.0
48.13444685935974,0.56,0.0,0.0
48.15139126777649,0.56,0.0,0.0
48.165624380111694,0.56,0.0,0.0
48.17894625663757,0.56,0.0,0.0
48.19435167312622,0.56,0.0,0.0
48.208417892456055,0.56,0.0,0.0
48.22547960281372,0.56,0.0,0.0
48.240391969680786,0.56,0.0,0.0
48.256518840789795,0.56,0.0,0.0
48.27302098274231,0.56,0.0,0.0
48.28973126411438,0.56,0.0,0.0
48.30593919754028,0.56,0.0,0.0
48.323909521102905,0.56,0.0,0.0
48.34350252151489,0.56,0.0,0.0
48.360588788986206,0.56,0.0,0.0
48.37410616874695,0.56,0.0,0.0
48.39186477661133,0.56,0.0,0.0
48.409353494644165,0.56,0.0,0.0
48.42570614814758,0.56,0.0,0.0
48.441565990448,0.56,0.0,0.0
48.458847999572754,0.56,0.0,0.0
48.47470259666443,0.56,0.0,0.0
48.48875617980957,0.56,0.0,0.0
48.5047721862793,0.56,0.0,0.0
48.51907205581665,0.56,0.0,0.0
48.535564661026,0.56,0.0,0.0
48.55285048484802,0.56,0.0,0.0
48.570279359817505,0.56,0.0,0.0
48.58695316314697,0.56,0.0,0.0
48.60338521003723,0.56,0.0,0.0
48.616695404052734,0.56,0.0,0.0
48.632869720458984,0.56,0.0,0.0
48.64886546134949,0.56,0.0,0.0
48.66494822502136,0.56,0.0,0.0
48.67835068702698,0.56,0.0,0.0
48.695833683013916,0.56,0.0,0.0
48.713547706604004,0.56,0.0,0.0
48.728572845458984,0.56,0.0,0.0
48.74407601356506,0.56,0.0,0.0
48.76079750061035,0.56,0.0,0.0
48.77667737007141,0.56,0.0,0.0
48.792866230010986,0.56,0.0,0.0
48.80942249298096,0.56,0.0,0.0
48.826266288757324,0.56,0.0,0.0
48.841198444366455,0.56,0.0,0.0
48.857590675354004,0.56,0.0,0.0
48.87367582321167,0.56,0.0,0.0
48.89014172554016,0.56,0.0,0.0
48.903958559036255,0.56,0.0,0.0
48.91974759101868,0.56,0.0,0.0
48.93291902542114,0.56,0.0,0.0
48.94593358039856,0.56,0.0,0.0
48.95955681800842,0.56,0.0,0.0
48.97372555732727,0.56,0.0,0.0
48.98818802833557,0.56,0.0,0.0
49.00249195098877,0.56,0.0,0.0
49.017104625701904,0.56,0.0,0.0
49.03260135650635,0.56,0.0,0.0
49.051613092422485,0.56,0.0,0.0
49.06496477127075,0.56,0.0,0.0
49.07907676696777,0.56,0.0,0.0
49.09386920928955,0.56,0.0,0.0
49.10844969749451,0.56,0.0,0.0
49.126951456069946,0.56,0.0,0.0
49.142242193222046,0.56,0.0,0.0
49.15763998031616,0.56,0.0,0.0
49.1746883392334,0.56,0.0,0.0
49.19132447242737,0.56,0.0,0.0
49.2070734500885,0.56,0.0,0.0
49.22521185874939,0.56,0.0,0.0
49.24219226837158,0.56,0.0,0.0
49.257659673690796,0.56,0.0,0.0
49.27622723579407,0.56,0.0,0.0
49.29367280006409,0.56,0.0,0.0
49.309317111968994,0.56,0.0,0.0
49.32429909706116,0.56,0.0,0.0
49.33957839012146,0.56,0.0,0.0
49.35522723197937,0.56,0.0,0.0
49.37076687812805,0.56,0.0,0.0
49.38450050354004,0.56,0.0,0.0
49.39780950546265,0.56,0.0,0.0
49.41258001327515,0.56,0.0,0.0
49.43039560317993,0.56,0.0,0.0
49.446263551712036,0.56,0.0,0.0
49.4614155292511,0.56,0.0,0.0
49.477134227752686,0.56,0.0,0.0
49.49361062049866,0.56,0.0,0.0
49.50939726829529,0.56,0.0,0.0
49.524930477142334,0.56,0.0,0.0
49.53954792022705,0.56,0.0,0.0
49.55420684814453,0.56,0.0,0.0
49.57424473762512,0.56,0.0,0.0
49.595290184020996,0.56,0.0,0.0
49.61235761642456,0.56,0.0,0.0
49.62653136253357,0.56,0.0,0.0
49.643757343292236,0.56,0.0,0.0
49.6576611995697,0.56,0.0,0.0
49.672165393829346,0.56,0.0,0.0
49.688393115997314,0.56,0.0,0.0
49.70212960243225,0.56,0.0,0.0
49.71759057044983,0.56,0.0,0.0
49.730812311172485,0.56,0.0,0.0
49.746769189834595,0.56,0.0,0.0
49.76462721824646,0.56,0.0,0.0
49.777732372283936,0.56,0.0,0.0
49.7935688495636,0.56,0.0,0.0
49.80878257751465,0.56,0.0,0.0
49.82469058036804,0.56,0.0,0.0
49.83963632583618,0.56,0.0,0.0
49.853431224823,0.56,0.0,0.0
49.866321086883545,0.56,0.0,0.0
49.88015031814575,0.56,0.0,0.0
49.89468312263489,0.56,0.0,0.0
49.908169746398926,0.56,0.0,0.0
49.92485332489014,0.56,0.0,0.0
49.93830347061157,0.56,0.0,0.0
49.95447635650635,0.56,0.0,0.0
49.96925377845764,0.56,0.0,0.0
49.98300099372864,0.56,0.0,0.0
49.998825788497925,0.56,0.0,0.0
50.01620292663574,0.56,0.0,0.0
50.03277659416199,0.56,0.0,0.0
50.04635047912598,0.56,0.0,0.0
50.063138484954834,0.56,0.0,0.0
50.07965683937073,0.56,0.0,0.0
50.09498858451843,0.56,0.0,0.0
50.11432647705078,0.56,0.0,0.0
50.12835645675659,0.56,0.0,0.0
50.14270758628845,0.56,0.0,0.0
50.15917444229126,0.56,0.0,0.0
50.17736339569092,0.56,0.0,0.0
50.19203996658325,0.56,0.0,0.0
50.20770573616028,0.56,0.0,0.0
50.22486329078674,0.56,0.0,0.0
50.24778175354004,0.56,0.0,0.0
50.26306414604187,0.56,0.0,0.0
50.27957057952881,0.56,0.0,0.0
50.29467558860779,0.56,0.0,0.0
50.30886697769165,0.56,0.0,0.0
50.32389235496521,0.56,0.0,0.0
50.34204363822937,0.56,0.0,0.0
50.358675718307495,0.56,0.0,0.0
50.37250995635986,0.56,0.0,0.0
50.38552951812744,0.56,0.0,0.0
50.39855670928955,0.56,0.0,0.0
50.41158699989319,0.56,0.0,0.0
50.42547059059143,0.56,0.0,0.0
50.442193031311035,0.56,0.0,0.0
50.456318855285645,0.56,0.0,0.0
50.47203183174133,0.56,0.0,0.0
50.4899525642395,0.56,0.0,0.0
50.50668215751648,0.56,0.0,0.0
50.521241426467896,0.56,0.0,0.0
50.53785061836243,0.56,0.0,0.0
50.55332946777344,0.56,0.0,0.0
50.56857252120972,0.56,0.0,0.0
50.58511757850647,0.56,0.0,0.0
50.60191035270691,0.56,0.0,0.0
50.61838746070862,0.56,0.0,0.0
50.63538098335266,0.56,0.0,0.0
50.65041756629944,0.56,0.0,0.0
50.664241790771484,0.56,0.0,0.0
50.68057560920715,0.56,0.0,0.0
50.69681644439697,0.56,0.0,0.0
50.711663246154785,0.56,0.0,0.0
50.72727298736572,0.56,0.0,0.0
50.744166135787964,0.56,0.0,0.0
50.76478719711304,0.56,0.0,0.0
50.77936291694641,0.56,0.0,0.0
50.79423117637634,0.56,0.0,0.0
50.81027007102966,0.56,0.0,0.0
50.82350254058838,0.56,0.0,0.0
50.83977556228638,0.56,0.0,0.0
50.85545611381531,0.56,0.0,0.0
50.870370864868164,0.56,0.0,0.0
50.88358783721924,0.56,0.0,0.0
50.90207123756409,0.56,0.0,0.0
50.917282581329346,0.56,0.0,0.0
50.93443036079407,0.56,0.0,0.0
50.94858360290527,0.56,0.0,0.0
50.964579343795776,0.56,0.0,0.0
50.981059312820435,0.56,0.0,0.0
50.997689723968506,0.56,0.0,0.0
51.015624046325684,0.56,0.0,0.0
51.032554388046265,0.56,0.0,0.0
51.04743719100952,0.56,0.0,0.0
51.0687313079834,0.56,0.0,0.0
51.08219289779663,0.56,0.0,0.0
51.099833726882935,0.56,0.0,0.0
51.11586594581604,0.56,0.0,0.0
51.12914299964905,0.56,0.0,0.0
51.147534132003784,0.56,0.0,0.0
51.164315938949585,0.56,0.0,0.0
51.17905950546265,0.56,0.0,0.0
51.195292234420776,0.56,0.0,0.0
51.213733196258545,0.56,0.0,0.0
51.2275710105896,0.56,0.0,0.0
51.24570298194885,0.56,0.0,0.0
51.262372970581055,0.56,0.0,0.0
51.27658200263977,0.56,0.0,0.0
51.290080070495605,0.56,0.0,0.0
51.30673933029175,0.56,0.0,0.0
51.32077717781067,0.56,0.0,0.0
51.33468151092529,0.56,0.0,0.0
51.34873056411743,0.56,0.0,0.0
51.36405658721924,0.56,0.0,0.0
51.38509654998779,0.56,0.0,0.0
51.400177001953125,0.56,0.0,0.0
51.41762447357178,0.56,0.0,0.0
51.43201518058777,0.56,0.0,0.0
51.448532581329346,0.56,0.0,0.0
51.46470332145691,0.56,0.0,0.0
51.48049330711365,0.56,0.0,0.0
51.49500370025635,0.56,0.0,0.0
51.51034474372864,0.56,0.0,0.0
51.52435255050659,0.56,0.0,0.0
51.53738331794739,0.56,0.0,0.0
51.55079627037048,0.56,0.0,0.0
51.565277099609375,0.56,0.0,0.0
51.57966375350952,0.56,0.0,0.0
51.59429359436035,0.56,0.0,0.0
51.60867691040039,0.56,0.0,0.0
51.623486280441284,0.56,0.0,0.0
51.639955043792725,0.56,0.0,0.0
51.65734314918518,0.56,0.0,0.0
51.67696285247803,0.56,0.0,0.0
51.69323992729187,0.56,0.0,0.0
51.709312200546265,0.56,0.0,0.0
51.72371959686279,0.56,0.0,0.0
51.73917746543884,0.56,0.0,0.0
51.75444674491882,0.56,0.0,0.0
51.76948142051697,0.56,0.0,0.0
51.785096883773804,0.56,0.0,0.0
51.79995822906494,0.56,0.0,0.0
51.81542229652405,0.56,0.0,0.0
51.832767486572266,0.56,0.0,0.0
51.847954988479614,0.56,0.0,0.0
51.863264322280884,0.56,0.0,0.0
51.87711453437805,0.56,0.0,0.0
51.890963315963745,0.56,0.0,0.0
51.90587663650513,0.56,0.0,0.0
51.91964149475098,0.56,0.0,0.0
51.935826539993286,0.56,0.0,0.0
51.95154809951782,0.56,0.0,0.0
51.968047857284546,0.56,0.0,0.0
51.9810836315155,0.56,0.0,0.0
51.994282960891724,0.56,0.0,0.0
52.00777459144592,0.56,0.0,0.0
52.02112579345703,0.56,0.0,0.0
52.03458118438721,0.56,0.0,0.0
52.047693967819214,0.56,0.0,0.0
52.06079626083374,0.56,0.0,0.0
52.07370615005493,0.56,0.0,0.0
52.0868775844574,0.56,0.0,0.0
52.10012936592102,0.56,0.0,0.0
52.11340856552124,0.56,0.0,0.0
52.12642431259155,0.56,0.0,0.0
52.13914608955383,0.56,0.0,0.0
52.15346574783325,0.56,0.0,0.0
52.17111158370972,0.56,0.0,0.0
52.186675786972046,0.56,0.0,0.0
52.20317792892456,0.56,0.0,0.0
52.21964621543884,0.56,0.0,0.0
52.233559131622314,0.56,0.0,0.0
52.253093004226685,0.56,0.0,0.0
52.269965410232544,0.56,0.0,0.0
52.28754496574402,0.56,0.0,0.0
52.30364966392517,0.56,0.0,0.0
52.31920909881592,0.56,0.0,0.0
52.33518934249878,0.56,0.0,0.0
52.35039043426514,0.56,0.0,0.0
52.3651659488678,0.56,0.0,0.0
52.381791830062866,0.56,0.0,0.0
52.39744162559509,0.56,0.0,0.0
52.41418123245239,0.56,0.0,0.0
52.42909908294678,0.56,0.0,0.0
52.446608543395996,0.56,0.0,0.0
52.463714599609375,0.56,0.0,0.0
52.48137164115906,0.56,0.0,0.0
52.49963903427124,0.56,0.0,0.0
52.51456141471863,0.56,0.0,0.0
52.531655073165894,0.56,0.0,0.0
52.54837465286255,0.56,0.0,0.0
52.56689691543579,0.56,0.0,0.0
52.582911014556885,0.56,0.0,0.0
52.600104093551636,0.56,0.0,0.0
52.616290807724,0.56,0.0,0.0
52.63445734977722,0.56,0.0,0.0
52.65109086036682,0.56,0.0,0.0
52.672223806381226,0.56,0.0,0.0
52.68751907348633,0.56,0.0,0.0
52.70513916015625,0.56,0.0,0.0
52.71886944770813,0.56,0.0,0.0
52.73488402366638,0.56,0.0,0.0
52.750680923461914,0.56,0.0,0.0
52.769343852996826,0.56,0.0,0.0
52.78697943687439,0.56,0.0,0.0
52.80358099937439,0.56,0.0,0.0
52.82183837890625,0.56,0.0,0.0
52.83782958984375,0.56,0.0,0.0
52.854225873947144,0.56,0.0,0.0
52.87207746505737,0.56,0.0,0.0
52.88802742958069,0.56,0.0,0.0
52.905373096466064,0.56,0.0,0.0
52.920429706573486,0.56,0.0,0.0
52.93695282936096,0.56,0.0,0.0
52.9533166885376,0.56,0.0,0.0
52.96775507926941,0.56,0.0,0.0
52.98103976249695,0.56,0.0,0.0
52.99674463272095,0.56,0.0,0.0
53.0131311416626,0.56,0.0,0.0
53.032512187957764,0.56,0.0,0.0
53.04968476295471,0.56,0.0,0.0
53.06604194641113,0.56,0.0,0.0
53.08149290084839,0.56,0.0,0.0
53.094762325286865,0.56,0.0,0.0
53.110894203186035,0.56,0.0,0.0
53.12784242630005,0.56,0.0,0.0
53.1453115940094,0.56,0.0,0.0
53.15877032279968,0.56,0.0,0.0
53.17652916908264,0.56,0.0,0.0
53.192689180374146,0.56,0.0,0.0
53.20849370956421,0.56,0.0,0.0
53.224894285202026,0.56,0.0,0.0
53.238680839538574,0.56,0.0,0.0
53.253453493118286,0.56,0.0,0.0
53.26763367652893,0.56,0.0,0.0
53.28248476982117,0.56,0.0,0.0
53.29813289642334,0.56,0.0,0.0
53.3155472278595,0.56,0.0,0.0
53.331571102142334,0.56,0.0,0.0
53.349040031433105,0.56,0.0,0.0
53.362698793411255,0.56,0.0,0.0
53.37832474708557,0.56,0.0,0.0
53.39571285247803,0.56,0.0,0.0
53.412532567977905,0.56,0.0,0.0
53.42766737937927,0.56,0.0,0.0
53.44491672515869,0.56,0.0,0.0
53.46202039718628,0.56,0.0,0.0
53.476831912994385,0.56,0.0,0.0
53.49455428123474,0.56,0.0,0.0
53.50862193107605,0.56,0.0,0.0
53.523996114730835,0.56,0.0,0.0
53.539350509643555,0.56,0.0,0.0
53.55441904067993,0.56,0.0,0.0
53.57117319107056,0.56,0.0,0.0
53.587135791778564,0.56,0.0,0.0
53.60519814491272,0.56,0.0,0.0
53.62280201911926,0.56,0.0,0.0
53.637876987457275,0.56,0.0,0.0
53.65351438522339,0.56,0.0,0.0
53.67012405395508,0.56,0.0,0.0
53.68773055076599,0.56,0.0,0.0
53.70656204223633,0.56,0.0,0.0
53.724321126937866,0.56,0.0,0.0
53.742356300354004,0.56,0.0,0.0
53.758352756500244,0.56,0.0,0.0
53.77455472946167,0.56,0.0,0.0
53.79131293296814,0.56,0.0,0.0
53.808924198150635,0.56,0.0,0.0
53.82655644416809,0.56,0.0,0.0
53.84338164329529,0.56,0.0,0.0
53.862621545791626,0.56,0.0,0.0
53.88068652153015,0.56,0.0,0.0
53.89389514923096,0.56,0.0,0.0
53.91399359703064,0.56,0.0,0.0
53.932440519332886,0.56,0.0,0.0
53.94691777229309,0.56,0.0,0.0
53.963438510894775,0.56,0.0,0.0
53.97653889656067,0.56,0.0,0.0
53.98976469039917,0.56,0.0,0.0
54.00363230705261,0.55,-0.05,0.0
54.01899814605713,0.55,0.0,0.0
54.03424549102783,0.55,0.0,0.0
54.04982042312622,0.55,0.0,0.0
54.06743049621582,0.55,0.0,0.0
54.08380603790283,0.55,0.0,0.0
54.09958553314209,0.55,0.0,0.0
54.11527752876282,0.55,0.0,0.0
54.13308763504028,0.55,0.0,0.0
54.149446964263916,0.55,0.0,0.0
54.16617393493652,0.55,0.0,0.0
54.18317246437073,0.55,0.0,0.0
54.1977219581604,0.55,0.0,0.0
54.211910009384155,0.55,0.0,0.0
54.226359128952026,0.55,0.0,0.0
54.24072551727295,0.55,0.0,0.0
54.254979372024536,0.55,0.0,0.0
54.27021265029907,0.55,0.0,0.0
54.2856011390686,0.55,0.0,0.0
54.29971265792847,0.55,0.0,0.0
54.314536809921265,0.55,0.0,0.0
54.328289270401,0.55,0.0,0.0
54.34435415267944,0.55,0.0,0.0
54.36280846595764,0.55,0.0,0.0
54.379671812057495,0.55,0.0,0.0
54.398122787475586,0.55,0.0,0.0
54.411834716796875,0.55,0.0,0.0
54.428202867507935,0.55,0.0,0.0
54.44392704963684,0.55,0.0,0.0
54.46119952201843,0.55,0.0,0.0
54.476712226867676,0.55,0.0,0.0
54.49248170852661,0.55,0.0,0.0
54.507731914520264,0.55,0.0,0.0
54.523741006851196,0.55,0.0,0.0
54.538143157958984,0.55,0.0,0.0
54.554558992385864,0.55,0.0,0.0
54.57245659828186,0.55,0.0,0.0
54.58936834335327,0.55,0.0,0.0
54.60383725166321,0.55,0.0,0.0
54.619163513183594,0.55,0.0,0.0
54.63501977920532,0.55,0.0,0.0
54.6549973487854,0.55,0.0,0.0
54.67256999015808,0.55,0.0,0.0
54.68870186805725,0.55,0.0,0.0
54.703758239746094,0.55,0.0,0.0
54.72038125991821,0.55,0.0,0.0
54.73772358894348,0.55,0.0,0.0
54.75335192680359,0.55,0.0,0.0
54.769962787628174,0.55,0.0,0.0
54.78786325454712,0.55,0.0,0.0
54.80394506454468,0.55,0.0,0.0
54.819607973098755,0.55,0.0,0.0
54.8347864151001,0.55,0.0,0.0
54.85049605369568,0.55,0.0,0.0
54.86544942855835,0.55,0.0,0.0
54.88086938858032,0.55,0.0,0.0
54.89823532104492,0.55,0.0,0.0
54.916619062423706,0.55,0.0,0.0
54.933831214904785,0.55,0.0,0.0
54.95257782936096,0.55,0.0,0.0
54.96861290931702,0.55,0.0,0.0
54.98251175880432,0.55,0.0,0.0
54.995766162872314,0.55,0.0,0.0
55.00982666015625,0.55,0.0,0.0
55.02329349517822,0.55,0.0,0.0
55.03652310371399,0.55,0.0,0.0
55.0497190952301,0.55,0.0,0.0
55.067349910736084,0.55,0.0,0.0
55.084803342819214,0.55,0.0,0.0
55.101784467697144,0.55,0.0,0.0
55.11883878707886,0.55,0.0,0.0
55.134397745132446,0.55,0.0,0.0
55.149195194244385,0.55,0.0,0.0
55.164588928222656,0.55,0.0,0.0
55.18143272399902,0.55,0.0,0.0
55.196373462677,0.55,0.0,0.0
55.2128849029541,0.55,0.0,0.0
55.22841691970825,0.55,0.0,0.0
55.244823932647705,0.55,0.0,0.0
55.261210203170776,0.55,0.0,0.0
55.27869772911072,0.55,0.0,0.0
55.29439687728882,0.55,0.0,0.0
55.30933666229248,0.55,0.0,0.0
55.323864698410034,0.55,0.0,0.0
55.338916301727295,0.55,0.0,0.0
55.35451316833496,0.55,0.0,0.0
55.371439933776855,0.55,0.0,0.0
55.38852643966675,0.55,0.0,0.0
55.40675687789917,0.55,0.0,0.0
55.42276430130005,0.55,0.0,0.0
55.44105052947998,0.55,0.0,0.0
55.455116987228394,0.55,0.0,0.0
55.47143793106079,0.55,0.0,0.0
55.48645806312561,0.55,0.0,0.0
55.5051052570343,0.55,0.0,0.0
55.522650957107544,0.55,0.0,0.0
55.53816771507263,0.55,0.0,0.0
55.55384850502014,0.55,0.0,0.0
55.57064080238342,0.55,0.0,0.0
55.58922362327576,0.55,0.0,0.0
55.607155561447144,0.55,0.0,0.0
55.62412428855896,0.55,0.0,0.0
55.640714168548584,0.55,0.0,0.0
55.6574273109436,0.55,0.0,0.0
55.67538356781006,0.55,0.0,0.0
55.691086769104004,0.55,0.0,0.0
55.706512689590454,0.55,0.0,0.0
55.72113800048828,0.55,0.0,0.0
55.7362015247345,0.55,0.0,0.0
55.75367283821106,0.55,0.0,0.0
55.768959760665894,0.55,0.0,0.0
55.785834312438965,0.55,0.0,0.0
55.80293250083923,0.55,0.0,0.0
55.821186542510986,0.55,0.0,0.0
55.836445569992065,0.55,0.0,0.0
55.85245680809021,0.55,0.0,0.0
55.8678879737854,0.55,0.0,0.0
55.88432741165161,0.55,0.0,0.0
55.89865732192993,0.55,0.0,0.0
55.91466426849365,0.55,0.0,0.0
55.929311990737915,0.55,0.0,0.0
55.94505834579468,0.55,0.0,0.0
55.9608941078186,0.55,0.0,0.0
55.97514605522156,0.55,0.0,0.0
55.98908972740173,0.55,0.0,0.0
56.00296235084534,0.55,0.0,0.0
56.016063928604126,0.55,0.0,0.0
56.03046703338623,0.55,0.0,0.0
56.045185804367065,0.55,0.0,0.0
56.06132626533508,0.55,0.0,0.0
56.07460141181946,0.55,0.0,0.0
56.091710329055786,0.55,0.0,0.0
56.10627841949463,0.55,0.0,0.0
56.12258315086365,0.55,0.0,0.0
56.139636278152466,0.55,0.0,0.0
56.1574923992157,0.55,0.0,0.0
56.17508411407471,0.55,0.0,0.0
56.18900990486145,0.55,0.0,0.0
56.205440521240234,0.55,0.0,0.0
56.220637798309326,0.55,-0.1,0.0
56.23733973503113,0.55,0.0,0.0
56.25205111503601,0.55,0.0,0.0
56.26924467086792,0.55,0.0,0.0
56.28247690200806,0.55,0.0,0.0
56.30302572250366,0.55,0.0,0.0
56.321104288101196,0.55,0.0,0.0
56.33457970619202,0.55,0.0,0.0
56.34800577163696,0.55,0.0,0.0
56.3628454208374,0.55,0.0,0.0
56.377336263656616,0.55,0.0,0.0
56.39132308959961,0.55,0.0,0.0
56.40810513496399,0.55,0.0,0.0
56.42532467842102,0.55,0.0,0.0
56.441200256347656,0.55,0.0,0.0
56.457462787628174,0.55,0.0,0.0
56.47450065612793,0.55,0.0,0.0
56.48828887939453,0.55,0.0,0.0
56.502671003341675,0.55,0.0,0.0
56.516972064971924,0.55,0.0,0.0
56.530954360961914,0.55,0.0,0.0
56.546133041381836,0.55,0.0,0.0
56.56466031074524,0.55,0.0,0.0
56.57961297035217,0.55,0.0,0.0
56.59391784667969,0.55,0.0,0.0
56.609454870224,0.55,0.0,0.0
56.62588286399841,0.55,0.0,0.0
56.6438090801239,0.55,0.0,0.0
56.66288614273071,0.55,0.0,0.0
56.682255268096924,0.55,0.0,0.0
56.699625730514526,0.55,0.0,0.0
56.720176458358765,0.55,0.0,0.0
56.73871397972107,0.55,0.0,0.0
56.75677680969238,0.55,0.0,0.0
56.77122163772583,0.55,0.0,0.0
56.78766703605652,0.55,0.0,0.0
56.80312156677246,0.55,0.0,0.0
56.82055449485779,0.55,0.0,0.0
56.834808349609375,0.55,0.0,0.0
56.85305953025818,0.55,0.0,0.0
56.87012767791748,0.55,0.0,0.0
56.88544797897339,0.55,0.0,0.0
56.90008306503296,0.55,0.0,0.0
56.915308475494385,0.55,0.0,0.0
56.9288170337677,0.55,0.0,0.0
56.94517254829407,0.55,0.0,0.0
56.96238040924072,0.55,0.0,0.0
56.97723889350891,0.55,0.0,0.0
56.991984844207764,0.55,0.0,0.0
57.007386684417725,0.55,0.0,0.0
57.02367162704468,0.55,0.0,0.0
57.03843307495117,0.55,0.0,0.0
57.055235385894775,0.55,0.0,0.0
57.069485902786255,0.55,0.0,0.0
57.086179971694946,0.55,0.0,0.0
57.10227060317993,0.55,0.0,0.0
57.120872497558594,0.55,0.0,0.0
57.13651466369629,0.55,0.0,0.0
57.15291094779968,0.55,0.0,0.0
57.170100927352905,0.55,0.0,0.0
57.19019365310669,0.55,0.0,0.0
57.205477476119995,0.55,0.0,0.0
57.21955966949463,0.55,0.0,0.0
57.234508752822876,0.55,0.0,0.0
57.248109340667725,0.55,0.0,0.0
57.265533685684204,0.55,0.0,0.0
57.278916358947754,0.55,0.0,0.0
57.29508304595947,0.55,0.0,0.0
57.31017589569092,0.55,0.0,0.0
57.32750916481018,0.55,0.0,0.0
57.34134292602539,0.55,0.0,0.0
57.356197118759155,0.55,0.0,0.0
57.37088203430176,0.55,0.0,0.0
57.388097524642944,0.55,0.0,0.0
57.40237498283386,0.55,0.0,0.0
57.41519641876221,0.55,0.0,0.0
57.42834448814392,0.55,0.0,0.0
57.441399812698364,0.55,0.0,0.0
57.45413088798523,0.55,0.0,0.0
57.466959953308105,0.55,0.0,0.0
57.48048496246338,0.55,0.0,0.0
57.49612879753113,0.55,0.0,0.0
57.51165509223938,0.55,0.0,0.0
57.526244163513184,0.55,0.0,0.0
57.54000282287598,0.55,0.0,0.0
57.553120136260986,0.55,0.0,0.0
57.56623816490173,0.55,0.0,0.0
57.57968235015869,0.55,0.0,0.0
57.5940945148468,0.55,0.0,0.0
57.60942244529724,0.55,0.0,0.0
57.625765323638916,0.55,0.0,0.0
57.64220595359802,0.55,0.0,0.0
57.656996726989746,0.55,0.0,0.0
57.67203879356384,0.55,0.0,0.0
57.688936948776245,0.55,0.0,0.0
57.707987785339355,0.55,0.0,0.0
57.72648811340332,0.55,0.0,0.0
57.74488806724548,0.55,0.0,0.0
57.762829303741455,0.55,0.0,0.0
57.78041172027588,0.55,0.0,0.0
57.79825401306152,0.55,0.0,0.0
57.81611251831055,0.55,0.0,0.0
57.83043694496155,0.55,0.0,0.0
57.845417499542236,0.55,0.0,0.0
57.86446166038513,0.55,0.0,0.0
57.88074541091919,0.55,0.0,0.0
57.89825940132141,0.55,0.0,0.0
57.91288661956787,0.55,0.0,0.0
57.929770946502686,0.55,0.0,0.0
57.946295499801636,0.55,0.0,0.0
57.9613983631134,0.55,0.0,0.0
57.977248430252075,0.55,0.0,0.0
57.99239110946655,0.55,0.0,0.0
58.00736999511719,0.55,0.0,0.0
58.023223638534546,0.55,0.0,0.0
58.03766226768494,0.55,0.0,0.0
58.05283284187317,0.55,0.0,0.0
58.069159507751465,0.55,0.0,0.0
58.086753606796265,0.55,0.0,0.0
58.100345849990845,0.55,0.0,0.0
58.11745023727417,0.55,0.0,0.0
58.135631799697876,0.55,0.0,0.0
58.15089702606201,0.55,0.0,0.0
58.16822409629822,0.55,0.0,0.0
58.18487024307251,0.55,0.0,0.0
58.2007954120636,0.55,0.0,0.0
58.21904540061951,0.55,0.0,0.0
58.237159967422485,0.55,0.0,0.0
58.25275897979736,0.55,0.0,0.0
58.26974964141846,0.55,0.0,0.0
58.282487869262695,0.55,0.0,0.0
58.295573234558105,0.55,0.0,0.0
58.30873942375183,0.55,0.0,0.0
58.32206463813782,0.55,0.0,0.0
58.33525466918945,0.55,0.0,0.0
58.34866261482239,0.55,0.0,0.0
58.36273384094238,0.55,0.0,0.0
58.376347064971924,0.55,0.0,0.0
58.39103984832764,0.55,0.0,0.0
58.405168294906616,0.55,0.0,0.0
58.42169260978699,0.55,0.0,0.0
58.439154863357544,0.55,0.0,0.0
58.45474028587341,0.55,0.0,0.0
58.471171140670776,0.55,0.0,0.0
58.48679566383362,0.55,0.0,0.0
58.503700494766235,0.55,0.0,0.0
58.5223548412323,0.55,0.0,0.0
58.53681039810181,0.55,0.0,0.0
58.55799746513367,0.55,0.0,0.0
58.57350420951843,0.55,0.0,0.0
58.59053325653076,0.55,0.0,0.0
58.60690975189209,0.55,0.0,0.0
58.62174892425537,0.55,0.0,0.0
58.637364864349365,0.55,0.0,0.0
58.65435791015625,0.55,0.0,0.0
58.67147636413574,0.55,0.0,0.0
58.68487071990967,0.55,0.0,0.0
58.69946789741516,0.55,0.0,0.0
58.71601104736328,0.55,0.0,0.0
58.734044313430786,0.55,0.0,0.0
58.750853538513184,0.55,0.0,0.0
58.76651692390442,0.55,0.0,0.0
58.78259062767029,0.55,0.0,0.0
58.79981589317322,0.55,0.0,0.0
58.81564664840698,0.55,0.0,0.0
58.832329511642456,0.55,0.0,0.0
58.849785804748535,0.55,0.0,0.0
58.86625790596008,0.55,0.0,0.0
58.88446593284607,0.55,0.0,0.0
58.897976875305176,0.55,0.0,0.0
58.91413617134094,0.55,0.0,0.0
58.93098783493042,0.55,0.0,0.0
58.945326805114746,0.55,0.0,0.0
58.961360931396484,0.55,0.0,0.0
58.97518539428711,0.55,0.0,0.0
58.99071431159973,0.55,0.0,0.0
59.00799489021301,0.55,0.0,0.0
59.02382946014404,0.55,0.0,0.0
59.037105083465576,0.55,0.0,0.0
59.05012536048889,0.55,0.0,0.0
59.06389141082764,0.55,0.0,0.0
59.0778284072876,0.55,0.0,0.0
59.09332299232483,0.55,0.0,0.0
59.11220598220825,0.55,0.0,0.0
59.12933111190796,0.55,0.0,0.0
59.148295879364014,0.55,0.0,0.0
59.16626477241516,0.55,0.0,0.0
59.18343663215637,0.55,0.0,0.0
59.199467182159424,0.55,0.0,0.0
59.21309518814087,0.55,0.0,0.0
59.22915434837341,0.55,0.0,0.0
59.24791884422302,0.55,0.0,0.0
59.263108015060425,0.55,0.0,0.0
59.2825973033905,0.55,0.0,0.0
59.29771852493286,0.55,0.0,0.0
59.31420111656189,0.55,0.0,0.0
59.3282356262207,0.55,0.0,0.0
59.3429069519043,0.55,0.0,0.0
59.35745453834534,0.55,0.0,0.0
59.373019218444824,0.55,0.0,0.0
59.389615535736084,0.55,0.0,0.0
59.407339334487915,0.55,0.0,0.0
59.42114973068237,0.55,0.0,0.0
59.43947672843933,0.55,0.0,0.0
59.45526385307312,0.55,0.0,0.0
59.470664739608765,0.55,0.0,0.0
59.48778986930847,0.55,0.0,0.0
59.50790882110596,0.55,0.0,0.0
59.52355647087097,0.55,0.0,0.0
59.53910183906555,0.55,0.0,0.0
59.55700731277466,0.55,0.0,0.0
59.573933362960815,0.55,0.0,0.0
59.589571475982666,0.55,0.0,0.0
59.60561490058899,0.55,0.0,0.0
59.61876821517944,0.55,0.0,0.0
59.63202619552612,0.55,0.0,0.0
59.64730715751648,0.55,0.0,0.0
59.663050174713135,0.55,0.0,0.0
59.67900896072388,0.55,0.0,0.0
59.69583535194397,0.55,0.0,0.0
59.713067054748535,0.55,0.0,0.0
59.729750633239746,0.55,0.0,0.0
59.74669051170349,0.55,0.0,0.0
59.76446557044983,0.55,0.0,0.0
59.78296375274658,0.55,0.0,0.0
59.80009388923645,0.55,0.0,0.0
59.81810474395752,0.55,0.0,0.0
59.83564805984497,0.55,0.0,0.0
59.852640867233276,0.55,0.0,0.0
59.86905026435852,0.55,0.0,0.0
59.885090589523315,0.55,0.0,0.0
59.902055978775024,0.55,0.0,0.0
59.92049860954285,0.55,0.0,0.0
59.93950653076172,0.55,0.0,0.0
59.95582056045532,0.55,0.0,0.0
59.97272300720215,0.55,0.0,0.0
59.988566875457764,0.55,0.0,0.0
60.003047466278076,0.55,0.0,0.0
60.01654529571533,0.55,0.0,0.0
60.0313925743103,0.55,0.0,0.0
60.04419803619385,0.55,0.0,0.0
60.0576536655426,0.55,0.0,0.0
60.071770906448364,0.55,0.0,0.0
60.08582639694214,0.55,0.0,0.0
60.10006356239319,0.55,0.0,0.0
60.113526582717896,0.55,0.0,0.0
60.128013372421265,0.55,0.0,0.0
60.143253564834595,0.55,0.0,0.0
60.15963792800903,0.55,0.0,0.0
60.175944805145264,0.55,0.0,0.0
60.19561219215393,0.55,0.0,0.0
60.213388442993164,0.55,0.0,0.0
60.22718381881714,0.55,0.0,0.0
60.24437975883484,0.55,0.0,0.0
60.25827741622925,0.55,0.0,0.0
60.27594232559204,0.55,0.0,0.0
60.29086780548096,0.55,0.0,0.0
60.307230710983276,0.55,-0.05,0.0
60.32093811035156,0.55,0.0,0.0
60.33583045005798,0.55,-0.05,0.0
60.352229833602905,0.55,0.0,0.0
60.36792778968811,0.55,0.0,0.0
60.383907318115234,0.55,0.0,0.0
60.400020360946655,0.55,0.0,0.0
60.41645860671997,0.55,0.0,0.0
60.432387828826904,0.55,0.0,0.0
60.449259757995605,0.55,0.0,0.0
60.466715574264526,0.55,0.0,0.0
60.484362840652466,0.55,0.0,0.0
60.50200653076172,0.55,0.0,0.0
60.51883339881897,0.55,0.0,0.0
60.53593158721924,0.55,0.0,0.0
60.54993677139282,0.55,0.0,0.0
60.56566882133484,0.55,0.0,0.0
60.581525802612305,0.55,0.0,0.0
60.59500861167908,0.55,0.0,0.0
60.61194634437561,0.55,0.0,0.0
60.62850308418274,0.55,0.0,0.0
60.644458055496216,0.55,0.0,0.0
60.6616268157959,0.55,0.0,0.0
60.67755174636841,0.55,0.0,0.0
60.69280385971069,0.55,0.0,0.0
60.7104070186615,0.55,0.0,0.0
60.72783803939819,0.55,0.0,0.0
60.745301246643066,0.55,0.0,0.0
60.760191440582275,0.55,0.0,0.0
60.77651333808899,0.55,0.0,0.0
60.793577432632446,0.55,0.0,0.0
60.80816626548767,0.55,0.0,0.0
60.82522988319397,0.55,0.0,0.0
60.84459710121155,0.55,0.0,0.0
60.86134719848633,0.55,0.0,0.0
60.87875723838806,0.55,0.0,0.0
60.89405274391174,0.55,0.0,0.0
60.91125774383545,0.55,0.0,0.0
60.92897367477417,0.55,0.0,0.0
60.94430136680603,0.55,0.0,0.0
60.96114110946655,0.55,0.0,0.0
60.9764199256897,0.55,0.0,0.0
60.99501371383667,0.55,0.0,0.0
61.01064848899841,0.55,0.0,0.0
61.023921966552734,0.55,0.0,0.0
61.03703570365906,0.55,0.0,0.0
61.05003023147583,0.55,0.0,0.0
61.06328725814819,0.55,0.0,0.0
61.07854390144348,0.55,0.0,0.0
61.09190845489502,0.55,0.0,0.0
61.106823682785034,0.55,0.0,0.0
61.12284016609192,0.55,0.0,0.0
61.14028263092041,0.55,0.0,0.0
61.15829634666443,0.55,0.0,0.0
61.175652503967285,0.55,0.0,0.0
61.1908540725708,0.55,0.0,0.0
61.20786166191101,0.55,0.0,0.0
61.223811864852905,0.55,0.0,0.0
61.23895835876465,0.55,0.0,0.0
61.25339341163635,0.55,0.0,0.0
61.27293682098389,0.55,0.0,0.0
61.29152226448059,0.55,0.0,0.0
61.30892753601074,0.55,0.0,0.0
61.3269157409668,0.55,0.0,0.0
61.343552350997925,0.55,0.0,0.0
61.35723042488098,0.55,0.0,0.0
61.37114715576172,0.55,0.0,0.0
61.390127658843994,0.55,0.0,0.0
61.40838289260864,0.55,0.0,0.0
61.421436071395874,0.55,0.0,0.0
61.436548471450806,0.55,0.0,0.0
61.45159840583801,0.55,0.0,0.0
61.46782422065735,0.55,0.0,0.0
61.482985496520996,0.55,0.0,0.0
61.49965858459473,0.55,0.0,0.0
61.51894450187683,0.55,0.0,0.0
61.53660273551941,0.55,0.0,0.0
61.55361485481262,0.55,0.0,0.0
61.567482471466064,0.55,0.0,0.0
61.58607625961304,0.55,0.0,0.0
61.60156297683716,0.55,0.0,0.0
61.61793255805969,0.55,0.0,0.0
61.633280754089355,0.55,0.0,0.0
61.651310443878174,0.55,0.0,0.0
61.67107892036438,0.55,0.0,0.0
61.69267296791077,0.55,0.0,0.0
61.708123445510864,0.55,0.0,0.0
61.726215839385986,0.55,0.0,0.0
61.7425901889801,0.55,0.0,0.0
61.761662006378174,0.55,0.0,0.0
61.77946972846985,0.55,0.0,0.0
61.796536445617676,0.55,0.0,0.0
61.816981077194214,0.55,0.0,0.0
61.83178377151489,0.55,0.0,0.0
61.84911513328552,0.55,0.0,0.0
61.86884641647339,0.55,0.0,0.0
61.881938219070435,0.55,0.0,0.0
61.895365715026855,0.55,0.0,0.0
61.90892434120178,0.55,0.0,0.0
61.924025535583496,0.55,0.0,0.0
61.94236421585083,0.55,0.0,0.0
61.95990324020386,0.55,0.0,0.0
61.976686239242554,0.55,0.0,0.0
61.99333572387695,0.55,0.0,0.0
62.00861120223999,0.55,0.0,0.0
62.02447056770325,0.55,0.0,0.0
62.03819227218628,0.55,0.0,0.0
62.054131269454956,0.55,0.02,0.0
62.067312479019165,0.55,-0.02,0.0
62.08025312423706,0.55,-0.05,0.0
62.093400955200195,0.55,-0.04,0.0
62.105934381484985,0.55,0.0,0.0
62.11898589134216,0.55,-0.05,0.0
62.13192439079285,0.55,0.0,0.0
62.145079135894775,0.55,-0.05,0.0
62.158305644989014,0.55,0.0,0.0
62.17148041725159,0.55,0.0,0.0
62.1844277381897,0.55,0.0,0.0
62.197516679763794,0.55,0.0,0.0
62.210530519485474,0.55,0.0,0.0
62.22408699989319,0.55,0.0,0.0
62.23813319206238,0.55,0.0,0.0
62.251275300979614,0.55,0.0,0.0
62.26714038848877,0.55,0.0,0.0
62.28551411628723,0.55,0.0,0.0
62.3043212890625,0.55,0.0,0.0
62.32479691505432,0.55,0.0,0.0
62.34382081031799,0.55,0.0,0.0
62.36424684524536,0.55,0.0,0.0
62.38226675987244,0.55,0.0,0.0
62.397701263427734,0.55,0.0,0.0
62.41943430900574,0.55,0.0,0.0
62.435906171798706,0.55,0.0,0.0
62.45465850830078,0.55,0.0,0.0
62.467883586883545,0.55,0.0,0.0
62.48359441757202,0.55,-0.08,0.0
62.49817681312561,0.55,-0.05,0.0
62.514148235321045,0.55,0.0,0.0
62.52924919128418,0.55,0.0,0.0
62.54834270477295,0.55,0.0,0.0
62.566524267196655,0.55,0.0,0.0
62.58259677886963,0.55,0.0,0.0
62.59883689880371,0.55,0.0,0.0
62.61735701560974,0.55,0.0,0.0
62.63297986984253,0.55,0.0,0.0
62.64843153953552,0.55,0.0,0.0
62.66453409194946,0.55,0.0,0.0
62.683358669281006,0.55,0.0,0.0
62.70034217834473,0.55,-0.05,0.0
62.71582365036011,0.55,0.0,0.0
62.7325119972229,0.55,0.0,0.0
62.74836826324463,0.55,-0.02,0.0
62.76564311981201,0.55,0.0,0.0
62.779967308044434,0.55,0.0,0.0
62.795000076293945,0.55,0.0,0.0
62.809770345687866,0.55,0.0,0.0
62.82664966583252,0.55,-0.05,0.0
62.84305286407471,0.55,-0.04,0.0
62.85882639884949,0.55,0.0,0.0
62.8772349357605,0.55,0.0,0.0
62.89264369010925,0.55,0.0,0.0
62.90871572494507,0.55,0.0,0.0
62.92633104324341,0.55,0.0,0.0
62.94264888763428,0.55,0.0,0.0
62.95575666427612,0.55,0.0,0.0
62.97393798828125,0.55,0.0,0.0
62.99163603782654,0.55,0.0,0.0
63.007928133010864,0.55,0.0,0.0
63.0241494178772,0.55,0.0,0.0
63.037954807281494,0.55,0.0,0.0
63.05126476287842,0.55,0.0,0.0
63.06422829627991,0.55,0.0,0.0
63.077690839767456,0.55,0.0,0.0
63.09095811843872,0.55,0.0,0.0
63.10415005683899,0.55,0.0,0.0
63.11728382110596,0.55,0.0,0.0
63.130433320999146,0.55,0.0,0.0
63.14358329772949,0.55,0.0,0.0
63.15653109550476,0.55,0.0,0.0
63.170122385025024,0.55,0.0,0.0
63.183326721191406,0.55,0.0,0.0
63.198097467422485,0.55,0.0,0.0
63.21424984931946,0.55,0.0,0.0
63.231072664260864,0.55,0.0,0.0
63.24754214286804,0.55,0.0,0.0
63.26540565490723,0.55,0.0,0.0
63.284305572509766,0.55,0.0,0.0
63.30106449127197,0.55,0.0,0.0
63.32149076461792,0.55,0.0,0.0
63.3379111289978,0.55,0.0,0.0
63.3538875579834,0.55,0.0,0.0
63.371018409729004,0.55,0.0,0.0
63.387234687805176,0.55,0.0,0.0
63.404492139816284,0.55,0.0,0.0
63.42092514038086,0.55,0.0,0.0
63.4374144077301,0.55,0.0,0.0
63.453375816345215,0.55,0.0,0.0
63.46994185447693,0.55,0.0,0.0
63.489070653915405,0.55,0.0,0.0
63.50445055961609,0.55,0.0,0.0
63.51982378959656,0.55,0.0,0.0
63.533374547958374,0.55,0.0,0.0
63.54982233047485,0.55,0.0,0.0
63.565040588378906,0.55,0.0,0.0
63.57960224151611,0.55,0.0,0.0
63.59790897369385,0.55,0.0,0.0
63.61291575431824,0.55,0.0,0.0
63.62699341773987,0.55,0.0,0.0
63.64287209510803,0.55,0.0,0.0
63.657694816589355,0.55,0.0,0.0
63.6734893321991,0.55,0.0,0.0
63.68935704231262,0.55,0.0,0.0
63.70568776130676,0.55,0.0,0.0
63.722413301467896,0.55,0.0,0.0
63.73866868019104,0.55,0.0,0.0
63.75707125663757,0.55,0.0,0.0
63.774264335632324,0.55,0.0,0.0
63.79021596908569,0.55,0.0,0.0
63.80677890777588,0.55,0.0,0.0
63.824254274368286,0.55,-0.05,0.0
63.841742515563965,0.55,0.0,0.0
63.856937408447266,0.55,0.0,0.0
63.874112367630005,0.55,0.0,0.0
63.89035725593567,0.55,0.0,0.0
63.90607190132141,0.55,0.0,0.0
63.91980600357056,0.55,0.0,0.0
63.935399293899536,0.55,0.0,0.0
63.94912505149841,0.55,0.0,0.0
63.96460795402527,0.55,0.0,0.0
63.98134398460388,0.55,0.0,0.0
63.99939751625061,0.55,0.0,0.0
64.01501727104187,0.54,-0.05,0.0
64.03219842910767,0.54,0.0,0.0
64.0494635105133,0.54,0.0,0.0
64.06468296051025,0.54,0.0,0.0
64.0779242515564,0.54,0.0,0.0
64.0912013053894,0.54,0.0,0.0
64.1045515537262,0.54,0.0,0.0
64.11799478530884,0.54,0.0,0.0
64.13271379470825,0.54,0.0,0.0
64.14680981636047,0.54,0.0,0.0
64.16296005249023,0.54,0.0,0.0
64.17839670181274,0.54,0.0,0.0
64.19711661338806,0.54,0.0,0.0
64.21377348899841,0.54,0.0,0.0
64.23309850692749,0.54,0.0,0.0
64.25085496902466,0.54,0.0,0.0
64.2665114402771,0.54,0.0,0.0
64.28064966201782,0.54,0.0,0.0
64.29482626914978,0.54,0.0,0.0
64.3100266456604,0.54,0.0,0.0
64.32690262794495,0.54,0.0,0.0
64.34383654594421,0.54,0.0,0.0
64.35969376564026,0.54,0.0,0.0
64.3750901222229,0.54,0.0,0.0
64.39099049568176,0.54,0.0,0.0
64.40498661994934,0.54,0.0,0.0
64.42131876945496,0.54,0.0,0.0
64.4379072189331,0.54,0.0,0.0
64.45343232154846,0.54,0.0,0.0
64.4678270816803,0.54,0.0,0.0
64.48390007019043,0.54,0.0,0.0
64.50294733047485,0.54,0.0,0.0
64.51998019218445,0.54,0.0,0.0
64.53697061538696,0.54,0.0,0.0
64.55146718025208,0.54,0.0,0.0
64.56742238998413,0.54,0.0,0.0
64.58748602867126,0.54,0.0,0.0
64.60727834701538,0.54,0.0,0.0
64.62676811218262,0.54,0.0,0.0
64.63991951942444,0.54,0.0,0.0
64.65422463417053,0.54,0.0,0.0
64.67093396186829,0.54,0.0,0.0
64.68638515472412,0.54,0.0,0.0
64.70096755027771,0.54,0.0,0.0
64.71859240531921,0.54,0.0,0.0
64.7354085445404,0.54,0.0,0.0
64.75187969207764,0.54,0.0,0.0
64.76895570755005,0.54,0.0,0.0
64.78753399848938,0.54,0.0,0.0
64.80379152297974,0.54,0.0,0.0
64.8206582069397,0.54,0.0,0.0
64.83409333229065,0.54,-0.02,0.0
64.84830260276794,0.54,0.0,0.0
64.86275792121887,0.54,0.0,0.0
64.87657308578491,0.54,0.0,0.0
64.8917806148529,0.54,-0.07,0.0
64.90685749053955,0.54,-0.04,0.0
64.92201566696167,0.54,0.0,0.0
64.93834924697876,0.54,-0.05,0.0
64.9532859325409,0.54,0.0,0.0
64.96979665756226,0.54,-0.15,0.0
64.98711442947388,0.54,0.0,0.0
65.00420904159546,0.54,-0.19,0.0
65.02019715309143,0.54,0.0,0.0
65.03665494918823,0.54,0.05,0.0
65.05188632011414,0.54,0.0,0.0
65.06543111801147,0.54,-0.05,0.0
65.0806987285614,0.54,0.0,0.0
65.09611701965332,0.54,-0.05,0.0
65.11145901679993,0.54,-0.02,0.0
65.12774801254272,0.54,0.0,0.0
65.1411600112915,0.54,0.0,0.0
65.15681004524231,0.54,0.0,0.0
65.17339754104614,0.54,-0.09,0.0
65.188805103302,0.53,-0.09,0.0
65.20525908470154,0.53,-0.13,0.0
65.21795892715454,0.53,-0.25,0.0
65.23112320899963,0.53,0.05,0.0
65.24459099769592,0.53,-0.1,0.0
65.2591118812561,0.53,-0.11,0.0
65.27404689788818,0.53,0.0,0.0
65.28809309005737,0.53,0.0,0.0
65.30347990989685,0.53,0.07,0.0
65.32150769233704,0.53,-0.05,0.0
65.33841395378113,0.53,0.0,0.0
65.35445404052734,0.53,-0.05,0.0
65.3687493801117,0.52,-0.14,0.0
65.382803440094,0.52,-0.05,0.0
65.39907550811768,0.52,-0.04,0.0
65.41617321968079,0.52,-0.17,0.0
65.43117713928223,0.52,-0.02,0.0
65.44489169120789,0.52,-0.04,0.0
65.46085119247437,0.52,0.02,0.0
65.47566771507263,0.52,-0.02,0.0
65.48995757102966,0.52,0.0,0.0
65.5052444934845,0.52,-0.05,0.0
65.52161121368408,0.52,-0.05,0.0
65.53719639778137,0.52,-0.04,0.0
65.5520761013031,0.52,0.0,0.0
65.56891131401062,0.52,0.0,0.0
65.58521747589111,0.52,0.0,0.0
65.600168466568,0.52,0.0,0.0
65.61612200737,0.52,0.0,0.0
65.63165307044983,0.52,0.0,0.0
65.64599967002869,0.52,0.0,0.0
65.66253185272217,0.52,0.0,0.0
65.67932271957397,0.52,0.0,0.0
65.69637775421143,0.52,0.0,0.0
65.71117043495178,0.52,0.0,0.0
65.72762680053711,0.52,0.0,0.0
65.74825143814087,0.52,0.0,0.0
65.76377248764038,0.52,0.0,0.0
65.78199100494385,0.52,0.0,0.0
65.79873275756836,0.52,0.0,0.0
65.81657266616821,0.52,0.0,0.0
65.83253717422485,0.52,-0.05,0.0
65.84974503517151,0.52,0.0,0.0
65.86778593063354,0.52,0.0,0.0
65.8861620426178,0.52,0.0,0.0
65.90351605415344,0.52,0.0,0.0
65.92104530334473,0.52,0.0,0.0
65.93683457374573,0.52,0.0,0.0
65.95348119735718,0.52,0.0,0.0
65.96877646446228,0.52,0.0,0.0
65.98566961288452,0.52,0.0,0.0
66.00136995315552,0.52,0.0,0.0
66.01808166503906,0.52,0.0,0.0
66.03537344932556,0.52,-0.05,0.0
66.04878830909729,0.52,0.0,0.0
66.06261992454529,0.52,-0.05,0.0
66.07563376426697,0.52,0.0,0.0
66.08993792533875,0.52,-0.02,0.0
66.10590314865112,0.52,0.0,0.0
66.11949682235718,0.52,0.0,0.0
66.13720750808716,0.51,-0.05,0.0
66.15407848358154,0.51,-0.04,0.0
66.16877007484436,0.51,0.0,0.0
66.18509292602539,0.51,0.0,0.0
66.19958281517029,0.51,0.0,0.0
66.2135238647461,0.51,0.0,0.0
66.22869062423706,0.51,0.0,0.0
66.24431133270264,0.51,0.0,0.0
66.26171851158142,0.51,0.0,0.0
66.28147101402283,0.51,0.0,0.0
66.29582905769348,0.51,0.0,0.0
66.31123733520508,0.51,0.0,0.0
66.3292818069458,0.51,-0.17,0.0
66.3483202457428,0.51,0.02,0.0
66.3615493774414,0.51,0.0,0.0
66.37572360038757,0.51,0.0,0.0
66.38965797424316,0.51,0.0,0.0
66.40498423576355,0.51,0.0,0.0
66.42135620117188,0.51,0.0,0.0
66.43631720542908,0.51,-0.05,0.0
66.45333456993103,0.51,0.0,0.0
66.46887636184692,0.51,0.0,0.0
66.48457741737366,0.51,0.0,0.0
66.50039672851562,0.51,0.0,0.0
66.5160768032074,0.51,0.0,0.0
66.5295557975769,0.51,0.0,0.0
66.54593396186829,0.51,0.0,0.0
66.56017827987671,0.51,0.0,0.0
66.5756516456604,0.51,0.0,0.0
66.5941972732544,0.51,0.0,0.0
66.61247301101685,0.51,0.0,0.0
66.62810802459717,0.51,0.0,0.0
66.64332342147827,0.51,0.0,0.0
66.6564838886261,0.51,0.0,0.0
66.67273235321045,0.51,0.0,0.0
66.68687295913696,0.51,0.0,0.0
66.69988179206848,0.51,0.0,0.0
66.71600222587585,0.51,0.0,0.0
66.73145842552185,0.51,0.0,0.0
66.74626779556274,0.51,0.0,0.0
66.7601637840271,0.51,0.0,0.0
66.77472710609436,0.51,0.0,0.0
66.78923416137695,0.51,0.0,0.0
66.80513548851013,0.51,0.0,0.0
66.8209798336029,0.51,0.0,0.0
66.83569836616516,0.51,0.0,0.0
66.8513035774231,0.51,0.0,0.0
66.8673644065857,0.51,0.0,0.0
66.88225150108337,0.51,0.0,0.0
66.89876961708069,0.51,0.0,0.0
66.91518878936768,0.51,0.0,0.0
66.93158102035522,0.51,-0.05,0.0
66.94917297363281,0.51,0.0,0.0
66.96739363670349,0.51,0.0,0.0
66.98407673835754,0.51,0.0,0.0
66.99798464775085,0.51,0.0,0.0
67.01821303367615,0.51,0.0,0.0
67.03304839134216,0.51,0.0,0.0
67.04663515090942,0.51,0.0,0.0
67.0598783493042,0.51,-0.05,0.0
67.07290863990784,0.51,0.0,0.0
67.0862021446228,0.51,0.0,0.0
67.09973764419556,0.51,0.0,0.0
67.11371302604675,0.51,0.0,0.0
67.12801671028137,0.51,0.0,0.0
67.14251637458801,0.51,0.0,0.0
67.15553998947144,0.51,0.0,0.0
67.16918301582336,0.51,0.0,0.0
67.1839394569397,0.51,0.0,0.0
67.19930505752563,0.51,0.0,0.0
67.21513819694519,0.51,0.0,0.0
67.23153805732727,0.51,0.0,0.0
67.24684810638428,0.51,0.0,0.0
67.26373195648193,0.51,0.0,0.0
67.28185081481934,0.51,0.0,0.0
67.29738855361938,0.51,0.0,0.0
67.31379699707031,0.51,0.0,0.0
67.33166599273682,0.51,0.0,0.0
67.34601902961731,0.51,0.0,0.0
67.36024618148804,0.51,0.0,0.0
67.37500405311584,0.51,0.0,0.0
67.38989186286926,0.51,0.0,0.0
67.40407156944275,0.51,0.0,0.0
67.41927361488342,0.51,0.0,0.0
67.43548583984375,0.51,0.0,0.0
67.45153641700745,0.51,0.0,0.0
67.46926403045654,0.51,0.0,0.0
67.48690605163574,0.51,0.0,0.0
67.5032217502594,0.51,0.0,0.0
67.51983857154846,0.51,0.0,0.0
67.53703451156616,0.51,0.0,0.0
67.55054545402527,0.51,0.0,0.0
67.56476855278015,0.51,0.0,0.0
67.57973718643188,0.51,0.0,0.0
67.59555101394653,0.51,0.0,0.0
67.61149954795837,0.51,0.0,0.0
67.6278338432312,0.51,0.0,0.0
67.64364838600159,0.51,0.0,0.0
67.65900492668152,0.51,0.0,0.0
67.67502331733704,0.51,0.0,0.0
67.68841910362244,0.51,0.0,0.0
67.70336079597473,0.51,0.0,0.0
67.72005367279053,0.51,0.0,0.0
67.7378408908844,0.51,0.0,0.0
67.7540192604065,0.51,0.0,0.0
67.76899695396423,0.51,0.0,0.0
67.78491806983948,0.51,0.0,0.0
67.80084943771362,0.51,0.0,0.0
67.81630516052246,0.51,0.0,0.0
67.83336567878723,0.51,0.0,0.0
67.8517062664032,0.51,0.0,0.0
67.86790871620178,0.51,0.0,0.0
67.88244414329529,0.51,0.0,0.0
67.89900302886963,0.51,0.0,0.0
67.91327238082886,0.51,0.0,0.0
67.93210768699646,0.51,0.0,0.0
67.94534921646118,0.51,0.0,0.0
67.9596734046936,0.51,0.0,0.0
67.97555303573608,0.51,0.0,0.0
67.99168992042542,0.51,0.0,0.0
68.00672650337219,0.51,0.0,0.0
68.02392339706421,0.51,0.0,0.0
68.04155945777893,0.51,0.0,0.0
68.0565345287323,0.51,0.0,0.0
68.07510757446289,0.51,0.0,0.0
68.08833861351013,0.51,0.0,0.0
68.10401844978333,0.51,0.0,0.0
68.11968421936035,0.51,0.0,0.0
68.13544821739197,0.51,0.0,0.0
68.14992451667786,0.51,0.0,0.0
68.16584205627441,0.51,0.0,0.0
68.184983253479,0.51,0.0,0.0
68.20014381408691,0.51,0.0,0.0
68.21457266807556,0.51,0.0,0.0
68.23021841049194,0.51,0.0,0.0
68.24574422836304,0.51,0.0,0.0
68.26362323760986,0.51,0.0,0.0
68.28358840942383,0.51,0.0,0.0
68.30177664756775,0.51,0.0,0.0
68.3161244392395,0.51,0.0,0.0
68.33125495910645,0.51,0.0,0.0
68.3482460975647,0.51,0.0,0.0
68.36442470550537,0.51,0.0,0.0
68.38126707077026,0.51,0.0,0.0
68.39627861976624,0.51,0.0,0.0
68.41400146484375,0.51,0.0,0.0
68.42797017097473,0.51,0.0,0.0
68.44298315048218,0.51,0.0,0.0
68.45709776878357,0.51,0.0,0.0
68.47199583053589,0.51,0.0,0.0
68.48546862602234,0.51,0.0,0.0
68.4985294342041,0.51,0.0,0.0
68.51157283782959,0.51,0.0,0.0
68.52445888519287,0.51,0.0,0.0
68.5378737449646,0.51,0.0,0.0
68.55336403846741,0.51,0.0,0.0
68.56966924667358,0.51,0.0,0.0
68.58590459823608,0.51,0.0,0.0
68.60116362571716,0.51,0.0,0.0
68.61524033546448,0.51,0.0,0.0
68.6319649219513,0.51,0.0,0.0
68.64859342575073,0.51,0.0,0.0
68.66522932052612,0.51,0.0,0.0
68.68206477165222,0.51,0.0,0.0
68.699147939682,0.51,0.0,0.0
68.716388463974,0.51,0.0,0.0
68.73407173156738,0.51,0.0,0.0
68.74954080581665,0.51,0.0,0.0
68.76666116714478,0.51,0.0,0.0
68.78304934501648,0.51,0.0,0.0
68.80014085769653,0.51,0.0,0.0
68.81554555892944,0.51,0.0,0.0
68.83102321624756,0.51,0.0,0.0
68.84456968307495,0.51,0.0,0.0
68.85998892784119,0.51,0.0,0.0
68.87826371192932,0.51,0.0,0.0
68.89260959625244,0.51,0.0,0.0
68.90867352485657,0.51,0.0,0.0
68.92493200302124,0.51,0.0,0.0
68.94093894958496,0.51,0.0,0.0
68.95651268959045,0.51,0.0,0.0
68.97179317474365,0.51,0.0,0.0
68.98745465278625,0.51,0.0,0.0
69.00237035751343,0.51,0.0,0.0
69.01677584648132,0.51,0.0,0.0
69.03271675109863,0.51,0.0,0.0
69.04745197296143,0.51,0.0,0.0
69.06320476531982,0.51,0.0,0.0
69.0766065120697,0.51,0.0,0.0
69.09182167053223,0.51,0.0,0.0
69.10516047477722,0.51,0.0,0.0
69.11845350265503,0.51,0.0,0.0
69.13262152671814,0.51,0.0,0.0
69.14600491523743,0.51,0.0,0.0
69.16027402877808,0.51,0.0,0.0
69.17462706565857,0.51,0.0,0.0
69.18823742866516,0.51,0.0,0.0
69.20117330551147,0.51,0.0,0.0
69.21525764465332,0.51,0.0,0.0
69.23195099830627,0.51,0.0,0.0
69.2454445362091,0.51,0.0,0.0
69.25893998146057,0.51,0.0,0.0
69.27459168434143,0.51,0.0,0.0
69.28839683532715,0.51,0.0,0.0
69.30338025093079,0.51,0.0,0.0
69.32129263877869,0.51,0.0,0.0
69.33783674240112,0.51,0.0,0.0
69.35062408447266,0.51,0.0,0.0
69.36364388465881,0.51,0.0,0.0
69.37785124778748,0.51,0.0,0.0
69.3936357498169,0.51,0.0,0.0
69.40992021560669,0.51,0.0,0.0
69.4244966506958,0.51,0.0,0.0
69.43871736526489,0.51,0.0,0.0
69.45374369621277,0.51,0.0,0.0
69.47048616409302,0.51,0.0,0.0
69.48699951171875,0.51,0.0,0.0
69.50025701522827,0.51,0.0,0.0
69.51464796066284,0.51,0.0,0.0
69.52730226516724,0.51,0.0,0.0
69.54191446304321,0.51,0.0,0.0
69.55626606941223,0.51,0.0,0.0
69.57372665405273,0.51,0.0,0.0
69.58841705322266,0.51,0.0,0.0
69.60268449783325,0.51,0.0,0.0
69.61912250518799,0.51,0.0,0.0
69.63534426689148,0.51,0.0,0.0
69.64912962913513,0.51,0.0,0.0
69.66481447219849,0.51,0.0,0.0
69.68173503875732,0.51,0.0,0.0
69.69712162017822,0.51,0.0,0.0
69.71735000610352,0.51,0.0,0.0
69.73447751998901,0.51,0.0,0.0
69.75128054618835,0.51,0.0,0.0
69.76726603507996,0.51,0.0,0.0
69.78283524513245,0.51,0.0,0.0
69.79982042312622,0.51,0.0,0.0
69.81683397293091,0.51,0.0,0.0
69.8326621055603,0.51,0.0,0.0
69.84797191619873,0.51,0.0,0.0
69.86372780799866,0.51,0.0,0.0
69.87700653076172,0.51,0.0,0.0
69.89076614379883,0.51,0.0,0.0
69.90384531021118,0.51,0.0,0.0
69.91777920722961,0.51,0.0,0.0
69.93209838867188,0.51,0.0,0.0
69.94726753234863,0.51,0.0,0.0
69.96114087104797,0.51,0.0,0.0
69.97559237480164,0.51,0.0,0.0
69.98964262008667,0.51,0.0,0.0
70.00365328788757,0.51,0.0,0.0
70.0178370475769,0.51,0.0,0.0
70.03356504440308,0.51,0.0,0.0
70.05030417442322,0.51,0.0,0.0
70.06511092185974,0.51,0.0,0.0
70.07859396934509,0.51,0.0,0.0
70.09283781051636,0.51,0.0,0.0
70.10607695579529,0.51,0.0,0.0
70.11936640739441,0.51,0.0,0.0
70.13300728797913,0.51,0.0,0.0
70.14765477180481,0.51,0.0,0.0
70.16286206245422,0.51,0.0,0.0
70.17833113670349,0.51,0.0,0.0
70.19453811645508,0.51,0.0,0.0
70.21080422401428,0.51,0.0,0.0
70.22609448432922,0.51,0.0,0.0
70.24124002456665,0.51,0.0,0.0
70.25659084320068,0.51,0.0,0.0
70.27537274360657,0.51,0.0,0.0
70.29287719726562,0.51,0.0,0.0
70.30989670753479,0.51,0.0,0.0
70.32791686058044,0.51,0.0,0.0
70.34099841117859,0.51,0.0,0.0
70.35570073127747,0.51,0.0,0.0
70.37182283401489,0.51,0.0,0.0
70.38703846931458,0.51,0.0,0.0
70.40240263938904,0.51,-0.05,0.0
70.41733980178833,0.51,0.0,0.0
70.432058095932,0.51,0.0,0.0
70.44593214988708,0.51,0.0,0.0
70.46052289009094,0.51,0.0,0.0
70.47375893592834,0.51,0.0,0.0
70.48765683174133,0.51,0.0,0.0
70.50167894363403,0.51,0.0,0.0
70.51563453674316,0.51,0.0,0.0
70.530686378479,0.51,0.0,0.0
70.54703712463379,0.51,0.0,0.0
70.56323266029358,0.51,0.0,0.0
70.57824993133545,0.51,-0.05,0.0
70.59300065040588,0.51,0.0,0.0
70.6090350151062,0.51,0.0,0.0
70.62580060958862,0.51,0.0,0.0
70.64421701431274,0.51,0.0,0.0
70.6618549823761,0.51,0.0,0.0
70.67800188064575,0.51,-0.05,0.0
70.69305658340454,0.51,0.0,0.0
70.70937705039978,0.51,0.0,0.0
70.72513580322266,0.51,-0.05,0.0
70.7426381111145,0.51,-0.04,0.0
70.76355028152466,0.51,0.0,0.0
70.78051471710205,0.51,0.0,0.0
70.79725527763367,0.51,0.0,0.0
70.81446623802185,0.51,0.0,0.0
70.83107233047485,0.51,0.0,0.0
70.84735155105591,0.51,0.0,0.0
70.86407518386841,0.51,0.0,0.0
70.87894701957703,0.51,0.0,0.0
70.89388465881348,0.51,0.0,0.0
70.91032075881958,0.51,0.0,0.0
70.92683410644531,0.51,0.0,0.0
70.94082546234131,0.51,0.0,0.0
70.95473670959473,0.51,0.0,0.0
70.96936249732971,0.51,0.0,0.0
70.98242855072021,0.51,0.0,0.0
70.996084690094,0.51,0.0,0.0
71.01065135002136,0.51,0.0,0.0
71.02477049827576,0.51,0.0,0.0
71.03972601890564,0.51,0.0,0.0
71.05276417732239,0.51,0.0,0.0
71.06719422340393,0.51,0.0,0.0
71.08086776733398,0.51,0.0,0.0
71.09860157966614,0.51,0.0,0.0
71.11151099205017,0.51,0.0,0.0
71.12653064727783,0.51,0.0,0.0
71.14188551902771,0.51,0.0,0.0
71.1555426120758,0.51,0.0,0.0
71.17103123664856,0.51,0.0,0.0
71.18853306770325,0.51,0.0,0.0
71.2056393623352,0.51,0.0,0.0
71.22313952445984,0.51,0.0,0.0
71.23907828330994,0.51,0.0,0.0
71.25431799888611,0.51,0.0,0.0
71.27278113365173,0.51,0.0,0.0
71.28857922554016,0.51,0.0,0.0
71.3066759109497,0.51,0.0,0.0
71.32158374786377,0.51,0.0,0.0
71.33643817901611,0.51,0.0,0.0
71.35235953330994,0.51,0.0,0.0
71.36934804916382,0.51,-0.05,0.0
71.38482236862183,0.51,-0.05,0.0
71.3985378742218,0.51,0.0,0.0
71.41252064704895,0.51,0.0,0.0
71.42625331878662,0.51,0.0,0.0
71.44009399414062,0.51,0.0,0.0
71.45429754257202,0.5,-0.05,0.0
71.47016716003418,0.5,0.0,0.0
71.48873662948608,0.5,0.0,0.0
71.50574135780334,0.5,0.0,0.0
71.52131700515747,0.5,-0.05,0.0
71.53699231147766,0.5,0.0,0.0
71.55224204063416,0.5,0.0,0.0
71.56741571426392,0.5,0.0,0.0
71.5820906162262,0.5,0.0,0.0
71.59801769256592,0.5,0.0,0.0
71.61468887329102,0.5,0.0,0.0
71.63047099113464,0.5,0.0,0.0
71.64766645431519,0.5,0.0,0.0
71.66304349899292,0.5,0.0,0.0
71.67730593681335,0.5,0.0,0.0
71.69309425354004,0.5,0.0,0.0
71.7062680721283,0.5,0.0,0.0
71.72205662727356,0.5,0.0,0.0
71.73508501052856,0.5,0.0,0.0
71.74819016456604,0.5,0.0,0.0
71.76252794265747,0.5,0.0,0.0
71.77634692192078,0.5,0.0,0.0
71.79190850257874,0.5,0.0,0.0
71.80708575248718,0.5,0.0,0.0
71.82108855247498,0.5,0.0,0.0
71.83551406860352,0.5,0.0,0.0
71.85122489929199,0.5,0.0,0.0
71.86691117286682,0.5,0.0,0.0
71.88525676727295,0.5,0.0,0.0
71.90570330619812,0.5,0.0,0.0
71.92144393920898,0.5,0.0,0.0
71.93885540962219,0.5,0.0,0.0
71.95505094528198,0.5,0.0,0.0
71.97072386741638,0.5,0.0,0.0
71.98895573616028,0.5,0.0,0.0
72.0036289691925,0.5,0.0,0.0
72.01745271682739,0.5,0.0,0.0
72.03303027153015,0.5,0.0,0.0
72.04798936843872,0.5,0.0,0.0
72.06401538848877,0.5,0.0,0.0
72.07721781730652,0.5,0.0,0.0
72.09202170372009,0.5,0.0,0.0
72.10568761825562,0.5,0.0,0.0
72.12043690681458,0.5,0.0,0.0
72.13531637191772,0.5,0.0,0.0
72.15031743049622,0.5,0.0,0.0
72.16516089439392,0.5,0.0,0.0
72.18005537986755,0.5,0.0,0.0
72.19775223731995,0.5,0.0,0.0
72.2190330028534,0.5,0.0,0.0
72.23302936553955,0.5,0.0,0.0
72.2492401599884,0.5,0.0,0.0
72.26540970802307,0.5,0.0,0.0
72.28186178207397,0.5,0.0,0.0
72.29762482643127,0.5,0.0,0.0
72.3147542476654,0.5,0.0,0.0
72.3277907371521,0.5,0.0,0.0
72.34345245361328,0.5,0.0,0.0
72.35975623130798,0.5,0.0,0.0
72.37300539016724,0.5,0.0,0.0
72.39052629470825,0.5,0.0,0.0
72.40523529052734,0.5,0.0,0.0
72.42139649391174,0.5,0.0,0.0
72.43834447860718,0.5,0.0,0.0
72.45224046707153,0.5,0.0,0.0
72.46821641921997,0.5,0.0,0.0
72.48341274261475,0.5,0.0,0.0
72.49755668640137,0.5,0.0,0.0
72.51176261901855,0.5,0.0,0.0
72.52544403076172,0.5,0.0,0.0
72.54130148887634,0.5,0.0,0.0
72.55573725700378,0.5,0.0,0.0
72.56958675384521,0.5,0.0,0.0
72.585196018219,0.5,0.0,0.0
72.59973239898682,0.5,0.0,0.0
72.61502504348755,0.5,0.0,0.0
72.62813425064087,0.5,0.0,0.0
72.64287066459656,0.5,0.0,0.0
72.65894651412964,0.5,0.0,0.0
72.67365574836731,0.5,0.0,0.0
72.68801808357239,0.5,0.0,0.0
72.70316886901855,0.5,0.0,0.0
72.71904158592224,0.5,0.0,0.0
72.73360180854797,0.5,0.0,0.0
72.7514009475708,0.5,0.0,0.0
72.76765727996826,0.5,0.0,0.0
72.78830003738403,0.5,0.0,0.0
72.80397963523865,0.5,0.0,0.0
72.8170154094696,0.5,0.0,0.0
72.8308846950531,0.5,0.0,0.0
72.84380793571472,0.5,0.0,0.0
72.85756278038025,0.5,0.0,0.0
72.87055993080139,0.5,-0.05,0.0
72.88529944419861,0.5,-0.09,0.0
72.90286135673523,0.5,0.0,0.0
72.91682028770447,0.5,0.0,0.0
72.93201327323914,0.5,0.0,0.0
72.94642996788025,0.5,0.0,0.0
72.95963382720947,0.5,0.0,0.0
72.97572064399719,0.5,0.0,0.0
72.9923357963562,0.5,0.0,0.0
73.00672912597656,0.5,0.0,0.0
73.02178120613098,0.5,0.0,0.0
73.0400230884552,0.5,0.0,0.0
73.05770444869995,0.5,0.0,0.0
73.07076692581177,0.5,0.0,0.0
73.08453416824341,0.5,0.0,0.0
73.0987617969513,0.5,0.0,0.0
73.11485433578491,0.5,-0.05,0.0
73.13128209114075,0.5,0.0,0.0
73.14799380302429,0.5,0.0,0.0
73.1613438129425,0.5,0.0,0.0
73.17510175704956,0.5,0.0,0.0
73.1880989074707,0.5,0.0,0.0
73.20227074623108,0.5,0.0,0.0
73.21532249450684,0.5,0.0,0.0
73.23000383377075,0.5,0.0,0.0
73.24440741539001,0.5,-0.05,0.0
73.25805830955505,0.5,0.0,0.0
73.27326464653015,0.5,0.0,0.0
73.28621435165405,0.5,0.0,0.0
73.3000738620758,0.5,0.0,0.0
73.31602835655212,0.5,0.0,0.0
73.32917785644531,0.5,0.0,0.0
73.34305787086487,0.5,0.0,0.0
73.35773372650146,0.5,0.0,0.0
73.37125039100647,0.5,0.0,0.0
73.3847405910492,0.5,0.0,0.0
73.39777565002441,0.5,0.0,0.0
73.41123151779175,0.5,0.0,0.0
73.42494130134583,0.5,0.0,0.0
73.4388120174408,0.5,0.0,0.0
73.45267724990845,0.5,0.0,0.0
73.46591877937317,0.5,0.0,0.0
73.4797158241272,0.5,0.0,0.0
73.49355173110962,0.5,0.0,0.0
73.50747323036194,0.5,0.0,0.0
73.52170443534851,0.5,0.0,0.0
73.53543376922607,0.5,0.0,0.0
73.54810309410095,0.5,0.0,0.0
73.56401348114014,0.5,0.0,0.0
73.57719898223877,0.5,0.0,0.0
73.59031844139099,0.5,0.0,0.0
73.60808062553406,0.5,0.0,0.0
73.6290774345398,0.5,0.0,0.0
73.6477038860321,0.5,0.0,0.0
73.66238260269165,0.5,0.0,0.0
73.67676162719727,0.5,0.0,0.0
73.69054555892944,0.5,0.0,0.0
73.70429730415344,0.5,0.0,0.0
73.7179663181305,0.5,0.0,0.0
73.73117017745972,0.5,0.0,0.0
73.74523758888245,0.5,0.0,0.0
73.75991463661194,0.5,0.0,0.0
73.77441048622131,0.5,0.0,0.0
73.78780174255371,0.5,0.0,0.0
73.80827951431274,0.5,0.0,0.0
73.821786403656,0.5,0.0,0.0
73.83745527267456,0.5,0.0,0.0
73.85446977615356,0.5,0.0,0.0
73.87082982063293,0.5,0.0,0.0
73.88639259338379,0.5,0.0,0.0
73.90035033226013,0.5,0.0,0.0
73.91826319694519,0.5,0.0,0.0
73.93158388137817,0.5,0.0,0.0
73.94761896133423,0.5,0.0,0.0
73.96232914924622,0.5,0.0,0.0
73.97871112823486,0.5,0.0,0.0
73.99367046356201,0.5,0.0,0.0
74.00858759880066,0.5,0.0,0.0
74.02528953552246,0.5,0.0,0.0
74.03922820091248,0.5,0.0,0.0
74.05420708656311,0.5,-0.02,0.0
74.07044172286987,0.5,0.0,0.0
74.08454513549805,0.5,-0.1,0.0
74.09807085990906,0.5,-0.02,0.0
74.11079335212708,0.5,0.0,0.0
74.12441945075989,0.5,-0.05,0.0
74.13806200027466,0.5,0.0,0.0
74.15122389793396,0.5,0.0,0.0
74.16773867607117,0.5,-0.05,0.0
74.18342876434326,0.5,0.0,0.0
74.1965262889862,0.5,0.02,0.0
74.20972204208374,0.5,0.0,0.0
74.22281837463379,0.5,0.0,0.0
74.23758840560913,0.5,0.0,0.0
74.25419092178345,0.5,0.0,0.0
74.26794934272766,0.5,0.0,0.0
74.28127527236938,0.5,0.0,0.0
74.29448390007019,0.5,0.0,0.0
74.30831289291382,0.5,0.0,0.0
74.32258296012878,0.5,0.0,0.0
74.33625912666321,0.5,0.0,0.0
74.35035514831543,0.5,0.0,0.0
74.36440992355347,0.5,0.0,0.0
74.3797037601471,0.5,0.0,0.0
74.39649271965027,0.5,0.0,0.0
74.41353416442871,0.5,0.0,0.0
74.4272518157959,0.5,0.0,0.0
74.44292759895325,0.5,0.0,0.0
74.45642375946045,0.5,0.0,0.0
74.46920537948608,0.5,0.0,0.0
74.4847764968872,0.5,-0.02,0.0
74.50233626365662,0.5,0.0,0.0
74.5181176662445,0.5,0.04,0.0
74.53548049926758,0.5,0.0,0.0
74.55569291114807,0.5,-0.02,0.0
74.57171893119812,0.5,0.0,0.0
74.58691787719727,0.5,0.0,0.0
74.60279870033264,0.5,0.0,0.0
74.62035870552063,0.5,0.0,0.0
74.63537383079529,0.5,0.0,0.0
74.6511619091034,0.5,0.0,0.0
74.67237281799316,0.5,0.0,0.0
74.68858671188354,0.5,0.0,0.0
74.70318961143494,0.5,0.0,0.0
74.71844673156738,0.5,0.0,0.0
74.73439598083496,0.5,0.0,0.0
74.75287294387817,0.5,0.0,0.0
74.76913189888,0.5,0.0,0.0
74.78669095039368,0.5,0.0,0.0
74.80389046669006,0.5,0.0,0.0
74.82243418693542,0.5,0.0,0.0
74.83805012702942,0.5,0.0,0.0
74.8559217453003,0.5,0.0,0.0
74.87118339538574,0.5,0.0,0.0
74.8861734867096,0.5,0.0,0.0
74.90191531181335,0.5,0.0,0.0
74.91672468185425,0.5,0.0,0.0
74.93439197540283,0.5,0.0,0.0
74.94760966300964,0.5,0.0,0.0
74.96263861656189,0.5,0.0,0.0
74.97799444198608,0.5,0.0,0.0
74.99781227111816,0.5,0.0,0.0
75.01608943939209,0.5,0.0,0.0
75.0332682132721,0.5,0.0,0.0
75.04726982116699,0.5,0.0,0.0
75.06068992614746,0.5,0.0,0.0
75.07347440719604,0.5,0.0,0.0
75.08717131614685,0.5,0.0,0.0
75.10223770141602,0.5,0.0,0.0
75.11535096168518,0.5,0.0,0.0
75.13061547279358,0.5,0.0,0.0
75.1458113193512,0.5,0.0,0.0
75.16196894645691,0.5,0.0,0.0
75.17677187919617,0.5,0.0,0.0
75.19216823577881,0.5,0.0,0.0
75.20649766921997,0.5,0.0,0.0
75.22267293930054,0.5,0.0,0.0
75.24011969566345,0.5,0.0,0.0
75.25790810585022,0.5,0.0,0.0
75.2762393951416,0.5,0.0,0.0
75.29298782348633,0.5,0.0,0.0
75.30619215965271,0.5,0.0,0.0
75.32097721099854,0.5,0.0,0.0
75.33826160430908,0.5,0.0,0.0
75.35182785987854,0.5,0.0,0.0
75.36722803115845,0.5,0.0,0.0
75.38023781776428,0.5,0.0,0.0
75.39525008201599,0.5,0.0,0.0
75.409353017807,0.5,0.0,0.0
75.42335295677185,0.5,0.0,0.0
75.43732786178589,0.5,0.0,0.0
75.45294046401978,0.5,0.0,0.0
75.46683859825134,0.5,0.0,0.0
75.48122501373291,0.5,0.0,0.0
75.49434113502502,0.5,0.0,0.0
75.50874352455139,0.5,0.0,0.0
75.52237868309021,0.5,0.0,0.0
75.53558015823364,0.5,0.0,0.0
75.54885625839233,0.5,0.0,0.0
75.56436824798584,0.5,0.0,0.0
75.58063626289368,0.5,0.0,0.0
75.59611129760742,0.5,0.0,0.0
75.61141085624695,0.5,0.0,0.0
75.62663960456848,0.5,0.0,0.0
75.64037108421326,0.5,0.0,0.0
75.65358686447144,0.5,0.0,0.0
75.66768836975098,0.5,0.0,0.0
75.68111324310303,0.5,0.0,0.0
75.69450664520264,0.5,0.0,0.0
75.70799827575684,0.5,0.0,0.0
75.72185635566711,0.5,0.0,0.0
75.73620319366455,0.5,0.0,0.0
75.75164484977722,0.5,0.0,0.0
75.76478385925293,0.5,0.0,0.0
75.77943778038025,0.5,0.0,0.0
75.79331755638123,0.5,0.0,0.0
75.80618071556091,0.5,0.0,0.0
75.82137489318848,0.5,0.0,0.0
75.83482933044434,0.5,0.0,0.0
75.8482117652893,0.5,0.0,0.0
75.86154699325562,0.5,0.0,0.0
75.8764398097992,0.5,0.0,0.0
75.89026188850403,0.5,0.0,0.0
75.90338253974915,0.5,0.0,0.0
75.91730999946594,0.5,0.0,0.0
75.92946124076843,0.5,0.0,0.0
75.944331407547,0.5,0.0,0.0
75.95773911476135,0.5,0.0,0.0
75.97188091278076,0.5,0.0,0.0
75.98663520812988,0.5,0.0,0.0
76.00050592422485,0.5,0.0,0.0
76.01419305801392,0.5,0.0,0.0
76.02675795555115,0.5,0.0,0.0
76.04162311553955,0.5,0.0,0.0
76.0568540096283,0.5,0.0,0.0
76.07066059112549,0.5,0.0,0.0
76.08489847183228,0.5,0.0,0.0
76.1011471748352,0.5,0.0,0.0
76.11412405967712,0.5,0.0,0.0
76.12830591201782,0.5,0.0,0.0
76.14462852478027,0.5,0.0,0.0
76.15769076347351,0.5,0.0,0.0
76.1709713935852,0.5,0.0,0.0
76.1843147277832,0.5,0.0,0.0
76.19830870628357,0.5,0.0,0.0
76.21481275558472,0.5,0.0,0.0
76.22885751724243,0.5,0.0,0.0
76.24385499954224,0.5,0.0,0.0
76.25895929336548,0.5,0.0,0.0
76.27228832244873,0.5,0.0,0.0
76.28531908988953,0.5,0.0,0.0
76.30098152160645,0.5,0.0,0.0
76.31468367576599,0.5,0.0,0.0
76.32888007164001,0.5,0.0,0.0
76.34333372116089,0.5,0.0,0.0
76.35654020309448,0.5,0.0,0.0
76.3736093044281,0.5,0.0,0.0
76.3870255947113,0.5,0.0,0.0
76.40001487731934,0.5,0.0,0.0
76.41304230690002,0.5,0.0,0.0
76.42655897140503,0.5,0.0,0.0
76.43979501724243,0.5,0.0,0.0
76.4527804851532,0.5,0.0,0.0
76.46741652488708,0.5,0.0,0.0
76.48204255104065,0.5,0.0,0.0
76.4982488155365,0.5,0.0,0.0
76.51366543769836,0.5,0.0,0.0
76.52779626846313,0.5,0.0,0.0
76.54125142097473,0.5,0.0,0.0
76.55527305603027,0.5,0.0,0.0
76.5714373588562,0.5,0.0,0.0
76.58594274520874,0.5,0.0,0.0
76.60043239593506,0.5,0.0,0.0
76.61544609069824,0.5,0.0,0.0
76.63150525093079,0.5,0.0,0.0
76.647136926651,0.5,0.0,0.0
76.66197037696838,0.5,0.0,0.0
76.67603826522827,0.5,0.0,0.0
76.6896550655365,0.5,0.0,0.0
76.70560717582703,0.5,0.0,0.0
76.72094440460205,0.5,0.0,0.0
76.73600912094116,0.5,0.0,0.0
76.750155210495,0.5,0.0,0.0
76.76471519470215,0.5,0.0,0.0
76.78141665458679,0.5,0.0,0.0
76.79653239250183,0.5,0.0,0.0
76.8138313293457,0.5,0.0,0.0
76.8289258480072,0.5,0.0,0.0
76.84256887435913,0.5,0.0,0.0
76.85662722587585,0.5,0.0,0.0
76.87235951423645,0.5,0.0,0.0
76.88526177406311,0.5,0.0,0.0
76.90016174316406,0.5,0.0,0.0
76.91675019264221,0.5,0.0,0.0
76.93218898773193,0.5,0.0,0.0
76.94611167907715,0.5,0.0,0.0
76.96142101287842,0.5,0.0,0.0
76.97728490829468,0.5,0.0,0.0
76.99177098274231,0.5,0.0,0.0
77.00938940048218,0.5,0.0,0.0
77.02245736122131,0.5,0.0,0.0
77.03858065605164,0.5,0.0,0.0
77.05335330963135,0.5,0.0,0.0
77.06972861289978,0.5,0.0,0.0
77.08896613121033,0.5,0.0,0.0
77.10292315483093,0.5,0.0,0.0
77.12224197387695,0.5,0.0,0.0
77.14207744598389,0.5,0.0,0.0
77.15794444084167,0.5,0.0,0.0
77.17197370529175,0.5,0.0,0.0
77.18803286552429,0.5,0.0,0.0
77.20299577713013,0.5,0.0,0.0
77.21834349632263,0.5,0.0,0.0
77.2338752746582,0.5,0.0,0.0
77.24695444107056,0.5,0.0,0.0
77.26169896125793,0.5,0.0,0.0
77.2797703742981,0.5,0.0,0.0
77.29757738113403,0.5,0.0,0.0
77.31791138648987,0.5,0.0,0.0
77.33302688598633,0.5,0.0,0.0
77.35181856155396,0.5,0.0,0.0
77.36979031562805,0.5,0.0,0.0
77.38581037521362,0.5,0.0,0.0
77.40446019172668,0.5,0.0,0.0
77.41870784759521,0.5,0.0,0.0
77.43360233306885,0.5,0.0,0.0
77.44862413406372,0.5,0.0,0.0
77.46346783638,0.5,0.0,0.0
77.47928190231323,0.5,0.0,0.0
77.49523496627808,0.5,0.0,0.0
77.51017427444458,0.5,0.0,0.0
77.52721667289734,0.5,0.0,0.0
77.54436540603638,0.5,0.0,0.0
77.55810737609863,0.5,0.0,0.0
77.57365918159485,0.5,0.0,0.0
77.59194874763489,0.5,0.0,0.0
77.60722398757935,0.5,0.0,0.0
77.62082195281982,0.5,0.0,0.0
77.63570547103882,0.5,0.0,0.0
77.65611028671265,0.5,0.0,0.0
77.67022562026978,0.5,0.0,0.0
77.68655943870544,0.5,0.0,0.0
77.70350480079651,0.5,0.0,0.0
77.7184853553772,0.5,0.0,0.0
77.73325204849243,0.5,0.0,0.0
77.74884510040283,0.5,0.0,0.0
77.7645034790039,0.5,0.0,0.0
77.7791359424591,0.5,0.0,0.0
77.79406070709229,0.5,0.0,0.0
77.80899477005005,0.5,0.0,0.0
77.82635450363159,0.5,0.0,0.0
77.84148716926575,0.5,0.0,0.0
77.85642528533936,0.5,0.0,0.0
77.8719425201416,0.5,0.0,0.0
77.88767266273499,0.5,0.0,0.0
77.90333080291748,0.5,0.0,0.0
77.92141342163086,0.5,0.0,0.0
77.9410331249237,0.5,0.0,0.0
77.95658707618713,0.5,0.0,0.0
77.97256207466125,0.5,0.0,0.0
77.98713660240173,0.5,0.0,0.0
78.0015778541565,0.5,0.0,0.0
78.03157138824463,0.5,0.0,0.0
78.04599666595459,0.5,0.0,0.0
78.0627384185791,0.5,0.0,0.0
78.076420545578,0.5,0.0,0.0
78.0912172794342,0.5,0.0,0.0
78.10963153839111,0.5,0.0,0.0
78.12599873542786,0.5,0.0,0.0
78.13916563987732,0.5,0.0,0.0
78.1555278301239,0.5,0.0,0.0
78.17228722572327,0.5,0.0,0.0
78.18869185447693,0.5,0.0,0.0
78.2057044506073,0.5,0.0,0.0
78.22321462631226,0.5,0.0,0.0
78.23825526237488,0.5,0.0,0.0
78.25586175918579,0.5,0.0,0.0
78.27292680740356,0.5,0.0,0.0
78.29331755638123,0.5,0.0,0.0
78.30975151062012,0.5,0.0,0.0
78.32776856422424,0.5,0.0,0.0
78.34710741043091,0.5,0.0,0.0
78.36420345306396,0.5,0.0,0.0
78.3782126903534,0.5,0.0,0.0
78.39531946182251,0.5,0.0,0.0
78.41100573539734,0.5,0.0,0.0
78.42791175842285,0.5,0.0,0.0
78.44118285179138,0.5,0.0,0.0
78.45524764060974,0.5,0.0,0.0
78.46987509727478,0.5,0.0,0.0
78.48388576507568,0.5,0.0,0.0
78.49858570098877,0.5,0.0,0.0
78.51192951202393,0.5,0.0,0.0
78.52781629562378,0.5,0.0,0.0
78.54419088363647,0.5,0.0,0.0
78.55776190757751,0.5,0.0,0.0
78.57486462593079,0.5,0.0,0.0
78.58807563781738,0.5,0.0,0.0
78.60328388214111,0.5,0.0,0.0
78.61752390861511,0.5,0.0,0.0
78.63368034362793,0.5,0.0,0.0
78.647700548172,0.5,0.0,0.0
78.66242408752441,0.5,0.0,0.0
78.67681646347046,0.5,0.0,0.0
78.69145774841309,0.5,0.0,0.0
78.70459222793579,0.5,0.0,0.0
78.71915197372437,0.5,0.0,0.0
78.73297500610352,0.5,0.0,0.0
78.746426820755,0.5,0.0,0.0
78.76131200790405,0.5,0.0,0.0
78.77720379829407,0.5,0.0,0.0
78.79175329208374,0.5,0.0,0.0
78.80669331550598,0.5,0.0,0.0
78.82380223274231,0.5,0.0,0.0
78.83779978752136,0.5,0.0,0.0
78.85397005081177,0.5,0.0,0.0
78.86907863616943,0.5,0.0,0.0
78.88332152366638,0.5,0.0,0.0
78.89652633666992,0.5,0.0,0.0
78.90986633300781,0.5,0.0,0.0
78.9238486289978,0.5,0.0,0.0
78.94017577171326,0.5,0.0,0.0
78.95309567451477,0.5,0.0,0.0
78.96713185310364,0.5,0.0,0.0
78.98118853569031,0.5,0.0,0.0
78.99566626548767,0.5,0.0,0.0
79.00959634780884,0.5,0.0,0.0
79.02222084999084,0.5,0.0,0.0
79.03583073616028,0.5,0.0,0.0
79.04890513420105,0.5,0.0,0.0
79.06255888938904,0.5,0.0,0.0
79.07665920257568,0.5,0.0,0.0
79.09119200706482,0.5,0.0,0.0
79.10729813575745,0.5,0.0,0.0
79.12263417243958,0.5,0.0,0.0
79.13832020759583,0.5,0.0,0.0
79.15155243873596,0.5,0.0,0.0
79.16486811637878,0.5,0.0,0.0
79.17833256721497,0.5,0.0,0.0
79.19173622131348,0.5,0.0,0.0
79.20958733558655,0.5,0.0,0.0
79.2241895198822,0.5,0.0,0.0
79.23811483383179,0.5,0.0,0.0
79.25268578529358,0.5,0.0,0.0
79.2708146572113,0.5,0.0,0.0
79.29013395309448,0.5,0.0,0.0
79.30982303619385,0.5,0.0,0.0
79.32670664787292,0.5,0.0,0.0
79.34333658218384,0.5,0.0,0.0
79.3577344417572,0.5,0.0,0.0
79.37415885925293,0.5,0.0,0.0
79.39009761810303,0.5,0.0,0.0
79.40744948387146,0.5,0.0,0.0
79.42326664924622,0.5,0.0,0.0
79.43763780593872,0.5,0.0,0.0
79.4536280632019,0.5,0.0,0.0
79.4688024520874,0.5,0.0,0.0
79.48236274719238,0.5,0.0,0.0
79.49663400650024,0.5,0.0,0.0
79.50982618331909,0.5,0.0,0.0
79.52548909187317,0.5,0.0,0.0
79.53969764709473,0.5,0.0,0.0
79.55615711212158,0.5,0.0,0.0
79.57361459732056,0.5,0.0,0.0
79.59209489822388,0.5,0.0,0.0
79.60811114311218,0.5,0.0,0.0
79.62599515914917,0.5,0.0,0.0
79.64271378517151,0.5,0.0,0.0
79.65864658355713,0.5,0.0,0.0
79.6755211353302,0.5,0.0,0.0
79.6888496875763,0.5,0.0,0.0
79.70542478561401,0.5,0.0,0.0
79.71973514556885,0.5,0.0,0.0
79.7342963218689,0.5,0.0,0.0
79.74928951263428,0.5,0.0,0.0
79.76222658157349,0.5,0.0,0.0
79.77556777000427,0.5,0.0,0.0
79.78837990760803,0.5,0.0,0.0
79.80137610435486,0.5,0.0,0.0
79.8155426979065,0.5,0.0,0.0
79.82874298095703,0.5,0.0,0.0
79.84255933761597,0.5,0.0,0.0
79.85762596130371,0.5,0.0,0.0
79.8706464767456,0.5,0.0,0.0
79.8848648071289,0.5,0.0,0.0
79.89856767654419,0.5,0.0,0.0
79.91174387931824,0.5,0.0,0.0
79.92936897277832,0.5,0.0,0.0
79.94412565231323,0.5,0.0,0.0
79.95953297615051,0.5,0.0,0.0
79.97412872314453,0.5,0.0,0.0
79.98792433738708,0.5,0.0,0.0
80.00150656700134,0.5,0.0,0.0
80.01424407958984,0.5,0.0,0.0
80.02795791625977,0.5,0.0,0.0
80.04256272315979,0.5,0.0,0.0
80.0575020313263,0.5,0.0,0.0
80.07115697860718,0.5,0.0,0.0
80.08441138267517,0.5,0.0,0.0
80.09755730628967,0.5,0.0,0.0
80.11108779907227,0.5,0.0,0.0
80.12518835067749,0.5,0.0,0.0
80.13917207717896,0.5,0.0,0.0
80.15381479263306,0.5,0.0,0.0
80.16849970817566,0.5,0.0,0.0
80.18258285522461,0.5,0.0,0.0
80.19548749923706,0.5,0.0,0.0
80.20992612838745,0.5,0.0,0.0
80.22476506233215,0.5,0.0,0.0
80.24010252952576,0.5,0.0,0.0
80.25327801704407,0.5,0.0,0.0
80.26834511756897,0.5,0.0,0.0
80.28377342224121,0.5,0.0,0.0
80.29945230484009,0.5,0.0,0.0
80.31494617462158,0.5,0.0,0.0
80.33035469055176,0.5,0.0,0.0
80.34627318382263,0.5,0.0,0.0
80.36161613464355,0.5,0.0,0.0
80.37643766403198,0.5,0.0,0.0
80.39101552963257,0.5,0.0,0.0
80.40554785728455,0.5,0.0,0.0
80.42107200622559,0.5,0.0,0.0
80.43938946723938,0.5,0.0,0.0
80.45276951789856,0.5,0.0,0.0
80.46873331069946,0.5,0.0,0.0
80.48516821861267,0.5,0.0,0.0
80.50052165985107,0.5,0.0,0.0
80.51660943031311,0.5,0.0,0.0
80.53019142150879,0.5,0.0,0.0
80.54435348510742,0.5,0.0,0.0
80.55797123908997,0.5,0.0,0.0
80.57099103927612,0.5,0.0,0.0
80.5838315486908,0.5,0.0,0.0
80.59762263298035,0.5,0.0,0.0
80.61237001419067,0.5,0.0,0.0
80.62575149536133,0.5,0.0,0.0
80.63969278335571,0.5,0.0,0.0
80.65372467041016,0.5,0.0,0.0
80.66685438156128,0.5,0.0,0.0
80.68003630638123,0.5,0.0,0.0
80.69395780563354,0.5,0.0,0.0
80.70799160003662,0.5,0.0,0.0
80.72380590438843,0.5,0.0,0.0
80.73969578742981,0.5,0.0,0.0
80.7561411857605,0.5,0.0,0.0
80.77230072021484,0.5,0.0,0.0
80.78728032112122,0.5,0.0,0.0
80.802001953125,0.5,0.0,0.0
80.81812953948975,0.5,0.0,0.0
80.83426570892334,0.5,0.0,0.0
80.85062503814697,0.5,0.0,0.0
80.86539316177368,0.5,0.0,0.0
80.88021349906921,0.5,0.0,0.0
80.89623737335205,0.5,0.0,0.0
80.91251158714294,0.5,0.0,0.0
80.92581725120544,0.5,0.0,0.0
80.94115328788757,0.5,0.0,0.0
80.95507645606995,0.5,0.0,0.0
80.96989679336548,0.5,0.0,0.0
80.98539972305298,0.5,0.0,0.0
80.9990439414978,0.5,0.0,0.0
81.0165593624115,0.5,0.0,0.0
81.03186202049255,0.5,0.0,0.0
81.045494556427,0.5,0.0,0.0
81.05880951881409,0.5,0.0,0.0
81.07195115089417,0.5,0.0,0.0
81.08573794364929,0.5,0.0,0.0
81.09979891777039,0.5,0.0,0.0
81.11579632759094,0.5,0.0,0.0
81.13123679161072,0.5,0.0,0.0
81.14814329147339,0.5,0.0,0.0
81.16258597373962,0.5,0.0,0.0
81.17669081687927,0.5,0.0,0.0
81.19455099105835,0.5,0.0,0.0
81.21072173118591,0.5,0.0,0.0
81.22577619552612,0.5,0.0,0.0
81.23970341682434,0.5,0.0,0.0
81.25573897361755,0.5,0.0,0.0
81.27362561225891,0.5,0.0,0.0
81.28744959831238,0.5,0.0,0.0
81.30049586296082,0.5,0.0,0.0
81.3122353553772,0.5,0.0,0.0
81.32520389556885,0.5,0.0,0.0
81.34036755561829,0.5,0.0,0.0
81.35702419281006,0.5,0.0,0.0
81.37129282951355,0.5,0.0,0.0
81.38419532775879,0.5,0.0,0.0
81.39729857444763,0.5,0.0,0.0
81.41056752204895,0.5,0.0,0.0
81.42360973358154,0.5,0.0,0.0
81.4366307258606,0.5,0.0,0.0
81.45242047309875,0.5,0.0,0.0
81.46634864807129,0.5,0.0,0.0
81.48201131820679,0.5,0.0,0.0
81.49732637405396,0.5,0.0,0.0
81.51236772537231,0.5,0.0,0.0
81.52593970298767,0.5,0.0,0.0
81.53973746299744,0.5,0.0,0.0
81.55391550064087,0.5,0.0,0.0
81.56954550743103,0.5,0.0,0.0
81.5859522819519,0.5,0.0,0.0
81.60018968582153,0.5,0.0,0.0
81.61463665962219,0.5,0.0,0.0
81.6333999633789,0.5,0.0,0.0
81.64727973937988,0.5,0.0,0.0
81.66215419769287,0.5,0.0,0.0
81.67708444595337,0.5,0.0,0.0
81.69106340408325,0.5,0.0,0.0
81.70553731918335,0.5,0.0,0.0
81.72085118293762,0.5,0.0,0.0
81.736980676651,0.5,0.0,0.0
81.75054550170898,0.5,0.0,0.0
81.76724600791931,0.5,0.0,0.0
81.78395366668701,0.5,0.0,0.0
81.79814028739929,0.5,0.0,0.0
81.81248164176941,0.5,0.0,0.0
81.82853698730469,0.5,0.0,0.0
81.8462393283844,0.5,0.0,0.0
81.85953569412231,0.5,0.0,0.0
81.87306642532349,0.5,0.0,0.0
81.88832473754883,0.5,0.0,0.0
81.90445041656494,0.5,0.0,0.0
81.9206793308258,0.5,0.0,0.0
81.93562817573547,0.5,0.0,0.0
81.95129323005676,0.5,0.0,0.0
81.96513676643372,0.5,0.0,0.0
81.98180270195007,0.5,0.0,0.0
81.99653506278992,0.5,0.0,0.0
82.0132668018341,0.5,0.0,0.0
82.03064322471619,0.5,0.0,0.0
82.04613852500916,0.5,0.0,0.0
82.06116819381714,0.5,0.0,0.0
82.0756196975708,0.5,0.0,0.0
82.088862657547,0.5,0.0,0.0
82.10260367393494,0.5,0.0,0.0
82.1164288520813,0.5,0.0,0.0
82.12956070899963,0.5,0.0,0.0
82.14260196685791,0.5,0.0,0.0
82.15591979026794,0.5,0.0,0.0
82.16912317276001,0.5,0.0,0.0
82.18217778205872,0.5,0.0,0.0
82.19521808624268,0.5,0.0,0.0
82.20952320098877,0.5,0.0,0.0
82.22313261032104,0.5,0.0,0.0
82.23756051063538,0.5,0.0,0.0
82.25075316429138,0.5,0.0,0.0
82.26454710960388,0.5,0.0,0.0
82.28012681007385,0.5,0.0,0.0
82.29662656784058,0.5,0.0,0.0
82.31272315979004,0.5,0.0,0.0
82.32736873626709,0.5,0.0,0.0
82.3410222530365,0.5,0.0,0.0
82.35559105873108,0.5,0.0,0.0
82.37175107002258,0.5,0.0,0.0
82.38765263557434,0.5,0.0,0.0
82.40455937385559,0.5,0.0,0.0
82.42002558708191,0.5,0.0,0.0
82.43637204170227,0.5,0.0,0.0
82.45284986495972,0.5,0.0,0.0
82.46772789955139,0.5,0.0,0.0
82.48199915885925,0.5,0.0,0.0
82.49714422225952,0.5,0.0,0.0
82.51395297050476,0.5,0.0,0.0
82.53010201454163,0.5,0.0,0.0
82.54559779167175,0.5,0.0,0.0
82.56094980239868,0.5,0.0,0.0
82.57593393325806,0.5,0.0,0.0
82.59216284751892,0.5,0.0,0.0
82.60809659957886,0.5,0.0,0.0
82.62667346000671,0.5,0.0,0.0
82.64014053344727,0.5,0.0,0.0
82.65461206436157,0.5,0.0,0.0
82.6691906452179,0.5,0.0,0.0
82.68472504615784,0.5,0.0,0.0
82.70082879066467,0.5,0.0,0.0
82.71599411964417,0.5,0.0,0.0
82.72964787483215,0.5,0.0,0.0
82.74307656288147,0.5,0.0,0.0
82.75671577453613,0.5,0.0,0.0
82.77171564102173,0.5,0.0,0.0
82.78585934638977,0.5,0.0,0.0
82.80199885368347,0.5,0.0,0.0
82.81883335113525,0.5,0.0,0.0
82.83632063865662,0.5,0.0,0.0
82.85046219825745,0.5,0.0,0.0
82.86642384529114,0.5,0.0,0.0
82.88296842575073,0.5,0.0,0.0
82.89637899398804,0.5,0.0,0.0
82.91406607627869,0.5,0.0,0.0
82.93133330345154,0.5,0.0,0.0
82.948007106781,0.5,0.0,0.0
82.96305012702942,0.5,0.0,0.0
82.97997903823853,0.5,0.0,0.0
82.99651980400085,0.5,0.0,0.0
83.0132474899292,0.5,0.0,0.0
83.03217768669128,0.5,0.0,0.0
83.04639530181885,0.5,0.0,0.0
83.06330966949463,0.5,0.0,0.0
83.07763600349426,0.5,0.0,0.0
83.09149432182312,0.5,0.0,0.0
83.10584235191345,0.5,0.0,0.0
83.1195592880249,0.5,0.0,0.0
83.13231611251831,0.5,0.0,0.0
83.14519381523132,0.5,0.0,0.0
83.15903425216675,0.5,0.0,0.0
83.17246556282043,0.5,0.0,0.0
83.18615126609802,0.5,0.0,0.0
83.20243859291077,0.5,0.0,0.0
83.21714091300964,0.5,0.0,0.0
83.2314305305481,0.5,0.0,0.0
83.24804449081421,0.5,0.0,0.0
83.26219463348389,0.5,0.0,0.0
83.27698493003845,0.5,0.0,0.0
83.29340887069702,0.5,0.0,0.0
83.30842185020447,0.5,0.0,0.0
83.3228268623352,0.5,0.0,0.0
83.3380024433136,0.5,0.0,0.0
83.3527500629425,0.5,0.0,0.0
83.36850810050964,0.5,0.0,0.0
83.38349509239197,0.5,0.0,0.0
83.3982481956482,0.5,0.0,0.0
83.41227269172668,0.5,0.0,0.0
83.42818284034729,0.5,0.0,0.0
83.44549512863159,0.5,0.0,0.0
83.4609124660492,0.5,0.0,0.0
83.47569108009338,0.5,0.0,0.0
83.49010586738586,0.5,0.0,0.0
83.50553178787231,0.5,0.0,0.0
83.52121424674988,0.5,0.0,0.0
83.53718066215515,0.5,0.0,0.0
83.55145001411438,0.5,0.0,0.0
83.56770038604736,0.5,0.0,0.0
83.58088636398315,0.5,0.0,0.0
83.59641480445862,0.5,0.0,0.0
83.61189556121826,0.5,0.0,0.0
83.6289873123169,0.5,0.0,0.0
83.64548063278198,0.5,0.0,0.0
83.66121363639832,0.5,0.0,0.0
83.67578792572021,0.5,0.0,0.0
83.69164395332336,0.5,0.0,0.0
83.70648527145386,0.5,0.0,0.0
83.72317099571228,0.5,0.0,0.0
83.73932409286499,0.5,0.0,0.0
83.75399875640869,0.5,0.0,0.0
83.76750445365906,0.5,0.0,0.0
83.78302240371704,0.5,0.0,0.0
83.79607915878296,0.5,0.0,0.0
83.81204199790955,0.5,0.0,0.0
83.82786774635315,0.5,0.0,0.0
83.84137272834778,0.5,0.0,0.0
83.85562896728516,0.5,0.0,0.0
83.87043571472168,0.5,0.0,0.0
83.88428163528442,0.5,0.0,0.0
83.90103793144226,0.5,0.0,0.0
83.91792583465576,0.5,0.0,0.0
83.93259763717651,0.5,0.0,0.0
83.94807767868042,0.5,0.0,0.0
83.96273040771484,0.5,0.0,0.0
83.97771000862122,0.5,0.0,0.0
83.99350714683533,0.5,0.0,0.0
84.0079574584961,0.5,0.0,0.0
84.0240433216095,0.5,0.0,0.0
84.0378828048706,0.5,0.0,0.0
84.05284237861633,0.5,0.0,0.0
84.06658387184143,0.5,0.0,0.0
84.07973408699036,0.5,0.0,0.0
84.09250140190125,0.5,0.0,0.0
84.10543704032898,0.5,0.0,0.0
84.1185519695282,0.5,0.0,0.0
84.13237738609314,0.5,0.0,0.0
84.14592838287354,0.5,0.0,0.0
84.15977025032043,0.5,0.0,0.0
84.17461109161377,0.5,0.0,0.0
84.19082450866699,0.5,0.0,0.0
84.20435357093811,0.5,0.0,0.0
84.21863341331482,0.5,0.0,0.0
84.23393106460571,0.5,0.0,0.0
84.2472493648529,0.5,0.0,0.0
84.2636992931366,0.5,0.0,0.0
84.28019523620605,0.5,0.0,0.0
84.29435062408447,0.5,0.0,0.0
84.308114528656,0.5,0.0,0.0
84.32230281829834,0.5,0.0,0.0
84.33764410018921,0.5,0.0,0.0
84.35115575790405,0.5,0.0,0.0
84.36617374420166,0.5,0.0,0.0
84.38281297683716,0.5,0.0,0.0
84.39842200279236,0.5,0.0,0.0
84.41353297233582,0.5,0.0,0.0
84.43074870109558,0.5,0.0,0.0
84.44764471054077,0.5,0.0,0.0
84.46218228340149,0.5,0.0,0.0
84.47574162483215,0.5,0.0,0.0
84.48918628692627,0.5,0.0,0.0
84.50225734710693,0.5,0.0,0.0
84.51683831214905,0.5,0.0,0.0
84.53296422958374,0.5,0.0,0.0
84.55015277862549,0.5,0.0,0.0
84.5663685798645,0.5,0.0,0.0
84.5810558795929,0.5,0.0,0.0
84.59769487380981,0.5,0.0,0.0
84.61598515510559,0.5,0.0,0.0
84.63095021247864,0.5,0.0,0.0
84.64771771430969,0.5,0.0,0.0
84.66214895248413,0.5,0.0,0.0
84.67788815498352,0.5,0.0,0.0
84.6945812702179,0.5,0.0,0.0
84.71051049232483,0.5,0.0,0.0
84.72626495361328,0.5,0.0,0.0
84.74368524551392,0.5,0.0,0.0
84.75991177558899,0.5,0.0,0.0
84.77698564529419,0.5,0.0,0.0
84.79306030273438,0.5,0.0,0.0
84.80856800079346,0.5,0.0,0.0
84.8245906829834,0.5,0.0,0.0
84.84080982208252,0.5,0.0,0.0
84.85721492767334,0.5,0.0,0.0
84.87168145179749,0.5,0.0,0.0
84.88727831840515,0.5,0.0,0.0
84.90789484977722,0.5,0.0,0.0
84.92252087593079,0.5,0.0,0.0
84.93998074531555,0.5,0.0,0.0
84.95471096038818,0.5,0.0,0.0
84.97025609016418,0.5,0.0,0.0
84.98443269729614,0.5,0.0,0.0
84.99740433692932,0.5,0.0,0.0
85.01693272590637,0.5,0.0,0.0
85.0334997177124,0.5,0.0,0.0
85.05035138130188,0.5,0.0,0.0
85.06389546394348,0.5,0.0,0.0
85.08355212211609,0.5,0.0,0.0
85.0996503829956,0.5,0.0,0.0
85.11570239067078,0.5,0.0,0.0
85.12871861457825,0.5,0.0,0.0
85.14618301391602,0.5,0.0,0.0
85.16241264343262,0.5,0.0,0.0
85.17627930641174,0.5,0.0,0.0
85.19067907333374,0.5,0.0,0.0
85.20589780807495,0.5,0.0,0.0
85.22212672233582,0.5,0.0,0.0
85.23936748504639,0.5,0.0,0.0
85.25446343421936,0.5,0.0,0.0
85.27158689498901,0.5,0.0,0.0
85.28555846214294,0.5,0.0,0.0
85.30102634429932,0.5,0.0,0.0
85.3148283958435,0.5,0.0,0.0
85.33030343055725,0.5,0.0,0.0
85.34572052955627,0.5,0.0,0.0
85.36257219314575,0.5,0.0,0.0
85.37689304351807,0.5,0.0,0.0
85.39254260063171,0.5,0.0,0.0
85.40821266174316,0.5,0.0,0.0
85.42264533042908,0.5,0.0,0.0
85.43886232376099,0.5,0.0,0.0
85.45330500602722,0.5,0.0,0.0
85.46935367584229,0.5,0.0,0.0
85.48366355895996,0.5,0.0,0.0
85.50009202957153,0.5,0.0,0.0
85.51551008224487,0.5,0.0,0.0
85.53314805030823,0.5,0.0,0.0
85.54982399940491,0.5,0.0,0.0
85.56456422805786,0.5,0.0,0.0
85.57778668403625,0.5,0.0,0.0
85.59134984016418,0.5,0.0,0.0
85.60437893867493,0.5,0.0,0.0
85.61752557754517,0.5,0.0,0.0
85.63102841377258,0.5,0.0,0.0
85.64462304115295,0.5,0.0,0.0
85.65782046318054,0.5,0.0,0.0
85.67169117927551,0.5,0.0,0.0
85.68452787399292,0.5,0.0,0.0
85.69913840293884,0.5,0.0,0.0
85.71579909324646,0.5,0.0,0.0
85.72952151298523,0.5,0.0,0.0
85.74368977546692,0.5,0.0,0.0
85.75898480415344,0.5,0.0,0.0
85.7726538181305,0.5,0.0,0.0
85.7869782447815,0.5,0.0,0.0
85.80126619338989,0.5,0.0,0.0
85.81838941574097,0.5,0.0,0.0
85.83436584472656,0.5,0.0,0.0
85.84909248352051,0.5,0.0,0.0
85.86369800567627,0.5,0.0,0.0
85.87978219985962,0.5,0.0,0.0
85.89603066444397,0.5,0.0,0.0
85.91155791282654,0.5,0.0,0.0
85.9271764755249,0.5,0.0,0.0
85.94045829772949,0.5,0.0,0.0
85.95417332649231,0.5,0.0,0.0
85.96946501731873,0.5,0.0,0.0
85.98588466644287,0.5,0.0,0.0
86.00088834762573,0.5,0.0,0.0
86.01492428779602,0.5,0.0,0.0
86.02851462364197,0.5,0.0,0.0
86.04237627983093,0.5,0.0,0.0
86.05943250656128,0.5,0.0,0.0
86.07336568832397,0.5,0.0,0.0
86.08912682533264,0.5,0.0,0.0
86.10268998146057,0.5,0.0,0.0
86.11947631835938,0.5,0.0,0.0
86.13455438613892,0.5,0.0,0.0
86.15162587165833,0.5,0.0,0.0
86.16604328155518,0.5,0.0,0.0
86.18157982826233,0.5,0.0,0.0
86.19604444503784,0.5,0.0,0.0
86.2101662158966,0.5,0.0,0.0
86.22532677650452,0.5,0.0,0.0
86.24022698402405,0.5,0.0,0.0
86.25381779670715,0.5,0.0,0.0
86.2708249092102,0.5,0.0,0.0
86.28825116157532,0.5,0.0,0.0
86.30286478996277,0.5,0.0,0.0
86.31818342208862,0.5,0.0,0.0
86.33188462257385,0.5,0.0,0.0
86.34861922264099,0.5,0.0,0.0
86.36404180526733,0.5,0.0,0.0
86.3834125995636,0.5,0.0,0.0
86.39838361740112,0.5,0.0,0.0
86.41283988952637,0.5,0.0,0.0
86.42650866508484,0.5,0.0,0.0
86.43977046012878,0.5,0.0,0.0
86.45317530632019,0.5,0.0,0.0
86.46664524078369,0.5,0.0,0.0
86.48157548904419,0.5,0.0,0.0
86.49520993232727,0.5,0.0,0.0
86.5094404220581,0.5,0.0,0.0
86.52481436729431,0.5,0.0,0.0
86.53902888298035,0.5,0.0,0.0
86.55241346359253,0.5,0.0,0.0
86.56605625152588,0.5,0.0,0.0
86.57933330535889,0.5,0.0,0.0
86.59365677833557,0.5,0.0,0.0
86.61026573181152,0.5,0.0,0.0
86.62426400184631,0.5,0.0,0.0
86.64122223854065,0.5,0.0,0.0
86.65511059761047,0.5,0.0,0.0
86.66879987716675,0.5,0.0,0.0
86.68320083618164,0.5,0.0,0.0
86.69697570800781,0.5,0.0,0.0
86.71246981620789,0.5,0.0,0.0
86.7280204296112,0.5,0.0,0.0
86.74319744110107,0.5,0.0,0.0
86.75818228721619,0.5,0.0,0.0
86.77307844161987,0.5,0.0,0.0
86.78699779510498,0.5,0.0,0.0
86.80136132240295,0.5,0.0,0.0
86.81809759140015,0.5,0.0,0.0
86.83428454399109,0.5,0.0,0.0
86.84935808181763,0.5,0.0,0.0
86.86414408683777,0.5,0.0,0.0
86.88133668899536,0.5,0.0,0.0
86.89674162864685,0.5,0.0,0.0
86.9106957912445,0.5,0.0,0.0
86.92439150810242,0.5,0.0,0.0
86.93860006332397,0.5,0.0,0.0
86.954336643219,0.5,0.0,0.0
86.96824097633362,0.5,0.0,0.0
86.98544645309448,0.5,0.0,0.0
87.0008065700531,0.5,0.0,0.0
87.01474165916443,0.5,0.0,0.0
87.03000545501709,0.5,0.0,0.0
87.04647922515869,0.5,0.0,0.0
87.059823513031,0.5,0.0,0.0
87.07267689704895,0.5,0.0,0.0
87.08571767807007,0.5,0.0,0.0
87.09911441802979,0.5,0.0,0.0
87.11486744880676,0.5,0.0,0.0
87.12863850593567,0.5,0.0,0.0
87.14154362678528,0.5,0.0,0.0
87.15566754341125,0.5,0.0,0.0
87.17017364501953,0.5,0.15,0.0
87.18369150161743,0.5,0.0,0.0
87.1970727443695,0.5,0.0,0.0
87.21237707138062,0.5,0.05,0.0
87.22583103179932,0.5,0.21,0.0
87.24033617973328,0.5,0.02,0.0
87.25430750846863,0.5,0.0,0.0
87.27023839950562,0.5,0.0,0.0
87.2841899394989,0.5,0.0,0.0
87.30554223060608,0.51,0.14,0.0
87.32283091545105,0.52,0.78,0.0
87.33776926994324,0.53,1.1,0.0
87.35474681854248,0.54,0.68,0.0
87.36902093887329,0.54,0.0,0.0
87.38278698921204,0.54,0.0,0.0
87.39759063720703,0.54,0.0,0.0
87.4130482673645,0.54,0.0,0.0
87.42943811416626,0.54,0.0,0.0
87.44600248336792,0.54,0.0,0.0
87.45904779434204,0.54,0.0,0.0
87.47266030311584,0.54,0.0,0.0
87.48813962936401,0.54,0.0,0.0
87.5026843547821,0.54,-0.15,0.0
87.51912307739258,0.53,-0.47,0.0
87.53510880470276,0.52,-0.72,0.0
87.54917502403259,0.51,-0.86,0.0
87.56281304359436,0.5,-0.78,0.0
87.58025598526001,0.49,-0.27,0.0
87.59817314147949,0.49,0.0,0.0
87.61164093017578,0.49,0.0,0.0
87.62648320198059,0.49,0.0,0.0
87.64200353622437,0.49,0.0,0.0
87.65516400337219,0.49,0.0,0.0
87.66992354393005,0.49,0.0,0.0
87.68523573875427,0.49,0.0,0.0
87.70162677764893,0.49,0.0,0.0
87.71649885177612,0.49,0.0,0.0
87.73017382621765,0.49,0.0,0.0
87.74517226219177,0.49,0.0,0.0
87.76032614707947,0.49,0.0,0.0
87.77498483657837,0.49,0.0,0.0
87.79088711738586,0.49,0.0,0.0
87.80493664741516,0.49,0.0,0.0
87.81947088241577,0.49,0.0,0.0
87.83480453491211,0.49,0.0,0.0
87.84916591644287,0.49,0.0,0.0
87.86511182785034,0.49,0.0,0.0
87.88050246238708,0.49,0.0,0.0
87.89672946929932,0.49,0.0,0.0
87.91136813163757,0.49,0.0,0.0
87.92576813697815,0.49,0.0,0.0
87.93966245651245,0.49,0.0,0.0
87.95357537269592,0.49,0.0,0.0
87.96834087371826,0.49,0.0,0.0
87.98384690284729,0.49,0.0,0.0
87.99882578849792,0.49,0.0,0.0
88.01311779022217,0.49,0.0,0.0
88.03044939041138,0.49,0.0,0.0
88.0440583229065,0.49,0.0,0.0
88.06079769134521,0.49,0.0,0.0
88.07370972633362,0.49,0.0,0.0
88.0874125957489,0.49,0.0,0.0
88.10081624984741,0.49,0.0,0.0
88.11569023132324,0.49,0.0,0.0
88.13108134269714,0.49,0.0,0.0
88.14678287506104,0.49,0.0,0.0
88.16145324707031,0.49,0.0,0.0
88.17842388153076,0.49,0.0,0.0
88.19363260269165,0.49,0.0,0.0
88.20852279663086,0.49,0.0,0.0
88.22290802001953,0.49,0.0,0.0
88.23906207084656,0.49,0.0,0.0
88.25396466255188,0.49,0.0,0.0
88.27074980735779,0.49,0.0,0.0
88.28556728363037,0.49,0.0,0.0
88.30028247833252,0.49,0.0,0.0
88.31468415260315,0.49,0.0,0.0
88.32866287231445,0.49,0.0,0.0
88.3443329334259,0.49,0.0,0.0
88.35945057868958,0.49,0.0,0.0
88.37570667266846,0.49,0.0,0.0
88.38913941383362,0.49,0.0,0.0
88.40355205535889,0.49,0.0,0.0
88.41774296760559,0.49,0.0,0.0
88.43313217163086,0.49,0.0,0.0
88.44669032096863,0.49,0.0,0.0
88.46014595031738,0.49,0.0,0.0
88.4737708568573,0.49,0.0,0.0
88.48758506774902,0.49,0.0,0.0
88.50123000144958,0.49,0.0,0.0
88.51792287826538,0.49,0.0,0.0
88.53395366668701,0.49,0.0,0.0
88.54960298538208,0.49,0.0,0.0
88.56334233283997,0.49,0.0,0.0
88.57757329940796,0.49,0.0,0.0
88.5984947681427,0.49,0.0,0.0
88.61365580558777,0.49,0.0,0.0
88.62785315513611,0.49,0.0,0.0
88.64224028587341,0.49,0.0,0.0
88.65581631660461,0.49,0.0,0.0
88.67009091377258,0.49,0.0,0.0
88.68246865272522,0.49,0.0,0.0
88.69817090034485,0.49,0.0,0.0
88.71118474006653,0.49,0.0,0.0
88.73468065261841,0.49,0.0,20.0
88.74999809265137,0.49,0.0,20.0
88.76320195198059,0.49,0.0,20.0
88.78321433067322,0.49,0.0,20.0
88.79875063896179,0.49,0.0,20.0
88.81309247016907,0.49,0.0,20.0
88.82760262489319,0.49,0.0,20.0
88.85235166549683,0.49,0.0,0.0
88.86741018295288,0.49,0.0,0.0
88.88379788398743,0.49,0.0,0.0
88.89846277236938,0.49,0.0,0.0
88.91262936592102,0.49,0.0,0.0
88.92768287658691,0.49,0.0,0.0
88.94093704223633,0.49,0.0,0.0
88.95459985733032,0.49,0.0,0.0
88.96848440170288,0.49,0.0,0.0
88.98310732841492,0.49,0.0,0.0
88.99860501289368,0.49,0.0,0.0
89.01330399513245,0.49,0.0,0.0
89.0273904800415,0.49,0.0,0.0
89.0418689250946,0.49,0.0,0.0
89.05741310119629,0.49,0.0,0.0
89.07076454162598,0.49,0.0,0.0
89.08613753318787,0.49,0.0,0.0
89.09939551353455,0.49,0.0,0.0
89.11340069770813,0.49,0.0,0.0
89.12804174423218,0.49,0.0,0.0
89.14126253128052,0.49,0.0,0.0
89.15617656707764,0.49,0.0,0.0
89.17214298248291,0.49,0.0,0.0
89.18586540222168,0.49,0.0,0.0
89.2001645565033,0.49,0.0,0.0
89.2153525352478,0.49,0.0,0.0
89.23019933700562,0.49,0.0,0.0
89.24415159225464,0.49,0.0,0.0
89.25955629348755,0.49,0.0,0.0
89.2730040550232,0.49,0.0,0.0
89.289883852005,0.49,0.0,0.0
89.30587601661682,0.49,0.0,0.0
89.32165694236755,0.49,0.0,0.0
89.33718252182007,0.49,0.0,0.0
89.35301113128662,0.49,0.0,0.0
89.37084889411926,0.49,0.0,0.0
89.38637351989746,0.49,0.0,0.0
89.40044236183167,0.49,0.0,0.0
89.41560339927673,0.49,0.0,0.0
89.43034100532532,0.49,0.0,0.0
89.44623374938965,0.49,0.0,0.0
89.46439337730408,0.49,0.0,0.0
89.4801414012909,0.49,0.0,0.0
89.49555563926697,0.49,0.0,0.0
89.51286458969116,0.49,0.0,0.0
89.52684473991394,0.49,0.0,0.0
89.54289531707764,0.49,0.0,0.0
89.55772495269775,0.49,0.0,0.0
89.57271313667297,0.49,0.0,0.0
89.58739900588989,0.49,0.0,0.0
89.60200810432434,0.49,0.0,0.0
89.61786580085754,0.49,0.0,0.0
89.63395071029663,0.49,0.0,0.0
89.64993143081665,0.49,0.0,0.0
89.66548752784729,0.49,0.0,0.0
89.69064998626709,0.49,0.0,20.0
89.70887541770935,0.49,0.0,20.0
89.72503685951233,0.49,0.0,20.0
89.73994135856628,0.49,0.0,20.0
89.75470852851868,0.49,0.0,20.0
89.77005505561829,0.49,0.0,20.0
89.78770542144775,0.49,0.0,20.0
89.81227564811707,0.49,0.0,0.0
89.82783651351929,0.49,0.0,0.0
89.84146165847778,0.49,0.0,0.0
89.85518527030945,0.49,0.0,0.0
89.8707914352417,0.49,0.0,0.0
89.88661503791809,0.49,0.0,0.0
89.90163993835449,0.49,0.0,0.0
89.91860580444336,0.49,0.0,0.0
89.93364524841309,0.49,0.0,0.0
89.94947528839111,0.49,0.0,0.0
89.96464014053345,0.49,0.0,0.0
89.98071503639221,0.49,0.0,0.0
89.99617743492126,0.49,0.0,0.0
90.01045036315918,0.49,0.0,0.0
90.0249011516571,0.49,0.0,0.0
90.04231142997742,0.49,0.0,0.0
90.05720734596252,0.49,0.0,0.0
90.07249689102173,0.49,0.0,0.0
90.0879168510437,0.49,0.0,0.0
90.10390424728394,0.49,0.0,0.0
90.11876010894775,0.49,0.0,0.0
90.13180327415466,0.49,0.0,0.0
90.14668798446655,0.49,0.0,0.0
90.16020011901855,0.49,0.0,0.0
90.17572379112244,0.49,0.0,0.0
90.1903464794159,0.49,0.0,0.0
90.20362854003906,0.49,0.0,0.0
90.2175281047821,0.49,0.0,0.0
90.23099088668823,0.49,0.0,0.0
90.24536514282227,0.49,0.0,0.0
90.25958824157715,0.49,0.0,0.0
90.27975845336914,0.49,0.0,0.0
90.29403591156006,0.49,0.0,0.0
90.31001019477844,0.49,0.0,0.0
90.32787585258484,0.49,0.0,0.0
90.34262442588806,0.49,0.0,0.0
90.35745882987976,0.49,0.0,0.0
90.37321829795837,0.49,0.0,0.0
90.39938473701477,0.49,0.0,20.0
90.41584277153015,0.49,0.0,20.0
90.43390274047852,0.49,0.0,20.0
90.44722986221313,0.49,0.0,20.0
90.46277189254761,0.49,0.0,20.0
90.47989177703857,0.49,0.0,20.0
90.49821138381958,0.49,0.0,20.0
90.52546763420105,0.49,0.0,0.0
90.54088473320007,0.49,0.0,0.0
90.5557792186737,0.49,0.0,0.0
90.56966137886047,0.49,0.0,0.0
90.58400011062622,0.49,0.0,0.0
90.60379195213318,0.49,0.0,0.0
90.62248539924622,0.49,0.0,0.0
90.63862776756287,0.49,0.0,0.0
90.65559387207031,0.49,0.0,0.0
90.67000699043274,0.49,0.0,0.0
90.68698835372925,0.49,0.0,0.0
90.70335841178894,0.49,0.0,0.0
90.71990394592285,0.49,0.0,0.0
90.73712468147278,0.49,0.0,0.0
90.75196814537048,0.49,0.0,0.0
90.76733040809631,0.49,0.0,0.0
90.78852033615112,0.49,0.0,0.0
90.80296730995178,0.49,0.0,0.0
90.81700205802917,0.49,0.0,0.0
90.83267378807068,0.49,0.0,0.0
90.84698343276978,0.49,0.0,0.0
90.86212730407715,0.49,0.0,0.0
90.87711882591248,0.49,0.0,0.0
90.89379000663757,0.49,0.0,0.0
90.90853524208069,0.49,0.0,0.0
90.92378449440002,0.49,0.0,0.0
90.9412431716919,0.49,0.0,0.0
90.95547914505005,0.49,0.0,0.0
90.96997928619385,0.49,0.0,0.0
90.98498630523682,0.49,0.0,0.0
91.0021812915802,0.49,0.0,0.0
91.01775288581848,0.49,0.0,0.0
91.03353142738342,0.49,0.0,0.0
91.05048656463623,0.49,0.0,0.0
91.06738376617432,0.49,0.0,0.0
91.08056306838989,0.49,0.0,0.0
91.09454345703125,0.49,0.0,0.0
91.10752868652344,0.49,0.0,0.0
91.12309670448303,0.49,0.0,0.0
91.14017391204834,0.49,0.0,0.0
91.15750861167908,0.49,0.0,0.0
91.1748399734497,0.49,0.0,0.0
91.18802213668823,0.49,0.0,0.0
91.2041654586792,0.49,0.0,0.0
91.21920847892761,0.49,0.0,0.0
91.23230719566345,0.49,0.0,0.0
91.2452380657196,0.49,0.0,0.0
91.2588951587677,0.49,0.0,0.0
91.27227258682251,0.49,0.0,0.0
91.28531646728516,0.49,0.0,0.0
91.29864263534546,0.49,0.0,0.0
91.31202936172485,0.49,0.0,0.0
91.32586002349854,0.49,0.0,0.0
91.34175086021423,0.49,0.0,0.0
91.35614824295044,0.49,0.0,0.0
91.37315821647644,0.49,0.0,0.0
91.38901734352112,0.49,0.0,0.0
91.40376472473145,0.49,0.0,0.0
91.4181399345398,0.49,0.0,0.0
91.43262529373169,0.49,0.0,0.0
91.4475302696228,0.49,0.0,0.0
91.46087741851807,0.49,0.0,0.0
91.47414970397949,0.49,0.0,0.0
91.48839950561523,0.49,0.0,0.0
91.50320887565613,0.49,0.0,0.0
91.51792979240417,0.49,0.0,0.0
91.53332424163818,0.49,0.0,0.0
91.54931259155273,0.49,0.0,0.0
91.56463599205017,0.49,0.0,0.0
91.58161449432373,0.49,0.0,0.0
91.59748077392578,0.49,0.0,0.0
91.61129403114319,0.49,0.0,0.0
91.6249828338623,0.49,0.0,0.0
91.63768196105957,0.49,0.0,0.0
91.65117025375366,0.49,0.0,0.0
91.66469502449036,0.49,0.0,0.0
91.68086791038513,0.49,0.0,0.0
91.69540548324585,0.49,0.0,0.0
91.70846176147461,0.49,0.0,0.0
91.72286081314087,0.49,0.0,0.0
91.73723554611206,0.49,0.0,0.0
91.7527904510498,0.49,0.0,0.0
91.7667031288147,0.49,0.0,0.0
91.7820975780487,0.49,0.0,0.0
91.7969069480896,0.49,0.0,0.0
91.81314587593079,0.49,0.0,0.0
91.82838129997253,0.49,0.0,0.0
91.84212565422058,0.49,0.0,0.0
91.85646176338196,0.49,0.0,0.0
91.87130069732666,0.49,0.0,0.0
91.88644552230835,0.49,0.0,0.0
91.90193438529968,0.49,0.0,0.0
91.91603899002075,0.49,0.0,0.0
91.9322829246521,0.49,0.0,0.0
91.94767022132874,0.49,0.0,0.0
91.96196627616882,0.49,0.0,0.0
91.97537016868591,0.49,0.0,0.0
91.99136447906494,0.49,0.0,0.0
92.005779504776,0.49,0.0,0.0
92.02219295501709,0.49,0.0,0.0
92.03675937652588,0.49,0.0,0.0
92.05225038528442,0.49,0.0,0.0
92.06623411178589,0.49,0.0,0.0
92.0793948173523,0.49,0.0,0.0
92.09273862838745,0.49,0.0,0.0
92.10668563842773,0.49,0.0,0.0
92.12060689926147,0.49,0.0,0.0
92.13529062271118,0.49,0.0,0.0
92.14852356910706,0.49,0.0,0.0
92.16342639923096,0.49,0.0,0.0
92.17945766448975,0.49,0.0,0.0
92.19417190551758,0.49,0.0,0.0
92.21004462242126,0.49,0.0,0.0
92.22359156608582,0.49,0.0,0.0
92.23691630363464,0.49,0.0,0.0
92.25220608711243,0.49,0.0,0.0
92.26736235618591,0.49,0.0,0.0
92.2832362651825,0.49,0.0,0.0
92.29665517807007,0.49,0.0,0.0
92.31196641921997,0.49,0.0,0.0
92.32609176635742,0.49,0.0,0.0
92.34207725524902,0.49,0.0,0.0
92.35659193992615,0.49,0.0,0.0
92.37090563774109,0.49,0.0,0.0
92.3871591091156,0.49,0.0,0.0
92.40350127220154,0.49,0.0,0.0
92.41854190826416,0.49,0.0,0.0
92.4332263469696,0.49,0.0,0.0
92.44819235801697,0.49,0.0,0.0
92.46302199363708,0.49,0.0,0.0
92.47851634025574,0.49,0.0,0.0
92.49336457252502,0.49,0.0,0.0
92.50988340377808,0.49,0.0,0.0
92.52692365646362,0.49,0.0,0.0
92.54211568832397,0.49,0.0,0.0
92.55722498893738,0.49,0.0,0.0
92.5747938156128,0.49,0.0,0.0
92.59125781059265,0.49,0.0,0.0
92.60728406906128,0.49,0.0,0.0
92.62305045127869,0.49,0.0,0.0
92.63723063468933,0.49,0.0,0.0
92.65357160568237,0.49,0.0,0.0
92.66690993309021,0.49,0.0,0.0
92.68146395683289,0.49,0.0,0.0
92.69590497016907,0.49,0.0,0.0
92.70931577682495,0.49,0.0,0.0
92.72408843040466,0.49,0.0,0.0
92.73903012275696,0.49,0.0,0.0
92.7535994052887,0.49,0.0,0.0
92.76953220367432,0.49,0.0,0.0
92.78493404388428,0.49,0.0,0.0
92.80056285858154,0.49,0.0,0.0
92.81517720222473,0.49,0.0,0.0
92.82907295227051,0.49,0.0,0.0
92.84367656707764,0.49,0.0,0.0
92.85810947418213,0.49,0.0,0.0
92.8730092048645,0.49,0.0,0.0
92.8887403011322,0.49,0.0,0.0
92.90581369400024,0.49,0.0,0.0
92.91916418075562,0.49,0.0,0.0
92.9346911907196,0.49,0.0,0.0
92.9485833644867,0.49,0.0,0.0
92.96379470825195,0.49,0.0,0.0
92.98034143447876,0.49,0.0,0.0
92.99580454826355,0.49,0.0,0.0
93.01152896881104,0.49,0.0,0.0
93.02631974220276,0.49,0.0,0.0
93.04253911972046,0.49,0.0,0.0
93.05917048454285,0.49,0.0,0.0
93.07716584205627,0.49,0.0,0.0
93.09377932548523,0.49,0.0,0.0
93.10987949371338,0.49,0.0,0.0
93.12708973884583,0.49,0.0,0.0
93.14203786849976,0.49,0.0,0.0
93.15708637237549,0.49,0.0,0.0
93.17266535758972,0.49,0.0,0.0
93.18798971176147,0.49,0.0,0.0
93.20271158218384,0.49,0.0,0.0
93.21708631515503,0.49,0.0,0.0
93.23027729988098,0.49,0.0,0.0
93.24440789222717,0.49,0.0,0.0
93.25870275497437,0.49,0.0,0.0
93.27299880981445,0.49,0.0,0.0
93.28783702850342,0.49,0.0,0.0
93.3031964302063,0.49,0.0,0.0
93.3169641494751,0.49,0.0,0.0
93.33434867858887,0.49,0.0,0.0
93.34886717796326,0.49,0.0,0.0
93.36393117904663,0.49,0.0,0.0
93.37920928001404,0.49,0.0,0.0
93.39589095115662,0.49,0.0,0.0
93.4110176563263,0.49,0.0,0.0
93.42487144470215,0.49,0.0,0.0
93.4415671825409,0.49,0.0,0.0
93.45697236061096,0.49,0.0,0.0
93.47179412841797,0.49,0.0,0.0
93.48654365539551,0.49,0.0,0.0
93.50101494789124,0.49,0.0,0.0
93.52613306045532,0.49,0.0,20.0
93.54586958885193,0.49,0.0,20.0
93.56039690971375,0.49,0.0,20.0
93.57598304748535,0.49,0.0,20.0
93.59112477302551,0.49,0.0,20.0
93.60783815383911,0.49,0.0,20.0
93.62463068962097,0.49,0.0,20.0
93.65141677856445,0.49,0.0,0.0
93.6686520576477,0.49,0.0,0.0
93.68361401557922,0.49,0.0,0.0
93.70224070549011,0.49,0.0,0.0
93.71743440628052,0.49,0.0,0.0
93.73232245445251,0.49,0.0,0.0
93.74745655059814,0.49,0.0,0.0
93.76401591300964,0.49,0.0,0.0
93.77984690666199,0.49,0.0,0.0
93.79457569122314,0.49,0.0,0.0
93.81124639511108,0.49,0.0,0.0
93.82832336425781,0.49,0.0,0.0
93.84562063217163,0.49,0.0,0.0
93.86166954040527,0.49,0.0,0.0
93.8791913986206,0.49,0.0,0.0
93.89261722564697,0.49,0.0,0.0
93.90752387046814,0.49,0.0,0.0
93.92215275764465,0.49,0.0,0.0
93.93902850151062,0.49,0.0,0.0
93.95317673683167,0.49,0.0,0.0
93.96907544136047,0.49,0.0,0.0
93.98480248451233,0.49,0.0,0.0
94.00244879722595,0.49,0.0,0.0
94.01743984222412,0.49,0.0,0.0
94.03201150894165,0.49,0.0,0.0
94.0456120967865,0.49,0.0,0.0
94.05854678153992,0.49,0.0,0.0
94.08227777481079,0.49,0.0,20.0
94.09825730323792,0.49,0.0,20.0
94.11320209503174,0.49,0.0,20.0
94.12758946418762,0.49,0.0,20.0
94.14175820350647,0.49,0.0,20.0
94.15847992897034,0.49,0.0,20.0
94.17291378974915,0.49,0.0,20.0
94.19822311401367,0.49,0.0,0.0
94.21597170829773,0.49,0.0,0.0
94.22958898544312,0.49,0.0,0.0
94.24567198753357,0.49,0.0,0.0
94.25929069519043,0.49,0.0,0.0
94.27379989624023,0.49,0.0,0.0
94.28777360916138,0.49,0.0,0.0
94.3024525642395,0.49,0.0,0.0
94.31790280342102,0.49,0.0,0.0
94.33373475074768,0.49,0.0,0.0
94.34886813163757,0.49,0.0,0.0
94.36421132087708,0.49,0.0,0.0
94.37912607192993,0.49,0.0,0.0
94.39622163772583,0.49,0.0,0.0
94.41161608695984,0.49,0.0,0.0
94.44001626968384,0.49,0.0,20.0
94.45906281471252,0.49,0.0,20.0
94.47611284255981,0.49,0.0,20.0
94.49299621582031,0.49,0.0,20.0
94.50870847702026,0.49,0.0,20.0
94.52531266212463,0.49,0.0,20.0
94.54306507110596,0.49,0.0,20.0
94.5682647228241,0.49,0.0,0.0
94.58553409576416,0.49,0.0,0.0
94.60009431838989,0.49,0.0,0.0
94.6264979839325,0.49,0.0,20.0
94.64476418495178,0.49,0.0,20.0
94.66262555122375,0.49,0.0,20.0
94.6776134967804,0.49,0.0,20.0
94.69062185287476,0.49,0.0,20.0
94.70707082748413,0.49,0.0,20.0
94.72260308265686,0.49,0.0,20.0
94.74879169464111,0.49,0.0,0.0
94.76538944244385,0.49,0.0,0.0
94.79114127159119,0.49,0.0,20.0
94.80627727508545,0.49,0.0,20.0
94.82076001167297,0.49,0.0,20.0
94.83542513847351,0.49,0.0,20.0
94.84981775283813,0.49,0.0,20.0
94.86503720283508,0.49,0.0,20.0
94.87885785102844,0.49,0.0,20.0
94.90501737594604,0.49,0.0,0.0
94.92489862442017,0.49,0.0,0.0
94.94287252426147,0.49,0.0,0.0
94.95961737632751,0.49,0.0,0.0
94.9841103553772,0.49,0.0,20.0
94.99725842475891,0.49,0.0,20.0
95.01340317726135,0.49,0.0,20.0
95.0299346446991,0.49,0.0,20.0
95.04447412490845,0.49,0.0,20.0
95.05878210067749,0.49,0.0,20.0
95.07327890396118,0.49,0.0,20.0
95.0994942188263,0.49,0.0,0.0
95.11746644973755,0.49,0.0,0.0
95.14390993118286,0.49,0.0,20.0
95.16235756874084,0.49,0.0,20.0
95.17879843711853,0.49,0.0,20.0
95.1934323310852,0.49,0.0,20.0
95.20822811126709,0.49,0.0,20.0
95.22420334815979,0.49,0.0,20.0
95.23710417747498,0.49,0.0,20.0
95.26047968864441,0.49,0.0,0.0
95.27497291564941,0.49,0.0,0.0
95.29043316841125,0.49,0.0,0.0
95.30598330497742,0.49,0.0,0.0
95.33080053329468,0.49,0.0,20.0
95.34785890579224,0.49,0.0,20.0
95.3637580871582,0.49,0.0,20.0
95.37898659706116,0.49,0.0,20.0
95.39394402503967,0.49,0.0,20.0
95.40890097618103,0.49,0.0,20.0
95.42561340332031,0.49,0.0,20.0
95.45204639434814,0.49,0.0,0.0
95.47147631645203,0.49,0.0,0.0
95.48761940002441,0.49,0.0,0.0
95.50096344947815,0.49,0.0,0.0
95.51405143737793,0.49,0.0,0.0
95.53789401054382,0.49,0.0,20.0
95.5533356666565,0.49,0.0,20.0
95.56930637359619,0.49,0.0,20.0
95.58425331115723,0.49,0.0,20.0
95.59897017478943,0.49,0.0,20.0
95.6135482788086,0.49,0.0,20.0
95.62845659255981,0.49,0.0,20.0
95.6541337966919,0.49,0.0,0.0
95.67974615097046,0.49,0.0,20.0
95.69745779037476,0.49,0.0,20.0
95.71246242523193,0.49,0.0,20.0
95.72761917114258,0.49,0.0,20.0
95.74547004699707,0.49,0.0,20.0
95.76110434532166,0.49,0.0,20.0
95.77565431594849,0.49,0.0,20.0
95.80341935157776,0.49,0.0,0.0
95.8210997581482,0.49,0.0,0.0
95.8384690284729,0.49,0.0,0.0
95.85443091392517,0.49,0.0,0.0
95.86897349357605,0.49,0.0,0.0
95.88741493225098,0.49,0.0,0.0
95.90341114997864,0.49,0.0,0.0
95.9175488948822,0.49,0.0,0.0
95.93296122550964,0.49,0.0,0.0
95.94704580307007,0.49,0.0,0.0
95.96226620674133,0.49,0.0,0.0
95.97816681861877,0.49,0.0,0.0
95.99341082572937,0.49,0.0,0.0
96.00993347167969,0.49,0.0,0.0
96.02418160438538,0.49,0.0,0.0
96.03919816017151,0.49,0.0,0.0
96.05540132522583,0.49,0.0,0.0
96.08330464363098,0.49,0.0,20.0
96.09883761405945,0.49,0.0,20.0
96.11287522315979,0.49,0.0,20.0
96.12754034996033,0.49,0.0,20.0
96.14256477355957,0.49,0.0,20.0
96.16005754470825,0.49,0.0,20.0
96.17927670478821,0.49,0.0,20.0
96.2076952457428,0.49,0.0,0.0
96.2246584892273,0.49,0.0,0.0
96.24530363082886,0.49,0.0,0.0
96.2720274925232,0.49,0.0,20.0
96.28749346733093,0.49,0.0,20.0
96.30202579498291,0.49,0.0,20.0
96.31487369537354,0.49,0.0,20.0
96.32906007766724,0.49,0.0,20.0
96.34394216537476,0.49,0.0,20.0
96.35848236083984,0.49,0.0,20.0
96.38406348228455,0.49,0.0,0.0
96.40195417404175,0.49,0.0,0.0
96.4369101524353,0.49,0.0,20.0
96.45410823822021,0.49,0.0,20.0
96.46743249893188,0.49,0.0,20.0
96.48140382766724,0.49,0.0,20.0
96.49499464035034,0.49,0.0,20.0
96.50847911834717,0.49,0.0,20.0
96.52425837516785,0.49,0.0,20.0
96.55175399780273,0.49,0.0,0.0
96.56869983673096,0.49,0.0,0.0
96.585764169693,0.49,0.0,0.0
96.61044764518738,0.49,0.0,20.0
96.62898755073547,0.49,0.0,20.0
96.6462950706482,0.49,0.0,20.0
96.66283893585205,0.49,0.0,20.0
96.67753887176514,0.49,0.0,20.0
96.69726657867432,0.49,0.0,20.0
96.71287393569946,0.49,0.0,20.0
96.73748445510864,0.49,0.0,0.0
96.75469446182251,0.49,0.0,0.0
96.7714831829071,0.49,0.0,0.0
96.79703950881958,0.49,0.0,20.0
96.81573748588562,0.49,0.0,20.0
96.8317244052887,0.49,0.0,20.0
96.84733510017395,0.49,0.0,20.0
96.8606436252594,0.49,0.0,20.0
96.87615132331848,0.49,0.0,20.0
96.89042949676514,0.49,0.0,20.0
96.91788816452026,0.49,0.0,0.0
96.93572568893433,0.49,0.0,0.0
96.95032691955566,0.49,0.0,0.0
96.96631479263306,0.49,0.0,0.0
96.99151062965393,0.49,0.0,20.0
97.00929641723633,0.49,0.0,20.0
97.02585005760193,0.49,0.0,20.0
97.04382395744324,0.49,0.0,20.0
97.0587830543518,0.49,0.0,20.0
97.07247352600098,0.49,0.0,20.0
97.08560347557068,0.49,0.0,20.0
97.10909867286682,0.49,0.0,0.0
97.12201309204102,0.49,0.0,0.0
97.13517689704895,0.49,0.0,0.0
97.14855623245239,0.49,0.0,0.0
97.16239213943481,0.49,0.0,0.0
97.17553496360779,0.49,0.0,0.0
97.18964266777039,0.49,0.0,0.0
97.20348978042603,0.49,0.0,0.0
97.21693301200867,0.49,0.0,0.0
97.23133659362793,0.49,0.0,0.0
97.2450590133667,0.49,0.0,0.0
97.25876951217651,0.49,0.0,0.0
97.27425146102905,0.49,0.0,0.0
97.28962826728821,0.49,0.0,0.0
97.30509543418884,0.49,0.0,0.0
97.32287645339966,0.49,0.0,0.0
97.33831095695496,0.49,0.0,0.0
97.35533404350281,0.49,0.0,0.0
97.36988186836243,0.49,0.0,0.0
97.38597822189331,0.49,0.0,0.0
97.40143132209778,0.49,0.0,0.0
97.41740345954895,0.49,0.0,0.0
97.43257856369019,0.49,0.0,0.0
97.4474663734436,0.49,0.0,0.0
97.46164226531982,0.49,0.0,0.0
97.47777247428894,0.49,0.0,0.0
97.4931275844574,0.49,0.0,0.0
97.50786900520325,0.49,0.0,0.0
97.52288103103638,0.49,0.0,0.0
97.53968834877014,0.49,0.0,0.0
97.55546522140503,0.49,0.0,0.0
97.56984090805054,0.49,0.0,0.0
97.58534932136536,0.49,0.0,0.0
97.60205435752869,0.49,0.0,0.0
97.61818289756775,0.49,0.0,0.0
97.63397192955017,0.49,0.0,0.0
97.64932441711426,0.49,0.0,0.0
97.66612029075623,0.49,0.0,0.0
97.68113899230957,0.49,0.0,0.0
97.69784641265869,0.49,0.0,0.0
97.71204924583435,0.49,0.0,0.0
97.72768521308899,0.49,0.0,0.0
97.7411437034607,0.49,0.0,0.0
97.75730156898499,0.49,0.0,0.0
97.77323722839355,0.49,0.0,0.0
97.78871488571167,0.49,0.0,0.0
97.80351614952087,0.49,0.0,0.0
97.81965899467468,0.49,0.0,0.0
97.83426356315613,0.49,0.0,0.0
97.84753489494324,0.49,0.0,0.0
97.86085081100464,0.49,0.0,0.0
97.87402629852295,0.49,0.0,0.0
97.88757133483887,0.49,0.0,0.0
97.904536485672,0.49,0.0,0.0
97.91978168487549,0.49,0.0,0.0
97.93932294845581,0.49,0.0,0.0
97.9558436870575,0.49,0.0,0.0
97.97216701507568,0.49,0.0,0.0
97.98722696304321,0.49,0.0,0.0
98.00221085548401,0.49,0.0,0.0
98.01698231697083,0.49,0.0,0.0
98.03185844421387,0.49,0.0,0.0
98.04691410064697,0.49,0.0,0.0
98.06358194351196,0.49,0.0,0.0
98.07830953598022,0.49,0.0,0.0
98.0915858745575,0.49,0.0,0.0
98.10600399971008,0.49,0.0,0.0
98.12095952033997,0.49,0.0,0.0
98.13407564163208,0.49,0.0,0.0
98.14937472343445,0.49,0.0,0.0
98.16450142860413,0.49,0.0,0.0
98.18067288398743,0.49,0.0,0.0
98.19772219657898,0.49,0.0,0.0
98.21206903457642,0.49,0.0,0.0
98.2275025844574,0.49,0.0,0.0
98.24369263648987,0.49,0.0,0.0
98.25666570663452,0.49,0.0,0.0
98.2712790966034,0.49,0.0,0.0
98.28716611862183,0.49,0.0,0.0
98.3030481338501,0.49,0.0,0.0
98.31920456886292,0.49,0.0,0.0
98.33444213867188,0.49,0.0,0.0
98.34879851341248,0.49,0.0,0.0
98.36305642127991,0.49,0.0,0.0
98.37979125976562,0.49,0.0,0.0
98.39562249183655,0.49,0.0,0.0
98.40998673439026,0.49,0.0,0.0
98.42363405227661,0.49,0.0,0.0
98.43791437149048,0.49,0.0,0.0
98.45493292808533,0.49,0.0,0.0
98.47083616256714,0.49,0.0,0.0
98.48783159255981,0.49,0.0,0.0
98.50277519226074,0.49,0.0,0.0
98.51776123046875,0.49,0.0,0.0
98.53274250030518,0.49,0.0,0.0
98.54871535301208,0.49,0.02,0.0
98.56465792655945,0.49,0.0,0.0
98.58140730857849,0.49,0.0,0.0
98.59746599197388,0.49,0.0,0.0
98.61134099960327,0.49,0.0,0.0
98.62769818305969,0.49,0.0,0.0
98.64460396766663,0.49,0.0,0.0
98.66123700141907,0.49,0.0,0.0
98.67673397064209,0.49,0.0,0.0
98.6939766407013,0.49,0.0,0.0
98.70944857597351,0.49,0.0,0.0
98.7232916355133,0.49,0.0,0.0
98.7374358177185,0.49,0.0,0.0
98.75422143936157,0.49,0.0,0.0
98.76930618286133,0.49,0.0,0.0
98.78392505645752,0.49,0.0,0.0
98.79983711242676,0.49,0.0,0.0
98.81526350975037,0.49,0.0,0.0
98.82978415489197,0.49,0.0,0.0
98.84674739837646,0.49,0.0,0.0
98.8609414100647,0.49,0.0,0.0
98.87646317481995,0.49,0.0,0.0
98.88989114761353,0.49,0.0,0.0
98.90696334838867,0.49,0.0,0.0
98.92230725288391,0.49,0.0,0.0
98.9374189376831,0.49,0.0,0.0
98.95244693756104,0.49,0.0,0.0
98.9669246673584,0.49,0.0,0.0
98.98203325271606,0.49,0.0,0.0
98.99697685241699,0.49,0.0,0.0
99.01386499404907,0.49,0.0,0.0
99.02763104438782,0.49,0.0,0.0
99.04209423065186,0.49,0.0,0.0
99.05695986747742,0.49,0.0,0.0
99.07161021232605,0.49,0.0,0.0
99.0853099822998,0.49,0.0,0.0
99.10048174858093,0.49,0.0,0.0
99.11805319786072,0.49,0.0,0.0
99.13480162620544,0.49,0.0,0.0
99.14806890487671,0.49,0.0,0.0
99.16387152671814,0.49,0.0,0.0
99.17867732048035,0.49,0.0,0.0
99.19577813148499,0.49,0.0,0.0
99.21174025535583,0.49,0.0,0.0
99.22596621513367,0.49,0.0,0.0
99.23913717269897,0.49,0.0,0.0
99.252286195755,0.49,0.0,0.0
99.26603603363037,0.49,0.0,0.0
99.28068399429321,0.49,0.0,0.0
99.29475569725037,0.49,0.0,0.0
99.30858993530273,0.49,0.0,0.0
99.3222770690918,0.49,0.0,0.0
99.33564305305481,0.49,0.0,0.0
99.34921073913574,0.49,0.0,0.0
99.36365246772766,0.49,0.0,0.0
99.3771402835846,0.49,0.0,0.0
99.39057493209839,0.49,0.0,0.0
99.40391230583191,0.49,0.0,0.0
99.41839623451233,0.49,0.0,0.0
99.43239259719849,0.49,0.0,0.0
99.44644522666931,0.49,0.0,0.0
99.46007990837097,0.49,0.0,0.0
99.47380352020264,0.49,0.0,0.0
99.48723220825195,0.49,0.0,0.0
99.50096154212952,0.49,0.0,0.0
99.51551175117493,0.49,0.0,0.0
99.52899551391602,0.49,0.0,0.0
99.5420150756836,0.49,0.0,0.0
99.55771684646606,0.49,0.0,0.0
99.57303071022034,0.49,0.0,0.0
99.58676600456238,0.49,0.0,0.0
99.60039353370667,0.49,0.0,0.0
99.61356043815613,0.49,0.0,0.0
99.62724232673645,0.49,0.0,0.0
99.64064621925354,0.49,0.0,0.0
99.65459442138672,0.49,0.0,0.0
99.66817259788513,0.49,0.0,0.0
99.68232703208923,0.49,0.0,0.0
99.69645690917969,0.49,0.0,0.0
99.71007299423218,0.49,0.0,0.0
99.72429990768433,0.49,0.0,0.0
99.7386839389801,0.49,0.0,0.0
99.75242114067078,0.49,0.0,0.0
99.76574993133545,0.49,0.0,0.0
99.78082919120789,0.49,0.0,0.0
99.79456949234009,0.49,0.0,0.0
99.8085629940033,0.49,0.0,0.0
99.82213234901428,0.49,0.0,0.0
99.83556699752808,0.49,0.0,0.0
99.84933233261108,0.49,0.0,0.0
99.86317682266235,0.49,0.0,0.0
99.88372468948364,0.49,0.0,0.0
99.90499758720398,0.49,0.0,0.0
99.92423725128174,0.49,0.0,0.0
99.93867921829224,0.49,0.0,0.0
99.9526755809784,0.49,0.0,0.0
99.96655440330505,0.49,0.0,0.0
99.98185086250305,0.49,0.0,0.0
99.99694657325745,0.49,0.0,0.0
100.01057982444763,0.49,0.0,0.0
100.02434420585632,0.49,0.0,0.0
100.03856754302979,0.49,0.0,0.0
100.05280923843384,0.49,0.0,0.0
100.06659150123596,0.49,0.0,0.0
100.0806531906128,0.49,0.0,0.0
100.09451174736023,0.49,0.0,0.0
100.10835266113281,0.49,0.0,0.0
100.1242127418518,0.49,0.0,0.0
100.13815689086914,0.49,0.0,0.0
100.1554172039032,0.49,0.0,0.0
100.16948556900024,0.49,0.0,0.0
100.18388557434082,0.49,0.0,0.0
100.19774770736694,0.49,0.0,0.0
100.21170473098755,0.49,0.0,0.0
100.22651886940002,0.49,0.0,0.0
100.23971176147461,0.49,0.0,0.0
100.25280165672302,0.49,0.0,0.0
100.2658920288086,0.49,0.0,0.0
100.27943634986877,0.49,0.0,0.0
100.29331564903259,0.49,0.0,0.0
100.30677819252014,0.49,0.0,0.0
100.32071208953857,0.49,0.0,0.0
100.33567500114441,0.49,0.0,0.0
100.35025691986084,0.49,0.0,0.0
100.36461353302002,0.49,0.0,0.0
100.37876987457275,0.49,0.0,0.0
100.39249205589294,0.49,0.0,0.0
100.40724229812622,0.49,0.0,0.0
100.4218852519989,0.49,0.0,0.0
100.43653535842896,0.49,0.0,0.0
100.45369386672974,0.49,0.0,0.0
100.46746397018433,0.49,0.0,0.0
100.48120784759521,0.49,0.0,0.0
100.4947988986969,0.49,0.0,0.0
100.50844955444336,0.49,0.0,0.0
100.5222418308258,0.49,0.0,0.0
100.53668069839478,0.49,0.0,0.0
100.5507800579071,0.49,0.0,0.0
100.56457614898682,0.49,0.0,0.0
100.57870054244995,0.49,0.0,0.0
100.59232759475708,0.49,0.0,0.0
100.60626363754272,0.49,0.0,0.0
100.62051200866699,0.49,0.0,0.0
100.63416147232056,0.49,0.0,0.0
100.64755749702454,0.49,0.0,0.0
100.66120386123657,0.49,0.0,0.0
100.67505264282227,0.49,0.0,0.0
100.68853616714478,0.49,0.0,0.0
100.70283079147339,0.49,0.0,0.0
100.71772861480713,0.49,0.0,0.0
100.73309063911438,0.49,0.0,0.0
100.74699354171753,0.49,0.0,0.0
100.76064491271973,0.49,0.0,0.0
100.77576613426208,0.49,0.0,0.0
100.79089570045471,0.49,0.0,0.0
100.80603456497192,0.49,0.0,0.0
100.82045674324036,0.49,0.0,0.0
100.83517527580261,0.49,0.0,0.0
100.84944581985474,0.49,0.0,0.0
100.86353540420532,0.49,0.0,0.0
100.87865471839905,0.49,0.0,0.0
100.89222931861877,0.49,0.0,0.0
100.90571928024292,0.49,0.0,0.0
100.91948556900024,0.49,0.0,0.0
100.93393564224243,0.49,0.0,0.0
100.94711565971375,0.49,0.0,0.0
100.96066689491272,0.49,0.0,0.0
100.9739978313446,0.49,0.0,0.0
100.98762059211731,0.49,0.0,0.0
101.00136637687683,0.49,0.0,0.0
101.01578950881958,0.49,0.0,0.0
101.02945923805237,0.49,0.0,0.0
101.0433828830719,0.49,0.0,0.0
101.0573616027832,0.49,0.0,0.0
101.07044696807861,0.49,0.0,0.0
101.08340525627136,0.49,0.0,0.0
101.09694719314575,0.49,0.0,0.0
101.11116909980774,0.49,0.0,0.0
101.12525153160095,0.49,0.0,0.0
101.13924789428711,0.49,0.0,0.0
101.15330719947815,0.49,0.0,0.0
101.1681740283966,0.49,0.0,0.0
101.18248963356018,0.49,0.0,0.0
101.19597434997559,0.49,0.0,0.0
101.21007227897644,0.49,0.0,0.0
101.22330331802368,0.49,0.0,0.0
101.23868870735168,0.49,0.0,0.0
101.25288081169128,0.49,0.0,0.0
101.26625370979309,0.49,0.0,0.0
101.28047037124634,0.49,0.0,0.0
101.29352974891663,0.49,0.0,0.0
101.30720162391663,0.49,0.0,0.0
101.32075071334839,0.49,0.0,0.0
101.33412456512451,0.49,0.0,0.0
101.3476812839508,0.49,0.0,0.0
101.36163997650146,0.49,0.0,0.0
101.37568283081055,0.49,0.0,0.0
101.3898913860321,0.49,0.0,0.0
101.40331292152405,0.49,0.0,0.0
101.41674089431763,0.49,0.0,0.0
101.43131756782532,0.49,0.0,0.0
101.44602656364441,0.49,0.0,0.0
101.45992875099182,0.49,0.0,0.0
101.47384738922119,0.49,0.0,0.0
101.48739695549011,0.49,0.0,0.0
101.50097155570984,0.49,0.0,0.0
101.51448655128479,0.49,0.0,0.0
101.52796483039856,0.49,0.0,0.0
101.54274868965149,0.49,0.0,0.0
101.55629587173462,0.49,0.0,0.0
101.57177996635437,0.49,0.0,0.0
101.58547496795654,0.49,0.0,0.0
101.60034203529358,0.49,0.0,0.0
101.61408829689026,0.49,0.0,0.0
101.62745594978333,0.49,0.0,0.0
101.64108204841614,0.49,0.0,0.0
101.65532970428467,0.49,-0.34,0.0
101.66881513595581,0.47,-1.3,0.0
101.68223571777344,0.43,-2.64,0.0
101.69570803642273,0.38,-3.4,0.0
101.70922350883484,0.33,-3.7,0.0
101.72484636306763,0.26,-4.6,0.0
101.73909020423889,0.19,-4.85,0.0
101.75414419174194,0.09,-6.58,0.0
101.77002000808716,-0.0,-7.07,0.0
101.78550815582275,-0.11,-6.43,0.0
101.8017373085022,-0.2,-6.07,0.0
101.81612467765808,-0.29,-5.95,0.0
101.83158278465271,-0.37,-4.83,0.0
101.8466899394989,-0.43,-4.14,0.0
101.8625795841217,-0.48,-2.92,0.0
101.88039827346802,-0.51,-2.01,0.0
101.89605474472046,-0.53,-1.05,0.0
101.91047978401184,-0.53,-0.44,0.0
101.92413711547852,-0.53,-0.02,0.0
101.94215846061707,-0.53,0.0,0.0
101.95952081680298,-0.53,0.0,0.0
101.97641706466675,-0.53,0.0,0.0
101.9910032749176,-0.53,0.0,0.0
102.0075273513794,-0.53,0.0,0.0
102.02157044410706,-0.53,0.0,0.0
102.03573226928711,-0.53,0.0,0.0
102.05674338340759,-0.53,0.0,0.0
102.07222437858582,-0.53,0.0,0.0
102.08577919006348,-0.53,0.0,0.0
102.09907937049866,-0.53,0.0,0.0
102.1129801273346,-0.53,0.0,0.0
102.12638473510742,-0.53,0.0,0.0
102.14045739173889,-0.53,0.0,0.0
102.15403079986572,-0.53,0.0,0.0
102.16801452636719,-0.53,0.0,0.0
102.18202996253967,-0.53,0.0,0.0
102.19597935676575,-0.53,0.0,0.0
102.21001362800598,-0.53,0.0,0.0
102.22315716743469,-0.53,0.0,0.0
102.237060546875,-0.53,0.0,0.0
102.2511739730835,-0.53,0.0,0.0
102.26501679420471,-0.53,0.0,0.0
102.28410220146179,-0.53,0.0,0.0
102.29824829101562,-0.53,0.0,0.0
102.31267023086548,-0.53,0.0,0.0
102.32691717147827,-0.53,0.0,0.0
102.34323167800903,-0.53,0.0,0.0
102.35692381858826,-0.53,0.0,0.0
102.37067532539368,-0.53,0.0,0.0
102.38410568237305,-0.53,0.0,0.0
102.3987147808075,-0.53,0.0,0.0
102.41402745246887,-0.53,0.0,0.0
102.42950415611267,-0.53,0.0,0.0
102.44372248649597,-0.53,0.0,0.0
102.45882081985474,-0.53,0.0,0.0
102.47322821617126,-0.53,0.0,0.0
102.48829102516174,-0.53,0.0,0.0
102.50167632102966,-0.53,0.0,0.0
102.51550149917603,-0.53,0.0,0.0
102.52901339530945,-0.53,0.0,0.0
102.54333066940308,-0.53,0.0,0.0
102.55799770355225,-0.53,0.0,0.0
102.5722267627716,-0.53,0.0,0.0
102.58624029159546,-0.53,0.0,0.0
102.60026669502258,-0.53,0.0,0.0
102.616140127182,-0.53,0.0,0.0
102.62984776496887,-0.53,0.0,0.0
102.64512753486633,-0.53,0.0,0.0
102.65952754020691,-0.53,0.07,0.0
102.67381191253662,-0.52,0.67,0.0
102.68825626373291,-0.5,1.3,0.0
102.70134544372559,-0.47,2.43,0.0
102.71463537216187,-0.43,3.09,0.0
102.727858543396,-0.37,3.25,0.0
102.74217081069946,-0.32,4.12,0.0
102.75738453865051,-0.26,4.1,0.0
102.77179646492004,-0.21,3.62,0.0
102.78614354133606,-0.16,3.31,0.0
102.80103468894958,-0.13,2.14,0.0
102.81487393379211,-0.1,1.49,0.0
102.8286063671112,-0.09,1.22,0.0
102.84210085868835,-0.06,1.82,0.0
102.85652208328247,-0.03,2.19,0.0
102.87092423439026,0.01,2.52,0.0
102.88534545898438,0.04,2.74,0.0
102.8996331691742,0.07,2.07,0.0
102.91353273391724,0.1,1.67,0.0
102.92707848548889,0.11,0.7,0.0
102.94075417518616,0.1,-0.02,0.0
102.95403861999512,0.1,-0.18,0.0
102.96807646751404,0.1,-0.34,0.0
102.98177981376648,0.09,-0.53,0.0
102.99581742286682,0.08,-0.61,0.0
103.0098340511322,0.08,-0.27,0.0
103.02379608154297,0.08,0.04,0.0
103.0377504825592,0.08,0.0,0.0
103.05156302452087,0.08,0.0,0.0
103.06466674804688,0.08,0.0,0.0
103.07768487930298,0.08,0.0,0.0
103.09098243713379,0.08,0.0,0.0
103.1040210723877,0.08,0.0,0.0
103.11735486984253,0.08,0.0,0.0
103.1299159526825,0.08,0.0,0.0
103.14324998855591,0.08,0.0,0.0
103.15656018257141,0.08,0.0,0.0
103.17007374763489,0.08,0.0,0.0
103.18435835838318,0.08,0.0,0.0
103.19799208641052,0.08,0.0,0.0
103.21140766143799,0.08,0.0,0.0
103.22511053085327,0.08,0.0,0.0
103.23858690261841,0.08,0.0,0.0
103.25201392173767,0.08,0.0,0.0
103.26521944999695,0.08,0.0,0.0
103.28188896179199,0.08,0.0,0.0
103.3043851852417,0.08,0.0,0.0
103.31860494613647,0.08,0.0,0.0
103.33399772644043,0.08,0.0,0.0
103.34828901290894,0.08,0.0,0.0
103.36245703697205,0.08,0.0,0.0
103.37895107269287,0.08,0.0,0.0
103.39432525634766,0.08,0.0,0.0
103.40932321548462,0.08,0.0,0.0
103.42411279678345,0.08,0.0,0.0
103.43795609474182,0.08,0.0,0.0
103.4523434638977,0.08,0.0,0.0
103.46718549728394,0.08,0.0,0.0
103.48196935653687,0.08,0.0,0.0
103.4962728023529,0.08,0.0,0.0
103.51017928123474,0.08,0.0,0.0
103.52496314048767,0.08,0.0,0.0
103.53886866569519,0.08,0.0,0.0
103.55274653434753,0.08,0.0,0.0
103.56942701339722,0.08,0.0,0.0
103.58277130126953,0.08,0.0,0.0
103.59683346748352,0.08,0.0,0.0
103.61117649078369,0.08,0.0,0.0
103.62508964538574,0.08,0.0,0.0
103.63947105407715,0.08,0.0,0.0
103.65366291999817,0.08,0.0,0.0
103.66810011863708,0.08,0.0,0.0
103.68230557441711,0.08,0.0,0.0
103.69600009918213,0.08,0.0,0.0
103.7096586227417,0.08,0.0,0.0
103.72331523895264,0.08,0.0,0.0
103.73684620857239,0.08,0.0,0.0
103.75058698654175,0.08,0.0,0.0
103.76440978050232,0.08,0.0,0.0
103.77879476547241,0.08,0.0,0.0
103.79252338409424,0.08,0.0,0.0
103.80648589134216,0.08,0.0,0.0
103.82153296470642,0.08,0.0,0.0
103.83569979667664,0.08,0.0,0.0
103.84966373443604,0.08,0.0,0.0
103.86301589012146,0.08,0.0,0.0
103.87669324874878,0.08,0.0,0.0
103.89271068572998,0.08,0.0,0.0
103.90617871284485,0.08,0.0,0.0
103.9195818901062,0.08,0.0,0.0
103.9337990283966,0.08,0.0,0.0
103.9516248703003,0.08,0.0,0.0
103.96461272239685,0.08,0.0,0.0
103.97772789001465,0.08,0.0,0.0
103.99089813232422,0.08,0.0,0.0
104.00471377372742,0.08,0.0,0.0
104.01825976371765,0.08,0.0,0.0
104.03194427490234,0.08,0.0,0.0
104.04620552062988,0.08,0.0,0.0
104.05951595306396,0.08,0.0,0.0
104.07314229011536,0.08,0.0,0.0
104.08760833740234,0.08,0.0,0.0
104.10110092163086,0.08,0.0,0.0
104.11488056182861,0.08,0.0,0.0
104.12897682189941,0.08,0.0,0.0
104.14304113388062,0.08,0.0,0.0
104.15682888031006,0.08,0.0,0.0
104.17120885848999,0.08,0.0,0.0
104.18613982200623,0.08,0.0,0.0
104.20304584503174,0.08,0.0,0.0
104.21762752532959,0.08,0.0,0.0
104.23233580589294,0.08,0.0,0.0
104.24698615074158,0.08,0.0,0.0
104.26263499259949,0.08,0.0,0.0
104.27705574035645,0.08,0.0,0.0
104.29100465774536,0.08,0.0,0.0
104.305184841156,0.08,0.0,0.0
104.32059741020203,0.08,0.0,0.0
104.33535289764404,0.08,0.0,0.0
104.34932017326355,0.08,0.0,0.0
104.36310052871704,0.08,0.0,0.0
104.37682271003723,0.08,0.0,0.0
104.39068245887756,0.08,0.0,0.0
104.40441703796387,0.08,0.0,0.0
104.41994214057922,0.08,0.0,0.0
104.43401575088501,0.08,0.0,0.0
104.44907641410828,0.08,0.0,0.0
104.46309447288513,0.08,0.0,0.0
104.47685933113098,0.08,0.0,0.0
104.49103260040283,0.08,0.0,0.0
104.5052261352539,0.08,0.0,0.0
104.52011513710022,0.08,0.0,0.0
104.53459095954895,0.08,0.0,0.0
104.54884719848633,0.08,0.0,0.0
104.56275653839111,0.08,0.0,0.0
104.57747673988342,0.08,0.0,0.0
104.59182596206665,0.08,0.0,0.0
104.60634350776672,0.08,0.0,0.0
104.6210503578186,0.08,0.0,0.0
104.6355197429657,0.08,0.0,0.0
104.64950656890869,0.08,0.0,0.0
104.66364359855652,0.08,0.0,0.0
104.67970156669617,0.08,0.0,0.0
104.69427132606506,0.08,0.0,0.0
104.70933651924133,0.08,0.0,0.0
104.72282838821411,0.08,0.0,0.0
104.73693203926086,0.08,0.0,0.0
104.75163960456848,0.08,0.0,0.0
104.76552319526672,0.08,0.0,0.0
104.77987051010132,0.08,0.0,0.0
104.7930862903595,0.08,0.0,0.0
104.80701899528503,0.08,0.0,0.0
104.82311844825745,0.08,0.0,0.0
104.83709859848022,0.08,0.0,0.0
104.85082507133484,0.08,0.0,0.0
104.8648316860199,0.08,0.0,0.0
104.87846040725708,0.08,0.0,0.0
104.89196801185608,0.08,0.0,0.0
104.90646600723267,0.08,0.0,0.0
104.9203405380249,0.08,0.0,0.0
104.93441438674927,0.08,0.0,0.0
104.94810366630554,0.08,0.0,0.0
104.9613573551178,0.08,0.0,0.0
104.97467374801636,0.08,0.0,0.0
104.98824667930603,0.08,0.0,0.0
105.00207352638245,0.08,0.0,0.0
105.01584482192993,0.08,0.0,0.0
105.02931690216064,0.08,0.0,0.0
105.04300737380981,0.08,0.0,0.0
105.05670833587646,0.08,0.0,0.0
105.06988787651062,0.08,0.0,0.0
105.0832908153534,0.08,0.0,0.0
105.0968976020813,0.08,0.0,0.0
105.11122131347656,0.08,0.0,0.0
105.1253547668457,0.08,0.0,0.0
105.13975071907043,0.08,0.0,0.0
105.15493559837341,0.08,0.0,0.0
105.16893935203552,0.08,0.0,0.0
105.18262648582458,0.08,0.0,0.0
105.19771432876587,0.08,0.0,0.0
105.21153044700623,0.08,0.0,0.0
105.22524309158325,0.08,0.0,0.0
105.23841285705566,0.08,0.0,0.0
105.25235891342163,0.08,0.0,0.0
105.26599764823914,0.08,0.0,0.0
105.28060626983643,0.08,0.0,0.0
105.29385471343994,0.08,0.0,0.0
105.3073046207428,0.08,0.0,0.0
105.32109069824219,0.08,0.0,0.0
105.33453154563904,0.08,0.0,0.0
105.34788918495178,0.08,0.0,0.0
105.36240744590759,0.08,0.0,0.0
105.3779354095459,0.08,0.0,0.0
105.39208936691284,0.08,0.0,0.0
105.40561127662659,0.08,0.0,0.0
105.41917777061462,0.08,0.0,0.0
105.43336629867554,0.08,0.0,0.0
105.44679045677185,0.08,0.0,0.0
105.46037912368774,0.08,0.0,0.0
105.47438287734985,0.08,0.0,0.0
105.48837280273438,0.08,0.0,0.0
105.50227952003479,0.08,0.0,0.0
105.51607656478882,0.08,0.0,0.0
105.53068923950195,0.08,0.0,0.0
105.54466962814331,0.08,0.0,0.0
105.55864882469177,0.08,0.0,0.0
105.57199358940125,0.08,0.0,0.0
105.58553171157837,0.08,0.0,0.0
105.59920597076416,0.08,0.0,0.0
105.61273527145386,0.08,0.0,0.0
105.62636160850525,0.08,0.0,0.0
105.64062905311584,0.08,0.0,0.0
105.65402054786682,0.08,0.0,0.0
105.66764569282532,0.08,0.0,0.0
105.68122577667236,0.08,0.0,0.0
105.694664478302,0.08,0.0,0.0
105.70828175544739,0.08,0.0,0.0
105.72262597084045,0.08,0.0,0.0
105.736501455307,0.08,0.0,0.0
105.7505419254303,0.08,0.0,0.0
105.76600623130798,0.08,0.0,0.0
105.77958273887634,0.08,0.0,0.0
105.79341244697571,0.08,0.0,0.0
105.80716562271118,0.08,0.0,0.0
105.8211088180542,0.08,0.0,0.0
105.8345456123352,0.08,0.0,0.0
105.84863758087158,0.08,0.0,0.0
105.86277532577515,0.08,0.0,0.0
105.87653756141663,0.08,0.0,0.0
105.89052987098694,0.08,0.0,0.0
105.90458512306213,0.08,0.0,0.0
105.91849398612976,0.08,0.0,0.0
105.93288946151733,0.08,0.0,0.0
105.94770359992981,0.08,0.0,0.0
105.96222233772278,0.08,0.0,0.0
105.97571659088135,0.08,0.0,0.0
105.9898190498352,0.08,0.0,0.0
106.00391101837158,0.08,0.0,0.0
106.01781868934631,0.08,0.0,0.0
106.0315272808075,0.08,0.0,0.0
106.04507660865784,0.08,0.0,0.0
106.0584487915039,0.08,0.0,0.0
106.07191681861877,0.08,0.0,0.0
106.08572030067444,0.08,0.0,0.0
106.09986448287964,0.08,0.0,0.0
106.11387729644775,0.08,0.0,0.0
106.12751030921936,0.08,0.0,0.0
106.1417031288147,0.08,0.0,0.0
106.155198097229,0.08,0.0,0.0
106.17015767097473,0.08,0.0,0.0
106.18446207046509,0.08,0.0,0.0
106.19816780090332,0.08,0.0,0.0
106.21230483055115,0.08,0.0,0.0
106.2255470752716,0.08,0.0,0.0
106.23917603492737,0.08,0.0,0.0
106.2528338432312,0.08,0.0,0.0
106.26625037193298,0.08,0.0,0.0
106.28045558929443,0.08,0.0,0.0
106.29354691505432,0.08,0.0,0.0
106.30702018737793,0.08,0.0,0.0
106.31998372077942,0.08,0.0,0.0
106.33358407020569,0.08,0.0,0.0
106.3479676246643,0.08,0.0,0.0
106.36214518547058,0.08,0.0,0.0
106.37597036361694,0.08,0.0,0.0
106.39204859733582,0.08,0.0,0.0
106.40562462806702,0.08,0.0,0.0
106.4195454120636,0.08,0.0,0.0
106.43263292312622,0.08,0.0,0.0
106.44765114784241,0.08,0.0,0.0
106.46255016326904,0.08,0.0,0.0
106.47698545455933,0.08,0.0,0.0
106.49086022377014,0.08,0.0,0.0
106.5046775341034,0.08,0.0,0.0
106.51912426948547,0.08,0.0,0.0
106.53370976448059,0.08,0.0,0.0
106.54993271827698,0.08,0.0,0.0
106.56417536735535,0.08,0.0,0.0
106.57844972610474,0.08,0.0,0.0
106.59241724014282,0.08,0.0,0.0
106.60609769821167,0.08,0.0,0.0
106.6194429397583,0.08,0.0,0.0
106.63294053077698,0.08,0.0,0.0
106.64634919166565,0.08,0.0,0.0
106.65917563438416,0.08,0.0,0.0
106.6726303100586,0.08,0.0,0.0
106.68671488761902,0.08,0.0,0.0
106.69979071617126,0.08,0.0,0.0
106.7140302658081,0.08,0.0,0.0
106.72890067100525,0.08,0.0,0.0
106.74333691596985,0.08,0.0,0.0
106.7571542263031,0.08,0.0,0.0
106.77193117141724,0.08,0.0,0.0
106.78673577308655,0.08,0.0,0.0
106.80080652236938,0.08,0.0,0.0
106.81457185745239,0.08,0.0,0.0
106.82822442054749,0.08,0.0,0.0
106.8437442779541,0.08,0.0,0.0
106.85844540596008,0.08,0.0,0.0
106.87296938896179,0.08,0.0,0.0
106.88737630844116,0.08,0.0,0.0
106.9016695022583,0.08,0.0,0.0
106.9160726070404,0.08,0.0,0.0
106.93099761009216,0.08,0.0,0.0
106.94681477546692,0.08,0.0,0.0
106.96198034286499,0.08,0.0,0.0
106.97551655769348,0.08,0.0,0.0
106.98938488960266,0.08,0.0,0.0
107.00575590133667,0.08,0.0,0.0
107.02024149894714,0.08,0.0,0.0
107.0360598564148,0.08,0.0,0.0
107.05063939094543,0.08,0.0,0.0
107.06409859657288,0.08,0.0,0.0
107.07785081863403,0.08,0.0,0.0
107.09130024909973,0.08,0.0,0.0
107.10586404800415,0.08,0.0,0.0
107.12009358406067,0.08,0.0,0.0
107.13410520553589,0.08,0.0,0.0
107.14786028862,0.08,0.0,0.0
107.16229033470154,0.08,0.0,0.0
107.17711925506592,0.08,0.0,0.0
107.19160556793213,0.08,0.0,0.0
107.20612287521362,0.08,0.0,0.0
107.22230529785156,0.08,0.0,0.0
107.23696684837341,0.08,0.0,0.0
107.25058555603027,0.08,0.0,0.0
107.26442289352417,0.08,0.0,0.0
107.28385162353516,0.08,0.0,0.0
107.29708576202393,0.08,0.0,0.0
107.31016302108765,0.08,0.0,0.0
107.32413530349731,0.08,0.0,0.0
107.33701062202454,0.08,0.0,0.0
107.35029172897339,0.08,0.0,0.0
107.36361694335938,0.08,0.0,0.0
107.37711668014526,0.08,0.0,0.0
107.39057421684265,0.08,0.0,0.0
107.40437531471252,0.08,0.0,0.0
107.41909718513489,0.08,0.0,0.0
107.43338060379028,0.08,0.0,0.0
107.44698524475098,0.08,0.0,0.0
107.46129369735718,0.08,0.0,0.0
107.47498202323914,0.08,0.0,0.0
107.48868227005005,0.08,0.0,0.0
107.50382494926453,0.08,0.0,0.0
107.5174503326416,0.08,0.0,0.0
107.53428268432617,0.08,0.0,0.0
107.54891872406006,0.08,0.0,0.0
107.56455636024475,0.08,0.0,0.0
107.58067655563354,0.08,0.0,0.0
107.59630250930786,0.08,0.0,0.0
107.6111376285553,0.08,0.0,0.0
107.62558817863464,0.08,0.0,0.0
107.63911533355713,0.08,0.0,0.0
107.65387725830078,0.08,0.0,0.0
107.66779661178589,0.08,0.0,0.0
107.68188405036926,0.08,0.0,0.0
107.70199275016785,0.08,0.0,0.0
107.71589207649231,0.08,0.0,0.0
107.73034000396729,0.08,0.0,0.0
107.74448156356812,0.08,0.0,0.0
107.76091527938843,0.08,0.0,0.0
107.77438449859619,0.08,0.0,0.0
107.78819465637207,0.08,0.0,0.0
107.80191564559937,0.08,0.0,0.0
107.81578278541565,0.08,0.0,0.0
107.82935762405396,0.08,0.0,0.0
107.8431167602539,0.08,0.0,0.0
107.85631513595581,0.08,0.0,0.0
107.87006545066833,0.08,0.0,0.0
107.88461947441101,0.08,0.0,0.0
107.89814567565918,0.08,0.0,0.0
107.9116678237915,0.08,0.0,0.0
107.92533993721008,0.08,0.0,0.0
107.93878936767578,0.08,0.0,0.0
107.95195770263672,0.08,0.0,0.0
107.96640419960022,0.08,0.0,0.0
107.9801561832428,0.08,0.0,0.0
107.99402713775635,0.08,0.0,0.0
108.01198124885559,0.08,0.0,0.0
108.02467679977417,0.08,0.0,0.0
108.03806376457214,0.08,0.0,0.0
108.05105543136597,0.08,0.0,0.0
108.06465315818787,0.08,0.0,0.0
108.07898044586182,0.08,0.0,0.0
108.09314942359924,0.08,0.0,0.0
108.10772395133972,0.08,0.0,0.0
108.12206816673279,0.08,0.0,0.0
108.13605260848999,0.08,0.0,0.0
108.151211977005,0.08,0.0,0.0
108.1668028831482,0.08,0.0,0.0
108.18086838722229,0.08,0.0,0.0
108.19522523880005,0.08,0.0,0.0
108.20951986312866,0.08,0.0,0.0
108.22463059425354,0.08,0.0,0.0
108.23852562904358,0.08,0.0,0.0
108.25189352035522,0.08,0.0,0.0
108.26555395126343,0.08,0.0,0.0
108.27925992012024,0.08,0.0,0.0
108.29256868362427,0.08,0.0,0.0
108.30599808692932,0.08,0.0,0.0
108.32085037231445,0.08,0.0,0.0
108.33444023132324,0.08,0.0,0.0
108.34789872169495,0.08,0.0,0.0
108.3620879650116,0.08,0.0,0.0
108.37579011917114,0.08,0.0,0.0
108.39007329940796,0.08,0.0,0.0
108.40484166145325,0.08,0.0,0.0
108.41911673545837,0.08,0.0,0.0
108.43365097045898,0.08,0.0,0.0
108.44756436347961,0.08,0.0,0.0
108.46117973327637,0.08,0.0,0.0
108.47526621818542,0.08,0.0,0.0
108.48871684074402,0.08,0.0,0.0
108.50206422805786,0.08,0.0,0.0
108.515460729599,0.08,0.0,0.0
108.52962231636047,0.08,0.0,0.0
108.54338550567627,0.08,0.0,0.0
108.55690693855286,0.08,0.0,0.0
108.57051348686218,0.08,0.0,0.0
108.58493876457214,0.08,0.0,0.0
108.60094237327576,0.08,0.0,0.0
108.61589360237122,0.08,0.0,0.0
108.63160610198975,0.08,0.0,0.0
108.64750814437866,0.08,0.0,0.0
108.6632707118988,0.08,0.0,0.0
108.67851948738098,0.08,0.0,0.0
108.69470524787903,0.08,0.24,0.0
108.70919609069824,0.09,0.83,0.0
108.72277522087097,0.12,1.71,0.0
108.73733496665955,0.16,3.71,0.0
108.75139212608337,0.24,5.36,0.0
108.76580572128296,0.33,6.91,0.0
108.7792272567749,0.42,6.53,0.0
108.7930588722229,0.5,5.88,0.0
108.80704021453857,0.54,2.72,0.0
108.82041025161743,0.53,-0.9,0.0
108.83419966697693,0.51,-0.86,0.0
108.84776997566223,0.5,-0.88,0.0
108.86205911636353,0.5,-0.32,0.0
108.87630605697632,0.5,0.02,0.0
108.89202785491943,0.5,0.0,0.0
108.90590572357178,0.5,0.0,0.0
108.91985869407654,0.5,0.0,0.0
108.9363465309143,0.5,0.0,0.0
108.95100903511047,0.5,0.0,0.0
108.96553039550781,0.5,0.0,0.0
108.97976732254028,0.5,0.0,0.0
108.99491381645203,0.5,0.0,0.0
109.00884008407593,0.5,0.0,0.0
109.02324676513672,0.5,0.0,0.0
109.0362138748169,0.5,0.0,0.0
109.04974150657654,0.5,0.0,0.0
109.06358623504639,0.5,0.0,0.0
109.07720518112183,0.5,0.0,0.0
109.09146642684937,0.5,0.0,0.0
109.10563468933105,0.5,0.0,0.0
109.11917090415955,0.5,0.0,0.0
109.13294458389282,0.5,0.0,0.0
109.14841413497925,0.5,0.0,0.0
109.16276907920837,0.5,0.0,0.0
109.17623949050903,0.5,0.0,0.0
109.19017887115479,0.5,0.0,0.0
109.20461535453796,0.5,0.0,0.0
109.22015714645386,0.5,0.0,0.0
109.23616194725037,0.5,0.0,0.0
109.2520318031311,0.5,0.0,0.0
109.26586532592773,0.5,0.0,0.0
109.2802324295044,0.5,0.0,0.0
109.29490566253662,0.5,0.0,0.0
109.30814218521118,0.5,0.0,0.0
109.32128357887268,0.5,0.0,0.0
109.33505940437317,0.5,0.0,0.0
109.34840893745422,0.5,0.0,0.0
109.36220812797546,0.5,0.0,0.0
109.37645721435547,0.5,0.0,0.0
109.39006066322327,0.5,0.0,0.0
109.40417408943176,0.5,0.0,0.0
109.42323732376099,0.5,0.0,0.0
109.4384298324585,0.5,0.0,0.0
109.45287227630615,0.5,0.0,0.0
109.46717882156372,0.5,0.0,0.0
109.48153376579285,0.5,0.0,0.0
109.49629664421082,0.5,0.0,0.0
109.51244235038757,0.5,0.0,0.0
109.52713227272034,0.5,0.0,0.0
109.5417127609253,0.5,0.0,0.0
109.55644273757935,0.5,0.0,0.0
109.56884908676147,0.5,0.0,0.0
109.58335185050964,0.5,0.0,0.0
109.5974371433258,0.5,0.0,0.0
109.61190462112427,0.5,0.0,0.0
109.62710285186768,0.5,0.0,0.0
109.64202809333801,0.5,0.0,0.0
109.65607571601868,0.5,0.0,0.0
109.67068290710449,0.5,0.0,0.0
109.68450450897217,0.5,0.0,0.0
109.69967436790466,0.5,0.0,0.0
109.71416640281677,0.5,0.0,0.0
109.72893285751343,0.5,-0.02,0.0
109.74273896217346,0.5,0.02,0.0
109.75699353218079,0.5,0.0,0.0
109.77083039283752,0.5,0.0,0.0
109.7859160900116,0.5,0.0,0.0
109.79980325698853,0.5,0.0,0.0
109.81589436531067,0.5,0.0,0.0
109.82981300354004,0.5,0.0,0.0
109.8440842628479,0.5,0.0,0.0
109.85892987251282,0.5,0.0,0.0
109.87340903282166,0.5,0.0,0.0
109.88855981826782,0.5,0.0,0.0
109.90275740623474,0.5,0.0,0.0
109.9171814918518,0.5,0.0,0.0
109.93073892593384,0.5,0.0,0.0
109.94595527648926,0.5,0.0,0.0
109.96070122718811,0.5,0.0,0.0
109.97432446479797,0.5,0.0,0.0
109.98838710784912,0.5,0.0,0.0
110.00249171257019,0.5,0.0,0.0
110.01605916023254,0.5,0.0,0.0
110.02980351448059,0.5,0.0,0.0
110.04376578330994,0.5,0.0,0.0
110.0576536655426,0.5,0.0,0.0
110.07181787490845,0.5,0.0,0.0
110.08648157119751,0.5,0.0,0.0
110.10045313835144,0.5,0.0,0.0
110.1142258644104,0.5,0.0,0.0
110.13111066818237,0.5,0.0,0.0
110.1461775302887,0.5,0.0,0.0
110.1609992980957,0.5,0.0,0.0
110.17746901512146,0.5,0.0,0.0
110.1924638748169,0.5,0.0,0.0
110.20756435394287,0.5,0.0,0.0
110.22228527069092,0.5,0.0,0.0
110.23668146133423,0.5,0.0,0.0
110.25114059448242,0.5,0.0,0.0
110.26488614082336,0.5,0.0,0.0
110.28007674217224,0.5,0.0,0.0
110.29662084579468,0.5,0.0,0.0
110.31255412101746,0.5,0.0,0.0
110.32591199874878,0.5,0.0,0.0
110.34040379524231,0.5,0.0,0.0
110.3556694984436,0.5,0.0,0.0
110.36989951133728,0.5,0.0,0.0
110.38377165794373,0.5,0.0,0.0
110.39888525009155,0.5,0.0,0.0
110.41275548934937,0.5,0.0,0.0
110.4265398979187,0.5,0.0,0.0
110.44007015228271,0.5,0.0,0.0
110.45395946502686,0.5,0.0,0.0
110.46765375137329,0.5,0.0,0.0
110.48108768463135,0.5,0.02,0.0
110.49456882476807,0.5,0.15,0.0
110.50839328765869,0.51,0.53,0.0
110.52239680290222,0.52,0.97,0.0
110.53622508049011,0.54,1.48,0.0
110.55019783973694,0.55,1.08,0.0
110.56392693519592,0.55,0.05,0.0
110.57785606384277,0.55,0.0,0.0
110.59167146682739,0.55,0.0,0.0
110.60570120811462,0.55,0.0,0.0
110.61974287033081,0.55,0.0,0.0
110.63727760314941,0.55,0.0,0.0
110.6510853767395,0.55,0.0,0.0
110.66556358337402,0.55,0.0,0.0
110.68134355545044,0.55,0.0,0.0
110.69620752334595,0.55,0.0,0.0
110.71064734458923,0.55,-0.02,0.0
110.72495007514954,0.55,-0.11,0.0
110.73912477493286,0.55,-0.15,0.0
110.75325465202332,0.55,-0.09,0.0
110.76698064804077,0.55,-0.04,0.0
110.78062176704407,0.55,-0.02,0.0
110.79451632499695,0.55,-0.02,0.0
110.80803775787354,0.55,0.0,0.0
110.82170724868774,0.55,0.0,0.0
110.83546280860901,0.55,-0.02,0.0
110.84874629974365,0.55,-0.05,0.0
110.86254644393921,0.54,-0.13,0.0
110.87564754486084,0.54,-0.29,0.0
110.88958191871643,0.53,-0.38,0.0
110.90374660491943,0.53,-0.44,0.0
110.91925644874573,0.52,-0.65,0.0
110.93393921852112,0.51,-0.5,0.0
110.94791221618652,0.51,-0.04,0.0
110.96192908287048,0.51,0.0,0.0
110.97567749023438,0.51,0.0,0.0
110.98977756500244,0.51,0.0,0.0
111.00361442565918,0.51,0.0,0.0
111.0182557106018,0.51,0.0,0.0
111.03304719924927,0.51,0.0,0.0
111.04784226417542,0.51,0.0,0.0
111.06428456306458,0.51,0.0,0.0
111.07931566238403,0.51,0.0,0.0
111.0933485031128,0.51,0.0,0.0
111.10714197158813,0.51,0.02,0.0
111.12225770950317,0.51,0.0,0.0
111.13652896881104,0.51,0.02,0.0
111.15070939064026,0.51,0.02,0.0
111.16428875923157,0.51,0.07,0.0
111.17848181724548,0.51,0.05,0.0
111.19239354133606,0.51,0.02,0.0
111.2062201499939,0.51,0.0,0.0
111.22078704833984,0.51,0.02,0.0
111.23614740371704,0.51,0.0,0.0
111.25035643577576,0.51,0.0,0.0
111.26405715942383,0.51,0.0,0.0
111.28003287315369,0.51,0.0,0.0
111.29364204406738,0.51,0.0,0.0
111.30782556533813,0.51,0.0,0.0
111.3215229511261,0.51,0.0,0.0
111.33488750457764,0.51,0.0,0.0
111.34830856323242,0.51,0.0,0.0
111.36153078079224,0.51,0.0,0.0
111.37765622138977,0.51,0.0,0.0
111.39475083351135,0.51,0.0,0.0
111.41025876998901,0.51,0.0,0.0
111.42487144470215,0.51,0.0,0.0
111.4387059211731,0.51,0.0,0.0
111.45482087135315,0.51,0.0,0.0
111.46895265579224,0.52,0.02,0.0
111.48271751403809,0.52,0.02,0.0
111.4964439868927,0.52,0.07,0.0
111.50957727432251,0.52,0.02,0.0
111.52318334579468,0.52,0.0,0.0
111.53673911094666,0.52,0.0,0.0
111.55035948753357,0.52,0.0,0.0
111.5636830329895,0.52,0.0,0.0
111.57747983932495,0.52,0.0,0.0
111.59106063842773,0.52,0.0,0.0
111.60755133628845,0.52,0.0,0.0
111.62257242202759,0.52,0.0,0.0
111.63813281059265,0.52,0.0,0.0
111.6537082195282,0.52,0.0,0.0
111.66720843315125,0.52,0.0,0.0
111.681813955307,0.52,0.0,0.0
111.6971914768219,0.52,0.0,0.0
111.7105484008789,0.52,0.0,0.0
111.72405362129211,0.52,0.0,0.0
111.73753309249878,0.52,0.0,0.0
111.75116777420044,0.52,0.0,0.0
111.76559233665466,0.52,-0.02,0.0
111.78083419799805,0.52,0.0,0.0
111.79571652412415,0.52,0.0,0.0
111.80970597267151,0.52,-0.02,0.0
111.82399725914001,0.52,0.0,0.0
111.8384006023407,0.52,0.0,0.0
111.85360503196716,0.52,-0.02,0.0
111.868155002594,0.52,0.0,0.0
111.88167691230774,0.52,0.0,0.0
111.89722323417664,0.52,0.0,0.0
111.91183543205261,0.52,0.0,0.0
111.92586827278137,0.52,0.0,0.0
111.93989634513855,0.52,0.0,0.0
111.95365738868713,0.52,0.0,0.0
111.96745610237122,0.52,0.0,0.0
111.98099493980408,0.52,0.0,0.0
111.99455118179321,0.52,0.0,0.0
112.0098876953125,0.52,0.0,0.0
112.02436685562134,0.52,0.0,0.0
112.03816938400269,0.52,0.0,0.0
112.05162286758423,0.52,0.0,0.0
112.06493210792542,0.52,0.0,0.0
112.07808423042297,0.52,0.0,0.0
112.091228723526,0.52,0.0,0.0
112.10446572303772,0.52,0.0,0.0
112.12015008926392,0.52,0.0,0.0
112.13426303863525,0.52,0.0,0.0
112.1482982635498,0.52,0.0,0.0
112.1619222164154,0.52,0.0,0.0
112.17568016052246,0.52,0.0,0.0
112.18933701515198,0.52,0.0,0.0
112.20322632789612,0.52,0.0,0.0
112.21896481513977,0.52,0.0,0.0
112.23482942581177,0.52,0.0,0.0
112.25006985664368,0.52,0.0,0.0
112.26480269432068,0.52,0.0,0.0
112.28433561325073,0.52,0.0,0.0
112.30032134056091,0.52,0.0,0.0
112.31680488586426,0.52,0.0,0.0
112.3303005695343,0.52,0.0,0.0
112.34639286994934,0.52,0.0,0.0
112.36148619651794,0.52,0.0,0.0
112.37701845169067,0.52,0.0,0.0
112.39102721214294,0.52,0.0,0.0
112.40496349334717,0.52,0.0,0.0
112.41887831687927,0.52,0.02,0.0
112.43259501457214,0.52,0.0,0.0
112.44657611846924,0.52,0.0,0.0
112.46080660820007,0.52,0.0,0.0
112.47430634498596,0.52,0.0,0.0
112.4884581565857,0.52,0.0,0.0
112.50281834602356,0.52,0.0,0.0
112.51660776138306,0.52,0.0,0.0
112.53004360198975,0.52,0.0,0.0
112.54391264915466,0.52,0.0,0.0
112.55790090560913,0.52,0.0,0.0
112.57188153266907,0.52,-0.02,0.0
112.58797216415405,0.52,0.0,0.0
112.60199618339539,0.52,0.0,0.0
112.6243166923523,0.52,0.0,0.0
112.64356184005737,0.52,0.0,0.0
112.65702509880066,0.52,0.0,0.0
112.67114281654358,0.52,0.0,0.0
112.68426704406738,0.52,0.0,0.0
112.6981954574585,0.52,0.0,0.0
112.71180987358093,0.52,0.0,0.0
112.72532343864441,0.52,0.0,0.0
112.73891997337341,0.52,0.0,0.0
112.75260496139526,0.52,0.0,0.0
112.76606059074402,0.52,0.0,0.0
112.77964568138123,0.52,0.0,0.0
112.79435753822327,0.52,0.0,0.0
112.80744695663452,0.52,0.0,0.0
112.82127499580383,0.52,0.0,0.0
112.83520102500916,0.52,0.0,0.0
112.84929275512695,0.52,0.0,0.0
112.86278128623962,0.52,0.0,0.0
112.87689256668091,0.52,0.0,0.0
112.89021921157837,0.52,0.0,0.0
112.90267872810364,0.52,0.0,0.0
112.91617345809937,0.52,0.0,0.0
112.93046259880066,0.52,0.0,0.0
112.94418859481812,0.52,0.0,0.0
112.95790815353394,0.52,0.0,0.0
112.97332453727722,0.52,0.0,0.0
112.98867678642273,0.52,0.0,0.0
113.00243473052979,0.52,0.0,0.0
113.01606011390686,0.52,0.0,0.0
113.02943015098572,0.52,0.0,0.0
113.043781042099,0.52,0.0,0.0
113.05705618858337,0.52,0.0,0.0
113.07012367248535,0.52,0.0,0.0
113.08391284942627,0.52,0.0,0.0
113.09795331954956,0.52,0.0,0.0
113.11056351661682,0.52,0.0,0.0
113.12505030632019,0.52,0.0,0.0
113.14005017280579,0.52,0.0,0.0
113.15775418281555,0.52,0.0,0.0
113.17552924156189,0.52,0.0,0.0
113.19147777557373,0.52,0.0,0.0
113.2067198753357,0.52,0.0,0.0
113.22005033493042,0.52,0.0,0.0
113.23996043205261,0.52,0.0,0.0
113.25636291503906,0.52,0.0,0.0
113.2765748500824,0.52,0.0,0.0
113.29332447052002,0.52,0.0,0.0
113.3097174167633,0.52,0.0,0.0
113.32338786125183,0.52,0.0,0.0
113.34144711494446,0.52,0.0,0.0
113.3551778793335,0.52,0.0,0.0
113.36879992485046,0.52,0.0,0.0
113.38487195968628,0.52,0.0,0.0
113.40062427520752,0.52,0.0,0.0
113.41466331481934,0.52,0.0,0.0
113.43000030517578,0.52,0.0,0.0
113.44494938850403,0.52,0.0,0.0
113.45875883102417,0.52,0.0,0.0
113.47610998153687,0.52,0.0,0.0
113.48965740203857,0.52,0.0,0.0
113.50306177139282,0.52,0.0,0.0
113.51659154891968,0.52,0.0,0.0
115.43189430236816,0.0,0.0,0.0
115.44716691970825,0.0,0.0,0.0
115.46522188186646,0.0,0.0,0.0
115.47878241539001,0.0,0.0,0.0
115.49265766143799,0.0,0.0,0.0
115.50887846946716,0.0,0.0,0.0
115.5233404636383,0.0,0.0,0.0
115.53765869140625,0.0,0.0,0.0
115.55112481117249,0.0,0.0,0.0
115.5645649433136,0.0,0.0,0.0
115.57815623283386,0.0,0.0,0.0
115.5916063785553,0.0,0.0,0.0
115.6050796508789,0.0,0.0,0.0
115.61916184425354,0.0,0.0,0.0
115.63267707824707,0.0,0.0,0.0
115.64703702926636,0.0,0.0,0.0
115.66133713722229,0.0,0.0,0.0
115.67724275588989,0.0,0.0,0.0
115.6917736530304,0.0,0.0,0.0
115.70653080940247,0.0,0.0,0.0
115.72152066230774,0.0,0.0,0.0
115.73661088943481,0.0,0.0,0.0
115.74961590766907,0.0,0.0,0.0
115.7638292312622,0.0,0.0,0.0
115.77968192100525,0.0,0.0,0.0
115.79539513587952,0.0,0.0,0.0
115.81051683425903,0.0,0.0,0.0
115.8241069316864,0.0,0.0,0.0
115.83920669555664,0.0,0.0,0.0
115.85250496864319,0.0,0.0,0.0
115.86683487892151,0.0,0.0,0.0
115.88196897506714,0.0,0.0,0.0
115.89757347106934,0.0,0.0,0.0
115.910884141922,0.0,0.0,0.0
115.9242331981659,0.0,0.0,0.0
115.9376540184021,0.0,0.0,0.0
115.95088195800781,0.0,0.0,0.0
115.96466040611267,0.0,0.0,0.0
115.97986459732056,0.0,0.0,0.0
115.99474263191223,0.0,0.0,0.0
116.0134117603302,0.0,0.0,0.0
116.02755117416382,0.0,0.0,0.0
116.04082465171814,0.0,0.0,0.0
116.05438303947449,0.0,0.0,0.0
116.06785988807678,0.0,0.0,0.0
116.08214712142944,0.0,0.0,0.0
116.0976812839508,0.0,0.0,0.0
116.11180996894836,0.0,0.0,0.0
116.12564373016357,0.0,0.0,0.0
116.1421868801117,0.0,0.0,0.0
116.15620183944702,0.0,0.0,0.0
116.17208743095398,0.0,0.0,0.0
116.18649435043335,0.0,0.0,0.0
116.20288443565369,0.0,0.0,0.0
116.21865463256836,0.0,0.0,0.0
116.23361325263977,0.0,0.0,0.0
116.24743843078613,0.0,0.0,0.0
116.26156497001648,0.0,0.0,0.0
116.28161907196045,0.0,0.0,0.0
116.29778027534485,0.0,0.0,0.0
116.31496834754944,0.0,0.0,0.0
116.32915258407593,0.0,0.0,0.0
116.34804248809814,0.0,0.0,0.0
116.36143827438354,0.0,0.0,0.0
116.37477421760559,0.0,0.0,0.0
116.38845777511597,0.0,0.0,0.0
116.40249705314636,0.0,0.0,0.0
116.41709327697754,0.0,0.0,0.0
116.43069100379944,0.0,0.0,0.0
116.44516372680664,0.0,0.0,0.0
116.45939660072327,0.0,0.0,0.0
116.47361326217651,0.0,0.0,0.0
116.48750472068787,0.0,0.0,0.0
116.50267624855042,0.0,0.0,0.0
116.51718282699585,0.0,0.0,0.0
116.53132605552673,0.0,0.0,0.0
116.54476237297058,0.0,0.0,0.0
116.55801582336426,0.0,0.0,0.0
116.57654428482056,0.0,0.0,0.0
116.58991980552673,0.0,0.0,0.0
116.61055564880371,0.0,0.0,0.0
116.62547469139099,0.0,0.0,0.0
116.64028739929199,0.0,0.0,0.0
116.65415263175964,0.0,0.0,0.0
116.66821813583374,0.0,0.0,0.0
116.68212532997131,0.0,0.0,0.0
116.69777774810791,0.0,0.0,0.0
116.71207690238953,0.0,0.0,0.0
116.72886323928833,0.0,0.0,0.0
116.74337410926819,0.0,0.0,0.0
116.75785112380981,0.0,0.0,0.0
116.7835476398468,0.0,0.0,20.0
116.80148029327393,-0.0,-0.11,20.0
116.81507778167725,-0.01,-0.3,20.0
116.82962894439697,-0.01,-0.37,20.0
116.84397506713867,-0.02,-0.39,20.0
116.86028409004211,-0.03,-0.46,20.0
116.88617610931396,-0.05,-0.74,0.0
116.90315270423889,-0.06,-1.03,0.0
116.91716313362122,-0.08,-0.9,0.0
116.93366694450378,-0.08,-0.19,0.0
116.94739508628845,-0.08,0.17,0.0
116.96279835700989,-0.08,0.0,0.0
116.9785749912262,-0.08,0.0,0.0
116.99387001991272,-0.08,0.0,0.0
117.00840210914612,-0.08,0.0,0.0
117.02195000648499,-0.08,0.0,0.0
117.0366644859314,-0.08,0.0,0.0
117.04981780052185,-0.08,0.0,0.0
117.06503582000732,-0.08,0.0,0.0
117.0787672996521,-0.08,0.0,0.0
117.09259033203125,-0.08,0.0,0.0
117.10656881332397,-0.08,0.0,0.0
117.12001752853394,-0.08,0.0,0.0
117.13554501533508,-0.08,0.0,0.0
117.1519238948822,-0.08,0.0,0.0
117.16793847084045,-0.08,0.0,0.0
117.1835789680481,-0.08,0.0,0.0
117.19894981384277,-0.08,0.0,0.0
117.21208548545837,-0.08,0.0,0.0
117.22496795654297,-0.08,0.0,0.0
117.23818278312683,-0.08,0.0,0.0
117.25134611129761,-0.08,0.0,0.0
117.26595449447632,-0.08,0.0,0.0
117.27881240844727,-0.08,0.0,0.0
117.29246735572815,-0.08,0.0,0.0
117.30732703208923,-0.08,0.0,0.0
117.32029962539673,-0.08,0.0,0.0
117.33350777626038,-0.08,0.0,0.0
117.34782528877258,-0.08,0.0,0.0
117.36108922958374,-0.08,0.0,0.0
117.37629055976868,-0.08,0.0,0.0
117.39092588424683,-0.08,0.0,0.0
117.40403461456299,-0.08,0.0,0.0
117.41870021820068,-0.08,0.0,0.0
117.4315676689148,-0.08,0.0,0.0
117.44476962089539,-0.08,0.0,0.0
117.45891237258911,-0.08,0.0,0.0
117.47226285934448,-0.08,0.0,0.0
117.48537755012512,-0.08,0.0,0.0
117.49937391281128,-0.08,0.0,0.0
117.51326560974121,-0.08,0.0,0.0
117.52782607078552,-0.08,0.0,0.0
117.54210925102234,-0.08,0.0,0.0
117.55552554130554,-0.08,0.0,0.0
117.57076048851013,-0.08,0.0,0.0
117.58455610275269,-0.08,0.0,0.0
117.59933805465698,-0.08,0.0,0.0
117.61290740966797,-0.08,0.0,0.0
117.63673281669617,-0.08,0.0,20.0
117.64956760406494,-0.08,-0.15,20.0
117.66346263885498,-0.08,-0.14,20.0
117.67782354354858,-0.08,-0.04,20.0
117.69177150726318,-0.08,0.0,20.0
117.70575618743896,-0.08,-0.02,20.0
117.73056983947754,-0.08,0.02,0.0
117.74558591842651,-0.08,0.11,0.0
117.76416516304016,-0.08,0.02,0.0
117.77721166610718,-0.08,0.0,0.0
117.7908353805542,-0.08,0.0,0.0
117.80436992645264,-0.08,0.0,0.0
117.817702293396,-0.08,0.0,0.0
117.83268594741821,-0.08,0.0,0.0
117.8475124835968,-0.08,0.0,0.0
117.86172461509705,-0.08,0.0,0.0
117.87594485282898,-0.08,0.0,0.0
117.8889582157135,-0.08,0.0,0.0
117.90256524085999,-0.08,0.0,0.0
117.91551375389099,-0.08,0.0,0.0
117.92933464050293,-0.08,0.0,0.0
117.94317698478699,-0.08,0.0,0.0
117.95718502998352,-0.08,0.0,0.0
117.9721086025238,-0.08,0.0,0.0
117.98599886894226,-0.08,0.0,0.0
118.00021505355835,-0.08,0.0,0.0
118.01441264152527,-0.08,0.0,0.0
118.02852296829224,-0.08,0.0,0.0
118.04296612739563,-0.08,0.0,0.0
118.06168532371521,-0.08,0.0,0.0
118.07673716545105,-0.08,0.0,0.0
118.0899646282196,-0.08,0.0,0.0
118.10458540916443,-0.08,0.0,0.0
118.11999368667603,-0.08,0.0,0.0
118.13403677940369,-0.08,0.0,0.0
118.14805150032043,-0.08,0.0,0.0
118.16348958015442,-0.08,0.0,0.0
118.17730641365051,-0.08,0.0,0.0
118.19158506393433,-0.08,0.0,0.0
118.20568585395813,-0.08,0.0,0.0
118.22054815292358,-0.08,0.0,0.0
118.23546981811523,-0.08,0.0,0.0
118.25060486793518,-0.08,0.0,0.0
118.26472210884094,-0.08,0.0,0.0
118.27834010124207,-0.08,0.0,0.0
118.2926881313324,-0.08,0.0,0.0
118.30760717391968,-0.08,0.0,0.0
118.3219792842865,-0.08,0.0,0.0
118.33620738983154,-0.08,0.0,0.0
118.35072827339172,-0.08,0.0,0.0
118.36425375938416,-0.08,0.0,0.0
118.37974047660828,-0.08,0.0,0.0
118.39437246322632,-0.08,0.0,0.0
118.40980935096741,-0.08,0.0,0.0
118.42439579963684,-0.08,0.0,0.0
118.43825697898865,-0.08,0.0,0.0
118.45231938362122,-0.08,0.0,0.0
118.46583414077759,-0.08,0.0,0.0
118.47943329811096,-0.08,0.0,0.0
118.49476957321167,-0.08,0.0,0.0
118.50857734680176,-0.08,0.0,0.0
118.521968126297,-0.08,0.0,0.0
118.53549885749817,-0.08,0.0,0.0
118.54952788352966,-0.08,0.0,0.0
118.56334090232849,-0.08,0.0,0.0
118.5801591873169,-0.08,0.0,0.0
118.59618878364563,-0.08,0.0,0.0
118.61225295066833,-0.08,0.0,0.0
118.62764501571655,-0.08,0.0,0.0
118.64376997947693,-0.08,0.0,0.0
118.6588625907898,-0.08,0.0,0.0
118.67363834381104,-0.08,0.0,0.0
118.68873429298401,-0.08,0.0,0.0
118.7029070854187,-0.08,0.0,0.0
118.7208981513977,-0.08,0.0,0.0
118.73853182792664,-0.08,0.0,0.0
118.75227046012878,-0.08,0.0,0.0
118.7673237323761,-0.08,0.0,0.0
118.78179597854614,-0.08,0.0,0.0
118.79730486869812,-0.08,0.0,0.0
118.81241941452026,-0.08,0.0,0.0
118.8300359249115,-0.08,0.0,0.0
118.84652161598206,-0.08,0.0,0.0
118.86024355888367,-0.08,0.0,0.0
118.87612557411194,-0.08,0.0,0.0
118.90003776550293,-0.08,0.0,20.0
118.91350817680359,-0.08,-0.11,20.0
118.92977666854858,-0.08,-0.12,20.0
118.94437170028687,-0.08,-0.02,20.0
118.96127963066101,-0.08,-0.02,20.0
118.9791350364685,-0.08,-0.02,20.0
118.99566459655762,-0.08,-0.02,20.0
119.02078676223755,-0.08,0.02,0.0
119.03509640693665,-0.08,0.1,0.0
119.05186533927917,-0.08,0.0,0.0
119.06771302223206,-0.08,0.0,0.0
119.08305501937866,-0.08,0.0,0.0
119.09730982780457,-0.08,0.0,0.0
119.11179733276367,-0.08,0.0,0.0
119.12803840637207,-0.08,0.0,0.0
119.14141321182251,-0.08,0.0,0.0
119.1553726196289,-0.08,0.0,0.0
119.16995882987976,-0.08,0.0,0.0
119.18376183509827,-0.08,0.0,0.0
119.19791102409363,-0.08,0.0,0.0
119.21135902404785,-0.08,0.0,0.0
119.22518348693848,-0.08,0.0,0.0
119.23902487754822,-0.08,0.0,0.0
119.2528429031372,-0.08,0.0,0.0
119.26664543151855,-0.08,0.0,0.0
119.283273935318,-0.08,0.0,0.0
119.29916596412659,-0.08,0.0,0.0
119.31372952461243,-0.08,0.0,0.0
119.32816481590271,-0.08,0.0,0.0
119.3455924987793,-0.08,0.0,0.0
119.35956454277039,-0.08,0.0,0.0
119.37559151649475,-0.08,0.0,0.0
119.38956451416016,-0.08,0.0,0.0
119.40286707878113,-0.08,0.0,0.0
119.41693449020386,-0.08,0.0,0.0
119.43084263801575,-0.08,0.0,0.0
119.44509434700012,-0.08,0.0,0.0
119.45944476127625,-0.08,0.0,0.0
119.47275590896606,-0.08,0.0,0.0
119.48641014099121,-0.08,0.0,0.0
119.50201988220215,-0.08,0.0,0.0
119.51716017723083,-0.08,0.0,0.0
119.53165650367737,-0.08,0.0,0.0
119.54590582847595,-0.08,0.0,0.0
119.56004548072815,-0.08,0.0,0.0
119.57390356063843,-0.08,0.0,0.0
119.58811902999878,-0.08,0.0,0.0
119.6154854297638,-0.08,0.0,20.0
119.63391137123108,-0.08,-0.09,20.0
119.64885067939758,-0.09,-0.1,20.0
119.66558170318604,-0.09,-0.06,20.0
119.68106770515442,-0.09,-0.02,20.0
119.694979429245,-0.09,-0.04,20.0
119.71950721740723,-0.09,0.01,0.0
119.73764157295227,-0.09,0.07,0.0
119.75314521789551,-0.09,0.0,0.0
119.76739621162415,-0.09,0.0,0.0
119.78076553344727,-0.09,0.0,0.0
119.7948100566864,-0.09,0.0,0.0
119.81339859962463,-0.09,0.0,0.0
119.8299195766449,-0.09,0.0,0.0
119.84374856948853,-0.09,0.0,0.0
119.85785722732544,-0.09,0.0,0.0
119.87505435943604,-0.09,0.0,0.0
119.89001178741455,-0.09,0.0,0.0
119.90519261360168,-0.09,0.0,0.0
119.91891312599182,-0.09,0.0,0.0
119.93326711654663,-0.09,0.0,0.0
119.94720959663391,-0.09,0.0,0.0
119.96079969406128,-0.09,0.0,0.0
119.97449064254761,-0.09,0.0,0.0
119.98897075653076,-0.09,0.0,0.0
120.00263166427612,-0.09,0.0,0.0
120.01654982566833,-0.09,0.0,0.0
120.03526592254639,-0.09,0.0,0.0
120.05076670646667,-0.09,0.0,0.0
120.0704493522644,-0.09,0.0,0.0
120.08547306060791,-0.09,0.0,0.0
120.10099005699158,-0.09,0.0,0.0
120.11568212509155,-0.09,0.0,0.0
120.13092088699341,-0.09,0.0,0.0
120.14667987823486,-0.09,0.0,0.0
120.1611328125,-0.09,0.0,0.0
120.18622756004333,-0.09,0.0,20.0
120.20324420928955,-0.09,-0.12,20.0
120.2190294265747,-0.09,-0.14,20.0
120.2349488735199,-0.09,-0.14,20.0
120.25138401985168,-0.1,-0.25,20.0
120.26497077941895,-0.11,-0.59,20.0
120.28990173339844,-0.14,-1.39,0.0
120.30642008781433,-0.16,-1.34,0.0
120.324045419693,-0.18,-0.99,0.0
120.33976602554321,-0.2,-1.09,0.0
120.35504961013794,-0.22,-1.22,0.0
120.36851143836975,-0.23,-0.67,0.0
120.3832004070282,-0.23,0.02,0.0
120.39903807640076,-0.22,0.16,0.0
120.41275835037231,-0.22,0.06,0.0
120.42654991149902,-0.22,0.0,0.0
120.44014430046082,-0.22,0.0,0.0
120.45335102081299,-0.22,0.0,0.0
120.46675705909729,-0.22,0.0,0.0
120.48037362098694,-0.22,0.0,0.0
120.49345970153809,-0.22,0.0,0.0
120.5068507194519,-0.22,0.0,0.0
120.52048420906067,-0.22,0.0,0.0
120.53480958938599,-0.22,0.0,0.0
120.54794526100159,-0.22,0.0,0.0
120.5617470741272,-0.22,0.0,0.0
120.57474946975708,-0.22,0.0,0.0
120.58724904060364,-0.22,0.0,0.0
120.60022068023682,-0.22,0.0,0.0
120.61344838142395,-0.22,0.0,0.0
120.62705516815186,-0.22,0.0,0.0
120.64034581184387,-0.22,0.0,0.0
120.6536295413971,-0.22,0.0,0.0
120.66795778274536,-0.22,0.0,0.0
120.68101572990417,-0.22,0.0,0.0
120.69453883171082,-0.22,0.0,0.0
120.71060538291931,-0.22,0.0,0.0
120.72438454627991,-0.22,0.0,0.0
120.74073457717896,-0.22,0.0,0.0
120.7545735836029,-0.22,0.0,0.0
120.76937770843506,-0.22,0.0,0.0
120.78422164916992,-0.22,0.0,0.0
120.79805254936218,-0.22,0.0,0.0
120.81145668029785,-0.22,0.0,0.0
120.826730966568,-0.22,0.0,0.0
120.84028339385986,-0.22,0.0,0.0
120.85343670845032,-0.22,0.0,0.0
120.8685348033905,-0.22,0.0,0.0
120.88351702690125,-0.22,0.0,0.0
120.89781880378723,-0.22,0.0,0.0
120.911696434021,-0.22,0.0,0.0
120.92538189888,-0.22,0.0,0.0
120.9394633769989,-0.22,0.0,0.0
120.95285630226135,-0.22,0.0,0.0
120.97059154510498,-0.22,0.0,0.0
120.98445272445679,-0.22,0.0,0.0
120.99795484542847,-0.22,0.0,0.0
121.01122641563416,-0.22,0.0,0.0
121.02454471588135,-0.22,0.0,0.0
121.03770542144775,-0.22,0.0,0.0
121.05090928077698,-0.22,0.0,0.0
121.06491827964783,-0.22,0.0,0.0
121.07896041870117,-0.22,0.0,0.0
121.09296584129333,-0.22,0.0,0.0
121.10670065879822,-0.22,0.0,0.0
121.12044095993042,-0.22,0.0,0.0
121.13442850112915,-0.22,0.0,0.0
121.14879846572876,-0.22,0.0,0.0
121.16294312477112,-0.22,0.0,0.0
121.17807412147522,-0.22,0.0,0.0
121.19170951843262,-0.22,0.0,0.0
121.20562195777893,-0.22,0.0,0.0
121.22041535377502,-0.22,0.0,0.0
121.23527932167053,-0.22,0.0,0.0
121.25166702270508,-0.22,0.0,0.0
121.26547932624817,-0.22,0.0,0.0
121.27993822097778,-0.22,0.0,0.0
121.2937240600586,-0.22,0.0,0.0
121.3078031539917,-0.22,0.0,0.0
121.32141613960266,-0.22,0.0,0.0
121.33539080619812,-0.22,0.0,0.0
121.34869503974915,-0.22,0.0,0.0
121.36543226242065,-0.22,0.0,0.0
121.3792474269867,-0.22,0.0,0.0
121.39343070983887,-0.22,0.0,0.0
121.40764594078064,-0.22,0.0,0.0
121.42194724082947,-0.22,0.0,0.0
121.43776941299438,-0.22,0.0,0.0
121.45198345184326,-0.22,0.0,0.0
121.46744537353516,-0.22,0.0,0.0
121.48158240318298,-0.22,0.0,0.0
121.49568772315979,-0.22,0.0,0.0
121.50952625274658,-0.22,0.0,0.0
121.52334952354431,-0.22,0.0,0.0
121.5375382900238,-0.22,0.0,0.0
121.55108904838562,-0.22,0.0,0.0
121.56457877159119,-0.22,0.0,0.0
121.57820725440979,-0.22,0.0,0.0
121.59192037582397,-0.22,0.0,0.0
121.60549116134644,-0.22,0.0,0.0
121.61933708190918,-0.22,0.0,0.0
121.63293623924255,-0.22,0.0,0.0
121.64652562141418,-0.22,0.0,0.0
121.66103148460388,-0.22,0.0,0.0
121.67531514167786,-0.22,0.0,0.0
121.68889856338501,-0.22,0.0,0.0
121.70247721672058,-0.22,0.0,0.0
121.71599674224854,-0.22,0.0,0.0
121.72988390922546,-0.22,0.0,0.0
121.74471616744995,-0.22,0.0,0.0
121.75875329971313,-0.22,0.0,0.0
121.77215528488159,-0.22,0.0,0.0
121.78620386123657,-0.22,0.0,0.0
121.80055785179138,-0.22,0.0,0.0
121.81358885765076,-0.22,0.0,0.0
121.82814884185791,-0.22,0.0,0.0
121.84151887893677,-0.22,0.0,0.0
121.85451745986938,-0.22,0.0,0.0
121.86764001846313,-0.22,0.0,0.0
121.88390636444092,-0.22,0.0,0.0
121.89793157577515,-0.22,0.0,0.0
121.91054582595825,-0.22,0.0,0.0
121.92846584320068,-0.22,0.0,0.0
121.94345831871033,-0.22,0.0,0.0
121.959543466568,-0.22,0.0,0.0
121.97438335418701,-0.22,0.0,0.0
121.99211835861206,-0.22,0.0,0.0
122.01119828224182,-0.22,0.0,0.0
122.03082203865051,-0.22,0.0,0.0
122.05345344543457,-0.22,0.0,0.0
122.06842803955078,-0.22,0.0,0.0
122.0881872177124,-0.22,0.0,0.0
122.10469317436218,-0.22,0.0,0.0
122.12302660942078,-0.22,0.0,0.0
122.14135098457336,-0.22,0.0,0.0
122.15954661369324,-0.22,0.0,0.0
122.18048548698425,-0.22,0.0,0.0
122.2005226612091,-0.22,0.0,0.0
122.22367930412292,-0.22,0.0,0.0
122.23902606964111,-0.22,0.0,0.0
122.25894522666931,-0.22,0.0,0.0
122.27509069442749,-0.22,0.0,0.0
122.28882169723511,-0.22,0.0,0.0
122.30172801017761,-0.22,0.0,0.0
122.31495714187622,-0.22,0.0,0.0
122.3284764289856,-0.22,0.0,0.0
122.34189343452454,-0.22,0.0,0.0
122.35607409477234,-0.22,0.0,0.0
122.36969685554504,-0.22,0.0,0.0
122.38347578048706,-0.22,0.0,0.0
122.39760899543762,-0.22,0.0,0.0
122.41204142570496,-0.22,0.0,0.0
122.426589012146,-0.22,0.0,0.0
122.44043970108032,-0.22,0.0,0.0
122.45611763000488,-0.22,0.0,0.0
122.47101640701294,-0.22,0.0,0.0
122.48613405227661,-0.22,0.0,0.0
122.50018811225891,-0.22,0.0,0.0
122.51448941230774,-0.22,0.0,0.0
122.52817583084106,-0.22,0.0,0.0
122.54106044769287,-0.22,0.0,0.0
122.55559039115906,-0.22,0.0,0.0
122.57055234909058,-0.22,0.0,0.0
122.58610367774963,-0.22,0.0,0.0
122.59962129592896,-0.22,0.0,0.0
122.61352372169495,-0.22,0.0,0.0
122.62736988067627,-0.22,0.0,0.0
122.64062786102295,-0.22,0.0,0.0
122.65622019767761,-0.22,0.0,0.0
122.67050337791443,-0.22,0.0,0.0
122.68525958061218,-0.22,0.0,0.0
122.70007514953613,-0.22,0.0,0.0
122.71478796005249,-0.22,0.0,0.0
122.72911334037781,-0.22,0.0,0.0
122.7437071800232,-0.22,0.0,0.0
122.7570288181305,-0.22,0.0,0.0
122.77230548858643,-0.22,0.0,0.0
122.78813695907593,-0.22,0.0,0.0
122.80221939086914,-0.22,0.0,0.0
122.81606936454773,-0.22,0.0,0.0
122.83004665374756,-0.22,0.0,0.0
122.84338688850403,-0.22,0.0,0.0
122.8564670085907,-0.22,0.0,0.0
122.86996102333069,-0.22,0.0,0.0
122.88335633277893,-0.22,0.0,0.0
122.89671277999878,-0.22,0.0,0.0
122.91020321846008,-0.22,0.0,0.0
122.9240415096283,-0.22,0.0,0.0
122.93791055679321,-0.22,0.0,0.0
122.95123672485352,-0.22,0.0,0.0
122.96556782722473,-0.22,0.0,0.0
122.97922015190125,-0.22,0.0,0.0
122.99389314651489,-0.22,0.0,0.0
123.00769090652466,-0.22,0.0,0.0
123.02387380599976,-0.22,0.0,0.0
123.04103350639343,-0.22,0.0,0.0
123.05619668960571,-0.22,0.0,0.0
123.06943154335022,-0.22,0.0,0.0
123.08268189430237,-0.22,0.0,0.0
123.09648609161377,-0.22,0.0,0.0
123.11055517196655,-0.22,0.0,0.0
123.1246612071991,-0.22,0.0,0.0
123.1387369632721,-0.22,0.0,0.0
123.15271425247192,-0.22,0.0,0.0
123.16668200492859,-0.22,0.0,0.0
123.1832845211029,-0.22,0.0,0.0
123.20061492919922,-0.22,0.0,0.0
123.21489310264587,-0.22,0.0,0.0
123.22946977615356,-0.22,0.0,0.0
123.24363923072815,-0.22,0.0,0.0
123.25743460655212,-0.22,0.0,0.0
123.27121615409851,-0.22,0.0,0.0
123.28473687171936,-0.22,0.0,0.0
123.29824948310852,-0.22,0.0,0.0
123.31278729438782,-0.22,0.0,0.0
123.32692503929138,-0.22,0.0,0.0
123.34071183204651,-0.22,0.0,0.0
123.35551977157593,-0.22,0.0,0.0
123.36923909187317,-0.22,0.0,0.0
123.38239789009094,-0.22,0.0,0.0
123.39598774909973,-0.22,0.0,0.0
123.40911388397217,-0.22,0.0,0.0
123.42298603057861,-0.22,0.0,0.0
123.43651413917542,-0.22,0.0,0.0
123.45110201835632,-0.22,0.0,0.0
123.46599006652832,-0.22,0.0,0.0
123.47944283485413,-0.22,0.0,0.0
123.49288582801819,-0.22,0.0,0.0
123.50744390487671,-0.22,0.0,0.0
123.52234721183777,-0.22,0.0,0.0
123.53723692893982,-0.22,0.0,0.0
123.55172991752625,-0.22,0.0,0.0
123.56564402580261,-0.22,0.0,0.0
123.58470106124878,-0.22,0.0,0.0
123.59841632843018,-0.22,0.0,0.0
123.61278247833252,-0.22,0.0,0.0
123.62642002105713,-0.22,0.0,0.0
123.64099168777466,-0.22,0.0,0.0
123.65471339225769,-0.22,0.0,0.0
123.66833662986755,-0.22,0.0,0.0
123.6827962398529,-0.22,0.0,0.0
123.69691348075867,-0.22,0.0,0.0
123.7106864452362,-0.22,0.0,0.0
123.72449946403503,-0.22,0.0,0.0
123.73829126358032,-0.22,0.0,0.0
123.75217151641846,-0.22,0.0,0.0
123.76711249351501,-0.22,0.0,0.0
123.7813777923584,-0.22,0.0,0.0
123.79525089263916,-0.22,0.0,0.0
123.80999732017517,-0.22,0.0,0.0
123.82414197921753,-0.22,0.0,0.0
123.83998370170593,-0.22,0.0,0.0
123.85425353050232,-0.22,0.0,0.0
123.86956262588501,-0.22,0.0,0.0
123.88324689865112,-0.22,0.0,0.0
123.89665579795837,-0.22,0.0,0.0
123.91051244735718,-0.22,0.0,0.0
123.92403078079224,-0.22,0.0,0.0
123.94143223762512,-0.22,0.0,0.0
123.9573872089386,-0.22,0.0,0.0
123.97477984428406,-0.22,0.0,0.0
123.99122595787048,-0.22,0.0,0.0
124.0062313079834,-0.22,0.0,0.0
124.02058529853821,-0.22,0.0,0.0
124.0347626209259,-0.22,0.0,0.0
124.05270600318909,-0.22,0.0,0.0
124.06800866127014,-0.22,0.0,0.0
124.08555364608765,-0.22,0.0,0.0
124.10120892524719,-0.22,0.0,0.0
124.11541414260864,-0.22,0.0,0.0
124.12866806983948,-0.22,0.0,0.0
124.14546990394592,-0.22,0.0,0.0
124.16215682029724,-0.22,0.0,0.0
124.17450451850891,-0.22,0.0,0.0
124.18892812728882,-0.22,0.0,0.0
124.20275545120239,-0.22,0.0,0.0
124.21644186973572,-0.22,0.0,0.0
124.2298092842102,-0.22,0.0,0.0
124.2429780960083,-0.22,0.0,0.0
124.256582736969,-0.22,0.0,0.0
124.27036190032959,-0.22,0.0,0.0
124.28287529945374,-0.22,0.0,0.0
124.29598426818848,-0.22,0.0,0.0
124.30966854095459,-0.22,0.0,0.0
124.32333445549011,-0.22,0.0,0.0
124.3399224281311,-0.22,0.0,0.0
124.35517501831055,-0.22,0.0,0.0
124.37013173103333,-0.22,0.0,0.0
124.38355326652527,-0.22,0.0,0.0
124.39702081680298,-0.22,0.0,0.0
124.41770696640015,-0.22,0.0,0.0
124.4351704120636,-0.22,-0.02,0.0
124.45014190673828,-0.22,0.0,0.0
124.46706628799438,-0.22,0.0,0.0
124.48235559463501,-0.22,0.0,0.0
124.4979305267334,-0.22,0.0,0.0
124.51205945014954,-0.22,0.0,0.0
124.52902173995972,-0.22,0.0,0.0
124.5438323020935,-0.22,0.0,0.0
124.55780339241028,-0.22,0.0,0.0
124.57174491882324,-0.22,0.0,0.0
124.5853624343872,-0.22,0.0,0.0
124.60781240463257,-0.22,0.0,0.0
124.62156748771667,-0.22,0.0,0.0
124.63474202156067,-0.22,0.0,0.0
124.64871096611023,-0.22,0.0,0.0
124.66499638557434,-0.22,0.0,0.0
124.67895364761353,-0.22,0.0,0.0
124.69633293151855,-0.22,0.0,0.0
124.7102599143982,-0.22,0.0,0.0
124.72446417808533,-0.22,0.0,0.0
124.73845171928406,-0.22,0.0,0.0
124.7520043849945,-0.22,0.0,0.0
124.76553320884705,-0.22,0.0,0.0
124.77924489974976,-0.22,0.0,0.0
124.79370069503784,-0.22,0.0,0.0
124.80869555473328,-0.22,0.0,0.0
124.82247400283813,-0.22,0.0,0.0
124.83700752258301,-0.22,0.0,0.0
124.85459637641907,-0.22,0.0,0.0
124.870765209198,-0.22,0.0,0.0
124.88438963890076,-0.22,0.0,0.0
124.89841818809509,-0.22,0.0,0.0
124.91234517097473,-0.22,0.0,0.0
124.92607116699219,-0.22,0.0,0.0
124.93966031074524,-0.21,1.04,0.0
124.95393776893616,-0.16,3.74,0.0
124.9674801826477,-0.09,4.06,0.0
124.98283433914185,-0.03,4.24,0.0
124.99899625778198,0.02,3.42,0.0
125.01231288909912,0.04,1.76,0.0
125.02616620063782,0.04,-0.05,0.0
125.0396888256073,0.04,0.0,0.0
125.05285906791687,0.04,0.0,0.0
125.06778049468994,0.04,0.0,0.0
125.08120656013489,0.04,-0.12,0.0
125.09459781646729,0.03,-0.28,0.0
125.1086540222168,0.03,-0.47,0.0
125.12177300453186,0.02,-0.61,0.0
125.1350634098053,0.01,-0.71,0.0
125.14835739135742,-0.0,-0.74,0.0
125.16188454627991,-0.01,-0.22,0.0
125.17543125152588,-0.01,0.0,0.0
125.18878602981567,-0.01,0.0,0.0
125.20326042175293,-0.01,0.0,0.0
125.21829652786255,-0.01,0.0,0.0
125.23296236991882,-0.01,0.0,0.0
125.24752235412598,-0.01,0.0,0.0
125.26251173019409,-0.01,0.0,0.0
125.27760481834412,-0.01,0.0,0.0
125.29206681251526,-0.01,0.0,0.0
125.30645990371704,-0.01,0.0,0.0
125.32079553604126,-0.01,0.0,0.0
125.33449387550354,-0.01,0.0,0.0
125.3479688167572,-0.01,0.0,0.0
125.36163091659546,-0.01,0.0,0.0
125.37594819068909,-0.01,0.0,0.0
125.3896234035492,-0.01,0.0,0.0
125.40399694442749,-0.01,0.0,0.0
125.41894149780273,-0.01,0.0,0.0
125.43296957015991,-0.01,0.0,0.0
125.446857213974,-0.01,0.0,0.0
125.46107935905457,-0.01,0.0,0.0
125.474862575531,-0.01,0.0,0.0
125.4883804321289,-0.01,0.0,0.0
125.50224328041077,-0.01,0.0,0.0
125.51578831672668,-0.01,0.0,0.0
125.52948999404907,-0.01,0.0,0.0
125.54411268234253,-0.01,0.0,0.0
125.55798983573914,-0.01,0.0,0.0
125.57201838493347,-0.01,0.0,0.0
125.58781123161316,-0.01,0.0,0.0
125.60313558578491,-0.01,0.0,0.0
125.61685681343079,-0.01,0.0,0.0
125.63199257850647,-0.01,0.0,0.0
125.64734244346619,-0.01,0.0,0.0
125.65984439849854,-0.01,0.0,0.0
125.67370438575745,-0.01,0.0,0.0
125.68725109100342,-0.01,0.0,0.0
125.70134162902832,-0.01,0.0,0.0
125.71559619903564,-0.01,0.0,0.0
125.73166847229004,-0.01,0.0,0.0
125.74537205696106,-0.01,0.0,0.0
125.75924491882324,-0.01,0.0,0.0
125.77341675758362,-0.01,0.0,0.0
125.78829956054688,-0.01,0.0,0.0
125.80358052253723,-0.01,0.0,0.0
125.81838345527649,-0.01,0.0,0.0
125.83297991752625,-0.01,0.0,0.0
125.84643793106079,-0.01,0.0,0.0
125.85932803153992,-0.01,0.0,0.0
125.87310528755188,-0.01,0.0,0.0
125.88716673851013,-0.01,0.0,0.0
125.90236735343933,-0.01,0.0,0.0
125.91730093955994,-0.01,0.0,0.0
125.93093776702881,-0.01,0.0,0.0
125.94461393356323,-0.01,0.0,0.0
125.95839667320251,-0.01,0.0,0.0
125.97140121459961,-0.01,0.0,0.0
125.98519968986511,-0.01,0.0,0.0
125.99930930137634,-0.01,0.0,0.0
126.0136387348175,-0.01,0.0,0.0
126.02961206436157,-0.01,0.0,0.0
126.04467463493347,-0.01,0.0,0.0
126.05863833427429,-0.01,0.0,0.0
126.07157397270203,-0.01,0.0,0.0
126.08469796180725,-0.01,0.0,0.0
126.0983715057373,-0.01,0.0,0.0
126.11125659942627,-0.01,0.0,0.0
126.12457132339478,-0.01,0.0,0.0
126.13815236091614,-0.01,0.0,0.0
126.15232849121094,-0.01,0.0,0.0
126.16815614700317,-0.01,0.0,0.0
126.18240761756897,-0.01,0.0,0.0
126.19619369506836,-0.01,0.0,0.0
126.21008372306824,-0.01,0.0,0.0
126.22363495826721,-0.01,0.0,0.0
126.2368860244751,-0.01,0.0,0.0
126.2518081665039,-0.01,0.0,0.0
126.2655189037323,-0.01,0.0,0.0
126.27971625328064,-0.01,0.0,0.0
126.29442262649536,-0.01,0.0,0.0
126.30836057662964,-0.01,0.0,0.0
126.32289934158325,-0.01,0.0,0.0
126.33650135993958,-0.01,0.0,0.0
126.35033631324768,-0.01,0.0,0.0
126.36398220062256,-0.01,0.0,0.0
126.37760066986084,-0.01,0.0,0.0
126.39038729667664,-0.01,0.0,0.0
126.4032461643219,-0.01,0.0,0.0
126.41686224937439,-0.01,0.0,0.0
126.43023252487183,-0.01,0.0,0.0
126.44576597213745,-0.01,0.0,0.0
126.46066474914551,-0.01,0.0,0.0
126.47459268569946,-0.01,0.0,0.0
126.48879218101501,-0.01,0.0,0.0
126.50275444984436,-0.01,0.0,0.0
126.51691913604736,-0.01,0.0,0.0
126.53055739402771,-0.01,0.0,0.0
126.54395580291748,-0.01,0.0,0.0
126.55707263946533,-0.01,0.0,0.0
126.5704824924469,-0.01,0.0,0.0
126.58466482162476,-0.01,0.0,0.0
126.59796023368835,-0.01,0.0,0.0
126.6112847328186,-0.01,0.0,0.0
126.62780809402466,-0.01,0.0,0.0
126.64120864868164,-0.01,0.0,0.0
126.65485501289368,-0.01,0.0,0.0
126.66869187355042,-0.01,0.0,0.0
126.68260049819946,-0.01,0.0,0.0
126.70698761940002,-0.01,0.0,20.0
126.72120118141174,-0.01,-0.08,20.0
126.73540806770325,-0.01,-0.22,20.0
126.75021171569824,-0.02,-0.28,20.0
126.76435256004333,-0.02,-0.41,20.0
126.77846717834473,-0.03,-0.58,20.0
126.79275226593018,-0.05,-0.93,20.0
126.80658626556396,-0.07,-1.7,20.0
126.82359957695007,-0.1,-1.59,20.0
126.83966708183289,-0.14,-2.11,20.0
126.85463380813599,-0.18,-2.39,20.0
126.87320685386658,-0.22,-2.84,20.0
126.88792610168457,-0.27,-2.82,20.0
126.90642380714417,-0.32,-3.06,20.0
126.92236280441284,-0.38,-3.29,20.0
126.93981862068176,-0.43,-3.23,20.0
126.95627522468567,-0.48,-2.75,20.0
126.97071051597595,-0.52,-2.9,20.0
126.98723721504211,-0.57,-2.58,20.0
127.00795125961304,-0.61,-2.72,20.0
127.02441835403442,-0.65,-2.6,20.0
127.041175365448,-0.7,-2.49,20.0
127.05681562423706,-0.74,-2.66,20.0
127.07173109054565,-0.78,-2.36,20.0
127.08919262886047,-0.81,-2.02,20.0
127.10527396202087,-0.85,-2.07,20.0
127.12259435653687,-0.87,-1.63,20.0
127.13833618164062,-0.89,-1.26,20.0
127.15476107597351,-0.92,-1.19,20.0
127.17304968833923,-0.93,-0.89,20.0
127.18829298019409,-0.93,-0.2,20.0
127.20349407196045,-0.93,0.0,20.0
127.21974277496338,-0.93,0.0,20.0
127.23732876777649,-0.93,0.0,20.0
127.25300002098083,-0.93,0.0,20.0
127.26841282844543,-0.93,0.0,20.0
127.28186750411987,-0.93,0.0,20.0
127.29778122901917,-0.93,0.0,20.0
127.31387376785278,-0.93,0.0,20.0
127.3337185382843,-0.93,0.0,20.0
127.3500165939331,-0.93,0.0,20.0
127.36587119102478,-0.93,0.0,20.0
127.38176536560059,-0.93,0.0,20.0
127.39527916908264,-0.93,0.0,20.0
127.41074657440186,-0.93,0.0,20.0
127.42533421516418,-0.93,0.0,20.0
127.43923425674438,-0.93,0.0,20.0
127.45313501358032,-0.93,0.0,20.0
127.47147178649902,-0.93,0.0,20.0
127.48659062385559,-0.93,0.0,20.0
127.50485420227051,-0.93,0.0,20.0
127.52021169662476,-0.93,0.0,20.0
127.53388833999634,-0.93,0.0,20.0
127.54996728897095,-0.93,0.0,20.0
127.56364583969116,-0.93,0.0,20.0
127.58069324493408,-0.93,0.0,20.0
127.59382772445679,-0.93,0.0,20.0
127.61076998710632,-0.93,0.0,20.0
127.62559366226196,-0.93,0.0,20.0
127.64434933662415,-0.93,0.0,20.0
127.65987586975098,-0.93,0.0,20.0
127.67462801933289,-0.93,0.0,20.0
127.68847346305847,-0.93,0.0,20.0
127.71524953842163,-0.93,0.05,0.0
127.73122215270996,-0.93,0.23,0.0
127.74590420722961,-0.92,0.41,0.0
127.75974464416504,-0.92,0.49,0.0
127.7734797000885,-0.91,0.36,0.0
127.78780364990234,-0.91,0.02,0.0
127.80161786079407,-0.91,0.0,0.0
127.81882619857788,-0.91,0.0,0.0
127.83511066436768,-0.91,0.0,0.0
127.84974122047424,-0.91,0.0,0.0
127.86369895935059,-0.91,0.0,0.0
127.87777972221375,-0.91,0.0,0.0
127.89149355888367,-0.91,0.0,0.0
127.90677070617676,-0.91,0.0,0.0
127.92072582244873,-0.91,0.0,0.0
127.93676543235779,-0.91,0.0,0.0
127.95335483551025,-0.91,0.0,0.0
127.96707725524902,-0.91,0.0,0.0
127.9809684753418,-0.91,0.0,0.0
127.99523830413818,-0.91,0.0,0.0
128.00892901420593,-0.91,0.0,0.0
128.02271008491516,-0.91,0.0,0.0
128.03854060173035,-0.91,0.0,0.0
128.0521218776703,-0.91,0.0,0.0
128.06612277030945,-0.91,0.0,0.0
128.0793354511261,-0.91,0.0,0.0
128.09222984313965,-0.91,0.0,0.0
128.10822224617004,-0.91,0.0,0.0
128.1217589378357,-0.91,0.0,0.0
128.1378035545349,-0.91,0.0,0.0
128.156733751297,-0.91,0.0,0.0
128.17080950737,-0.91,0.0,0.0
128.1838481426239,-0.91,0.0,0.0
128.19740653038025,-0.91,0.0,0.0
128.21061754226685,-0.91,0.0,0.0
128.22425246238708,-0.91,0.0,0.0
128.2397336959839,-0.91,0.0,0.0
128.2561972141266,-0.91,0.0,0.0
128.2704517841339,-0.91,0.0,0.0
128.28449392318726,-0.91,0.0,0.0
128.29890537261963,-0.91,0.0,0.0
128.31358098983765,-0.91,0.0,0.0
128.32781839370728,-0.91,0.0,0.0
128.34124660491943,-0.91,0.0,0.0
128.35652136802673,-0.91,0.0,0.0
128.37122750282288,-0.91,0.0,0.0
128.38497138023376,-0.91,0.0,0.0
128.39886045455933,-0.91,0.0,0.0
128.4125154018402,-0.91,0.0,0.0
128.42970418930054,-0.91,0.0,0.0
128.4450342655182,-0.91,0.0,0.0
128.46134734153748,-0.91,0.0,0.0
128.47676062583923,-0.91,0.0,0.0
128.49338912963867,-0.91,0.0,0.0
128.50990676879883,-0.91,0.0,0.0
128.52525544166565,-0.91,0.0,0.0
128.53922963142395,-0.91,0.0,0.0
128.55606293678284,-0.91,0.0,0.0
128.5695559978485,-0.91,0.0,0.0
128.58379077911377,-0.91,0.0,0.0
128.59762048721313,-0.91,0.0,0.0
128.61092901229858,-0.91,0.0,0.0
128.6255316734314,-0.91,0.0,0.0
128.63927841186523,-0.91,0.0,0.0
128.6534686088562,-0.91,0.0,0.0
128.66880631446838,-0.91,0.0,0.0
128.68352246284485,-0.91,0.0,0.0
128.696950674057,-0.91,0.0,0.0
128.71044850349426,-0.91,0.0,0.0
128.72405314445496,-0.91,0.0,0.0
128.73752903938293,-0.91,0.0,0.0
128.75066471099854,-0.91,0.0,0.0
128.76338410377502,-0.91,0.0,0.0
128.7779998779297,-0.91,0.0,0.0
128.79366278648376,-0.91,0.0,0.0
128.80701756477356,-0.91,0.0,0.0
128.82398986816406,-0.91,0.0,0.0
128.8376226425171,-0.91,0.0,0.0
128.85142946243286,-0.91,0.0,0.0
128.86671566963196,-0.91,0.0,0.0
128.88008451461792,-0.91,0.0,0.0
128.8951756954193,-0.91,0.0,0.0
128.90889859199524,-0.91,0.0,0.0
128.92365288734436,-0.91,0.0,0.0
128.93922233581543,-0.91,0.0,0.0
128.95328497886658,-0.91,0.0,0.0
128.96889686584473,-0.91,0.0,0.0
128.9822657108307,-0.91,0.0,0.0
128.99758315086365,-0.91,0.0,0.0
129.01246404647827,-0.91,0.0,0.0
129.0279405117035,-0.91,0.0,0.0
129.04151153564453,-0.91,0.0,0.0
129.05398964881897,-0.91,0.0,0.0
129.0673680305481,-0.91,0.0,0.0
129.08604311943054,-0.91,0.0,0.0
129.10012245178223,-0.91,0.0,0.0
129.1145944595337,-0.91,0.0,0.0
129.12746620178223,-0.91,0.0,0.0
129.14013862609863,-0.91,0.0,0.0
129.15878915786743,-0.91,0.0,0.0
129.17235255241394,-0.91,0.0,0.0
129.18835711479187,-0.91,0.0,0.0
129.20168328285217,-0.91,0.0,0.0
129.2162606716156,-0.91,0.0,0.0
129.23077583312988,-0.91,0.0,0.0
129.24458003044128,-0.91,0.0,0.0
129.26472187042236,-0.91,0.0,0.0
129.28027176856995,-0.91,0.0,0.0
129.29360246658325,-0.91,0.0,0.0
129.30722498893738,-0.91,0.0,0.0
129.32066535949707,-0.91,0.0,0.0
129.33499693870544,-0.91,0.0,0.0
129.34917974472046,-0.91,0.0,0.0
129.36259698867798,-0.91,0.0,0.0
129.37672352790833,-0.91,0.0,0.0
129.39013195037842,-0.91,0.0,0.0
129.4079430103302,-0.91,0.0,0.0
129.4228801727295,-0.91,0.0,0.0
129.43937802314758,-0.91,0.0,0.0
129.45328903198242,-0.91,0.0,0.0
129.468603849411,-0.91,0.0,0.0
129.48200249671936,-0.91,0.0,0.0
129.49559569358826,-0.91,0.0,0.0
129.51006746292114,-0.91,0.0,0.0
129.5242931842804,-0.91,0.0,0.0
129.53860330581665,-0.91,0.0,0.0
129.5542595386505,-0.91,0.0,0.0
129.5714976787567,-0.91,0.0,0.0
129.58511018753052,-0.91,0.0,0.0
129.5990653038025,-0.91,0.0,0.0
129.61280059814453,-0.91,0.0,0.0
129.62636733055115,-0.91,0.0,0.0
129.63989806175232,-0.91,0.0,0.0
129.65349793434143,-0.91,0.0,0.0
129.667090177536,-0.91,0.0,0.0
129.683185338974,-0.91,0.0,0.0
129.69808316230774,-0.91,0.0,0.0
129.71287441253662,-0.91,0.0,0.0
129.72829055786133,-0.91,0.0,0.0
129.74300074577332,-0.91,0.0,0.0
129.7581169605255,-0.91,0.0,0.0
129.77185797691345,-0.91,0.0,0.0
129.78528833389282,-0.91,0.0,0.0
129.79947972297668,-0.91,0.0,0.0
129.81315875053406,-0.91,0.0,0.0
129.8268265724182,-0.91,0.0,0.0
129.841557264328,-0.91,0.0,0.0
129.8567612171173,-0.91,0.0,0.0
129.8711667060852,-0.91,0.0,0.0
129.88734483718872,-0.91,0.0,0.0
129.90244102478027,-0.91,0.0,0.0
129.91649842262268,-0.91,0.0,0.0
129.93026566505432,-0.91,0.0,0.0
129.9450330734253,-0.91,0.0,0.0
129.96154594421387,-0.91,0.0,0.0
129.97924900054932,-0.91,0.0,0.0
129.99292278289795,-0.91,0.0,0.0
130.00973296165466,-0.91,0.0,0.0
130.0268862247467,-0.91,0.0,0.0
130.04054713249207,-0.91,0.0,0.0
130.06083250045776,-0.91,0.0,0.0
130.07697176933289,-0.91,0.0,0.0
130.0915653705597,-0.91,0.0,0.0
130.1071264743805,-0.91,0.0,0.0
130.12330222129822,-0.91,0.0,0.0
130.1372046470642,-0.91,0.0,0.0
130.1516146659851,-0.91,0.0,0.0
130.16617894172668,-0.91,0.0,0.0
130.18403959274292,-0.91,0.0,0.0
130.1989929676056,-0.91,0.0,0.0
130.2149076461792,-0.91,0.0,0.0
130.2302007675171,-0.91,0.0,0.0
130.25232219696045,-0.91,0.0,0.0
130.26820540428162,-0.91,0.0,0.0
130.28280425071716,-0.91,0.0,0.0
130.29961323738098,-0.91,0.0,0.0
130.31351161003113,-0.91,0.0,0.0
130.32749390602112,-0.91,0.0,0.0
130.3410906791687,-0.91,0.0,0.0
130.35452103614807,-0.91,0.0,0.0
130.36852645874023,-0.91,0.0,0.0
130.38347935676575,-0.91,0.0,0.0
130.3965606689453,-0.91,0.0,0.0
130.41017985343933,-0.91,0.0,0.0
130.42435359954834,-0.91,0.0,0.0
130.43827152252197,-0.91,0.0,0.0
130.4563193321228,-0.91,0.0,0.0
130.4713454246521,-0.91,0.0,0.0
130.48636484146118,-0.91,0.0,0.0
130.501478433609,-0.91,0.0,0.0
130.51576495170593,-0.91,0.0,0.0
130.52947425842285,-0.91,0.0,0.0
130.5432779788971,-0.91,0.0,0.0
130.55658173561096,-0.91,0.0,0.0
130.56976747512817,-0.91,0.0,0.0
130.58384943008423,-0.91,0.0,0.0
130.5981879234314,-0.91,0.0,0.0
130.61286211013794,-0.91,0.0,0.0
130.62708401679993,-0.91,0.0,0.0
130.6414189338684,-0.91,0.0,0.0
130.65557098388672,-0.91,0.0,0.0
130.66965413093567,-0.91,0.0,0.0
130.68350672721863,-0.91,0.0,0.0
130.69717621803284,-0.91,0.0,0.0
130.7112512588501,-0.91,0.0,0.0
130.72443175315857,-0.91,0.0,0.0
130.73797082901,-0.91,0.0,0.0
130.75168085098267,-0.91,0.0,0.0
130.76741576194763,-0.91,0.0,0.0
130.78121256828308,-0.91,0.0,0.0
130.7951843738556,-0.91,0.0,0.0
130.80846238136292,-0.91,0.0,0.0
130.82263898849487,-0.91,0.0,0.0
130.8355553150177,-0.91,0.0,0.0
130.848619222641,-0.91,0.0,0.0
130.86217308044434,-0.91,0.0,0.0
130.87590861320496,-0.91,0.0,0.0
130.89012479782104,-0.91,0.0,0.0
130.9040687084198,-0.91,0.0,0.0
130.91766095161438,-0.91,0.0,0.0
130.93116092681885,-0.91,0.0,0.0
130.9454367160797,-0.91,0.0,0.0
130.9632956981659,-0.91,0.0,0.0
130.9786500930786,-0.91,0.0,0.0
130.99331259727478,-0.91,0.0,0.0
131.00769805908203,-0.91,0.0,0.0
131.024671792984,-0.91,0.21,0.0
131.03922128677368,-0.86,3.09,0.0
131.05434465408325,-0.79,5.02,0.0
131.06845617294312,-0.73,4.27,0.0
131.08343315124512,-0.67,3.85,0.0
131.09745454788208,-0.63,2.64,0.0
131.1116533279419,-0.6,2.41,0.0
131.1323549747467,-0.57,2.12,0.0
131.14641523361206,-0.53,2.14,0.0
131.15996956825256,-0.5,2.32,0.0
131.17353630065918,-0.47,2.38,0.0
131.18764734268188,-0.43,2.1,0.0
131.20163655281067,-0.4,2.3,0.0
131.21495151519775,-0.38,1.96,0.0
131.2282304763794,-0.34,1.89,0.0
131.24167275428772,-0.32,1.91,0.0
131.25557589530945,-0.29,1.71,0.0
131.27108430862427,-0.27,1.64,0.0
131.2852668762207,-0.25,1.33,0.0
131.2990016937256,-0.23,1.18,0.0
131.31296229362488,-0.21,1.49,0.0
131.3268575668335,-0.19,1.42,0.0
131.34027767181396,-0.18,0.92,0.0
131.35497164726257,-0.16,0.97,0.0
131.36845421791077,-0.15,1.11,0.0
131.38719201087952,-0.13,1.15,0.0
131.40231847763062,-0.12,0.76,0.0
131.41674876213074,-0.11,0.77,0.0
131.42990708351135,-0.1,0.8,0.0
131.44361662864685,-0.08,0.97,0.0
131.45807528495789,-0.06,1.22,0.0
131.4707543849945,-0.05,0.99,0.0
131.48519134521484,-0.04,0.95,0.0
131.49900436401367,-0.02,1.03,0.0
131.5125823020935,-0.01,1.13,0.0
131.52606391906738,0.01,0.88,0.0
131.53958177566528,0.02,0.68,0.0
131.552086353302,0.02,0.61,0.0
131.5657193660736,0.03,0.65,0.0
131.57943320274353,0.04,0.46,0.0
131.59291815757751,0.04,0.0,0.0
131.60631895065308,0.04,0.0,0.0
131.61900115013123,0.04,0.0,0.0
131.63308262825012,0.04,-0.05,0.0
131.64708256721497,0.04,-0.25,0.0
131.6640820503235,0.03,-0.43,0.0
131.67926049232483,0.02,-0.61,0.0
131.6969130039215,0.01,-0.65,0.0
131.71162104606628,-0.0,-0.83,0.0
131.72691702842712,-0.01,-0.42,0.0
131.74343013763428,-0.01,0.0,0.0
131.7571907043457,-0.01,0.0,0.0
131.77207803726196,-0.01,0.0,0.0
131.78627681732178,-0.01,0.0,0.0
131.80056858062744,-0.01,0.0,0.0
131.8146529197693,-0.01,0.0,0.0
131.82910633087158,-0.01,0.0,0.0
131.84288811683655,-0.01,0.0,0.0
131.85597133636475,-0.01,0.0,0.0
131.86968326568604,-0.01,0.0,0.0
131.88261103630066,-0.01,0.0,0.0
131.8969705104828,-0.01,0.0,0.0
131.91103076934814,-0.01,0.0,0.0
131.92527651786804,-0.01,0.0,0.0
131.9393196105957,-0.01,0.0,0.0
131.95346307754517,-0.01,0.0,0.0
131.96703696250916,-0.01,0.0,0.0
131.98098731040955,-0.01,0.0,0.0
131.99442958831787,-0.01,0.0,0.0
132.00857019424438,-0.01,0.0,0.0
132.02237606048584,-0.01,0.0,0.0
132.0378565788269,-0.01,0.0,0.0
132.05613255500793,-0.01,0.0,0.0
132.07409262657166,-0.01,0.0,0.0
132.09043550491333,-0.01,0.0,0.0
132.10543704032898,-0.01,0.0,0.0
132.1205711364746,-0.01,0.0,0.0
132.1336739063263,-0.01,0.0,0.0
132.1471712589264,-0.01,0.0,0.0
132.16022443771362,-0.01,0.0,0.0
132.1744785308838,-0.01,0.0,0.0
132.18788266181946,-0.01,0.0,0.0
132.20066595077515,-0.01,0.0,0.0
132.21578550338745,-0.01,0.0,0.0
132.2299370765686,-0.01,0.0,0.0
132.24549388885498,-0.01,0.0,0.0
132.25966835021973,-0.01,0.0,0.0
132.27479887008667,-0.01,0.0,0.0
132.2894937992096,-0.01,0.0,0.0
132.30360436439514,-0.01,0.0,0.0
132.3184678554535,-0.01,0.0,0.0
132.3331425189972,-0.01,0.0,0.0
132.34580183029175,-0.01,0.0,0.0
132.35904955863953,-0.01,0.0,0.0
132.3736801147461,-0.01,0.0,0.0
132.3897488117218,-0.01,0.0,0.0
132.4053144454956,-0.01,0.0,0.0
132.41932368278503,-0.01,0.0,0.0
132.43318891525269,-0.01,0.0,0.0
132.4459011554718,-0.01,0.0,0.0
132.45910954475403,-0.01,0.0,0.0
132.47248721122742,-0.01,0.0,0.0
132.48654627799988,-0.01,0.0,0.0
132.50225734710693,-0.01,0.0,0.0
132.51554918289185,-0.01,0.0,0.0
132.53189754486084,-0.01,0.0,0.0
132.54483699798584,-0.01,0.0,0.0
132.56076502799988,-0.01,0.0,0.0
132.57625651359558,-0.01,0.0,0.0
132.59108877182007,-0.01,0.0,0.0
132.6044681072235,-0.01,0.0,0.0
132.61808967590332,-0.01,0.0,0.0
132.63753175735474,-0.01,0.0,0.0
132.65079474449158,-0.01,0.0,0.0
132.66459250450134,-0.01,0.0,0.0
132.67989420890808,-0.01,0.0,0.0
132.69427847862244,-0.01,0.0,0.0
132.70900702476501,-0.01,0.0,0.0
132.72437977790833,-0.01,0.0,0.0
132.7388710975647,-0.01,0.0,0.0
132.75282835960388,-0.01,0.0,0.0
132.76595854759216,-0.01,0.0,0.0
132.7807686328888,-0.01,0.0,0.0
132.79357957839966,-0.01,0.0,0.0
132.80945992469788,-0.01,0.0,0.0
132.82349395751953,-0.01,0.0,0.0
132.8373372554779,-0.01,0.0,0.0
132.85357213020325,-0.01,0.0,0.0
132.86904120445251,-0.01,0.0,0.0
132.88494873046875,-0.01,0.0,0.0
132.9004509449005,-0.01,0.0,0.0
132.9176471233368,-0.01,0.0,0.0
132.93230891227722,-0.01,0.0,0.0
132.94943141937256,-0.01,0.0,0.0
132.96379685401917,-0.01,0.0,0.0
132.97859978675842,-0.01,0.0,0.0
132.99400663375854,-0.01,0.0,0.0
133.00906229019165,-0.01,0.0,0.0
133.02335691452026,-0.01,0.0,0.0
133.03756046295166,-0.01,0.0,0.0
133.05202841758728,-0.01,0.0,0.0
133.06551885604858,-0.01,0.0,0.0
133.07855653762817,-0.01,0.0,0.0
133.09167051315308,-0.01,0.0,0.0
133.10494923591614,-0.01,0.0,0.0
133.11830306053162,-0.01,0.0,0.0
133.13225841522217,-0.01,0.0,0.0
133.14551043510437,-0.01,0.0,0.0
133.15847301483154,-0.01,0.0,0.0
133.17200374603271,-0.01,0.0,0.0
133.1875560283661,-0.01,0.0,0.0
133.203186750412,-0.01,0.0,0.0
133.22855257987976,-0.01,0.0,30.0
133.24364805221558,-0.01,-0.15,30.0
133.25893926620483,-0.02,-0.37,30.0
133.2774510383606,-0.03,-0.58,30.0
133.29176330566406,-0.04,-0.93,30.0
133.30762720108032,-0.07,-1.54,30.0
133.3252396583557,-0.1,-2.03,30.0
133.34174466133118,-0.14,-2.17,30.0
133.3584442138672,-0.18,-2.6,30.0
133.3727204799652,-0.23,-3.17,30.0
133.3902895450592,-0.29,-3.21,30.0
133.40905928611755,-0.34,-3.47,30.0
133.42538905143738,-0.4,-3.73,30.0
133.44288849830627,-0.46,-3.47,30.0
133.46055603027344,-0.52,-3.53,30.0
133.47517466545105,-0.57,-2.98,30.0
133.49350261688232,-0.63,-3.31,30.0
133.50754165649414,-0.68,-3.35,30.0
133.5242133140564,-0.73,-3.19,30.0
133.54183554649353,-0.79,-3.1,30.0
133.557781457901,-0.83,-2.8,30.0
133.57339906692505,-0.88,-2.82,30.0
133.59142327308655,-0.92,-2.48,30.0
133.60809755325317,-0.95,-1.82,30.0
133.62196135520935,-0.98,-1.93,30.0
133.63889241218567,-1.01,-1.71,30.0
133.6580684185028,-1.03,-1.24,30.0
133.67212915420532,-1.06,-1.43,30.0
133.69390678405762,-1.08,-1.17,30.0
133.71089959144592,-1.09,-0.87,30.0
133.72870326042175,-1.1,-0.95,30.0
133.7427339553833,-1.13,-1.16,30.0
133.75886726379395,-1.14,-1.16,30.0
133.77466535568237,-1.15,-0.61,30.0
133.7897970676422,-1.16,-0.28,30.0
133.8088960647583,-1.16,-0.22,30.0
133.8238091468811,-1.17,-0.37,30.0
133.83913278579712,-1.18,-0.75,30.0
133.85848760604858,-1.2,-0.98,30.0
133.87243676185608,-1.21,-0.56,30.0
133.88915181159973,-1.21,-0.02,30.0
133.90483212471008,-1.21,0.0,30.0
133.92355728149414,-1.21,0.0,30.0
133.94027996063232,-1.21,0.0,30.0
133.95405983924866,-1.21,0.0,30.0
133.97364258766174,-1.21,0.0,30.0
133.9895784854889,-1.21,0.0,30.0
134.00673961639404,-1.21,0.0,30.0
134.02028226852417,-1.21,0.0,30.0
134.0376491546631,-1.21,0.0,30.0
134.0560324192047,-1.21,0.0,30.0
134.06964993476868,-1.21,0.0,30.0
134.08423614501953,-1.21,0.0,30.0
134.0981628894806,-1.21,0.0,30.0
134.11195063591003,-1.21,0.0,30.0
134.1268801689148,-1.21,0.0,30.0
134.14232969284058,-1.21,0.0,30.0
134.15599036216736,-1.21,0.0,30.0
134.17095279693604,-1.21,0.0,30.0
134.189435005188,-1.21,0.0,30.0
134.20417165756226,-1.21,0.0,30.0
134.22221088409424,-1.21,0.0,30.0
134.2491455078125,-1.21,0.06,0.0
134.26525235176086,-1.2,0.47,0.0
134.27986788749695,-1.19,0.5,0.0
134.29369807243347,-1.19,0.23,0.0
134.30846095085144,-1.19,0.0,0.0
134.3227927684784,-1.19,0.0,0.0
134.3370542526245,-1.19,0.0,0.0
134.35100388526917,-1.19,0.0,0.0
134.3656907081604,-1.19,0.0,0.0
134.37988209724426,-1.19,0.0,0.0
134.39366388320923,-1.19,0.0,0.0
134.4078459739685,-1.19,0.0,0.0
134.42162442207336,-1.19,0.0,0.0
134.43625235557556,-1.19,0.0,0.0
134.44981265068054,-1.19,0.0,0.0
134.46290278434753,-1.19,0.0,0.0
134.47777009010315,-1.19,0.0,0.0
134.49161171913147,-1.19,0.0,0.0
134.5065882205963,-1.19,0.0,0.0
134.52387595176697,-1.19,0.0,0.0
134.53796768188477,-1.19,0.0,0.0
134.55272436141968,-1.19,0.0,0.0
134.56815576553345,-1.19,0.0,0.0
134.58370327949524,-1.19,0.0,0.0
134.59874153137207,-1.19,0.0,0.0
134.61588621139526,-1.19,0.0,0.0
134.6290740966797,-1.19,0.0,0.0
134.6448221206665,-1.19,0.0,0.0
134.65831661224365,-1.19,0.0,0.0
134.67292642593384,-1.19,0.0,0.0
134.6877727508545,-1.19,0.0,0.0
134.70413851737976,-1.19,0.0,0.0
134.71756863594055,-1.19,0.0,0.0
134.73157930374146,-1.19,0.0,0.0
134.7444622516632,-1.19,0.0,0.0
134.7583179473877,-1.19,0.0,0.0
134.77240252494812,-1.19,0.0,0.0
134.7862434387207,-1.19,0.0,0.0
134.80002808570862,-1.19,0.0,0.0
134.81628608703613,-1.19,0.0,0.0
134.83020663261414,-1.19,0.0,0.0
134.84421944618225,-1.19,0.0,0.0
134.85749554634094,-1.19,0.0,0.0
134.87303590774536,-1.19,0.0,0.0
134.89029693603516,-1.19,0.0,0.0
134.9046552181244,-1.19,0.0,0.0
134.91964030265808,-1.19,0.0,0.0
134.93340706825256,-1.19,0.0,0.0
134.94724321365356,-1.19,0.0,0.0
134.9611656665802,-1.19,0.0,0.0
134.97458219528198,-1.19,0.0,0.0
134.98954010009766,-1.19,0.0,0.0
135.00414776802063,-1.19,0.0,0.0
135.01929354667664,-1.19,0.0,0.0
135.0331666469574,-1.19,0.0,0.0
135.0475926399231,-1.19,0.0,0.0
135.06393361091614,-1.19,0.0,0.0
135.07714581489563,-1.19,0.0,0.0
135.0902054309845,-1.19,0.0,0.0
135.10507726669312,-1.19,0.0,0.0
135.11916327476501,-1.19,0.0,0.0
135.1336624622345,-1.19,0.0,0.0
135.15076875686646,-1.19,0.0,0.0
135.164124250412,-1.19,0.0,0.0
135.17933988571167,-1.19,0.0,0.0
135.19438481330872,-1.19,0.0,0.0
135.20851278305054,-1.19,0.0,0.0
135.22323894500732,-1.19,0.0,0.0
135.237149477005,-1.19,0.0,0.0
135.25236463546753,-1.19,0.0,0.0
135.2658724784851,-1.19,0.0,0.0
135.2798774242401,-1.19,0.0,0.0
135.29348397254944,-1.19,0.0,0.0
135.3098406791687,-1.19,0.0,0.0
135.32500076293945,-1.19,0.0,0.0
135.34045696258545,-1.19,0.0,0.0
135.35393571853638,-1.19,0.0,0.0
135.3681502342224,-1.19,0.0,0.0
135.38220238685608,-1.19,0.0,0.0
135.3987398147583,-1.19,0.0,0.0
135.4125828742981,-1.19,0.0,0.0
135.42698335647583,-1.19,0.0,0.0
135.4402117729187,-1.19,0.0,0.0
135.45494937896729,-1.19,0.0,0.0
135.47199726104736,-1.19,0.0,0.0
135.49060583114624,-1.19,0.0,0.0
135.50354647636414,-1.19,0.0,0.0
135.518128156662,-1.19,0.0,0.0
135.5329451560974,-1.19,0.0,0.0
135.54810333251953,-1.19,0.0,0.0
135.56299662590027,-1.19,0.0,0.0
135.5769693851471,-1.19,0.0,0.0
135.5897204875946,-1.19,0.0,0.0
135.60905575752258,-1.19,0.0,0.0
135.6258692741394,-1.19,0.0,0.0
135.64340734481812,-1.19,0.0,0.0
135.65953660011292,-1.19,0.0,0.0
135.67464208602905,-1.19,0.0,0.0
135.69357895851135,-1.19,0.0,0.0
135.716388463974,-1.19,0.0,0.0
135.73385882377625,-1.19,0.0,0.0
135.75344467163086,-1.19,0.0,0.0
135.77082204818726,-1.19,0.0,0.0
135.78831934928894,-1.19,0.0,0.0
135.80543637275696,-1.19,0.0,0.0
135.81873321533203,-1.19,0.0,0.0
135.83367085456848,-1.19,0.0,0.0
135.84964776039124,-1.19,0.0,0.0
135.86397171020508,-1.19,0.0,0.0
135.87999987602234,-1.19,0.0,0.0
135.8990113735199,-1.19,0.0,0.0
135.91257214546204,-1.19,0.0,0.0
135.92619800567627,-1.19,0.0,0.0
135.94096755981445,-1.19,0.0,0.0
135.95447993278503,-1.19,0.0,0.0
135.9681465625763,-1.19,0.0,0.0
135.9850673675537,-1.19,0.0,0.0
135.9993064403534,-1.19,0.0,0.0
136.0146107673645,-1.19,0.0,0.0
136.0282166004181,-1.19,0.0,0.0
136.04271936416626,-1.19,0.0,0.0
136.05706071853638,-1.19,0.0,0.0
136.07114839553833,-1.19,0.0,0.0
136.08553504943848,-1.19,0.0,0.0
136.09944653511047,-1.19,0.0,0.0
136.11358499526978,-1.19,0.0,0.0
136.12802076339722,-1.19,0.0,0.0
136.14274048805237,-1.19,0.0,0.0
136.15628623962402,-1.19,0.0,0.0
136.17116713523865,-1.19,0.0,0.0
136.1893150806427,-1.19,0.0,0.0
136.20728754997253,-1.19,0.0,0.0
136.2219681739807,-1.19,0.0,0.0
136.23662543296814,-1.19,0.0,0.0
136.25147104263306,-1.19,0.0,0.0
136.2667944431305,-1.19,0.0,0.0
136.2824342250824,-1.19,0.0,0.0
136.29798769950867,-1.19,0.0,0.0
136.3124806880951,-1.19,0.0,0.0
136.32573676109314,-1.19,0.0,0.0
136.3405797481537,-1.19,0.0,0.0
136.35433793067932,-1.19,0.0,0.0
136.36756825447083,-1.19,0.0,0.0
136.38070964813232,-1.19,0.0,0.0
136.39446091651917,-1.19,0.0,0.0
136.41116094589233,-1.19,0.0,0.0
136.42421007156372,-1.19,0.0,0.0
136.43753337860107,-1.19,0.0,0.0
136.45119094848633,-1.19,0.0,0.0
136.46407079696655,-1.19,0.0,0.0
136.47761511802673,-1.19,0.0,0.0
136.49081015586853,-1.19,0.0,0.0
136.50376534461975,-1.19,0.0,0.0
136.51619958877563,-1.19,0.0,0.0
136.52966904640198,-1.19,0.0,0.0
136.54279470443726,-1.19,0.0,0.0
136.55655193328857,-1.19,0.0,0.0
136.5699450969696,-1.19,0.0,0.0
136.5829141139984,-1.19,0.0,0.0
136.59696459770203,-1.19,0.0,0.0
136.61131358146667,-1.19,0.0,0.0
136.62552213668823,-1.19,0.0,0.0
136.63922452926636,-1.19,0.0,0.0
136.65562200546265,-1.19,0.0,0.0
136.66890597343445,-1.19,0.0,0.0
136.6846890449524,-1.19,0.0,0.0
136.69813227653503,-1.19,0.0,0.0
136.71154975891113,-1.19,0.0,0.0
136.72459244728088,-1.19,0.0,0.0
136.737694978714,-1.19,0.0,0.0
136.750803232193,-1.19,0.0,0.0
136.76463651657104,-1.19,0.0,0.0
136.77953934669495,-1.19,0.0,0.0
136.79321575164795,-1.19,0.0,0.0
136.80761528015137,-1.19,0.0,0.0
136.82074642181396,-1.19,0.0,0.0
136.83479285240173,-1.19,0.0,0.0
136.84828734397888,-1.19,0.0,0.0
136.86209201812744,-1.19,0.0,0.0
136.87726545333862,-1.19,0.0,0.0
136.89078950881958,-1.19,0.0,0.0
136.90451550483704,-1.19,0.0,0.0
136.91905975341797,-1.19,0.0,0.0
136.93271565437317,-1.19,0.0,0.0
136.94680380821228,-1.19,0.0,0.0
136.96072602272034,-1.19,0.0,0.0
136.97430205345154,-1.19,0.0,0.0
136.98799753189087,-1.19,0.0,0.0
137.0033187866211,-1.19,0.0,0.0
137.01652932167053,-1.19,0.0,0.0
137.03028416633606,-1.19,0.0,0.0
137.04513931274414,-1.19,0.0,0.0
137.05837965011597,-1.19,0.0,0.0
137.07158613204956,-1.19,0.0,0.0
137.08516359329224,-1.19,0.0,0.0
137.09890151023865,-1.19,0.0,0.0
137.11268711090088,-1.19,0.0,0.0
137.12775540351868,-1.19,0.0,0.0
137.14178562164307,-1.19,0.0,0.0
137.1555676460266,-1.19,0.0,0.0
137.1694974899292,-1.19,0.0,0.0
137.1830177307129,-1.19,0.0,0.0
137.19702053070068,-1.19,0.0,0.0
137.21162486076355,-1.19,0.0,0.0
137.22557091712952,-1.19,0.0,0.0
137.23951482772827,-1.19,0.0,0.0
137.25396871566772,-1.19,0.0,0.0
137.27162671089172,-1.19,0.0,0.0
137.28917264938354,-1.19,0.0,0.0
137.30409216880798,-1.17,1.17,0.0
137.31911993026733,-1.12,4.03,0.0
137.33356547355652,-1.04,5.21,0.0
137.34652018547058,-0.96,5.34,0.0
137.36050462722778,-0.89,4.56,0.0
137.37407207489014,-0.83,4.18,0.0
137.3883240222931,-0.78,3.87,0.0
137.40296721458435,-0.73,3.29,0.0
137.41682982444763,-0.69,2.37,0.0
137.4307587146759,-0.66,2.05,0.0
137.44389009475708,-0.62,3.04,0.0
137.45774030685425,-0.58,3.05,0.0
137.47220301628113,-0.53,3.22,0.0
137.48579025268555,-0.49,2.75,0.0
137.4992277622223,-0.45,2.44,0.0
137.51332020759583,-0.42,2.32,0.0
137.52714443206787,-0.39,2.05,0.0
137.5415587425232,-0.37,1.68,0.0
137.55545592308044,-0.33,2.3,0.0
137.56983399391174,-0.3,2.1,0.0
137.58327078819275,-0.27,2.14,0.0
137.59729599952698,-0.24,2.03,0.0
137.61222219467163,-0.21,2.08,0.0
137.6255600452423,-0.18,1.98,0.0
137.6438946723938,-0.15,1.98,0.0
137.66130423545837,-0.12,2.28,0.0
137.67535400390625,-0.09,2.02,0.0
137.68875122070312,-0.06,2.29,0.0
137.70318841934204,-0.03,1.98,0.0
137.72295427322388,0.0,2.19,0.0
137.73705124855042,0.03,1.89,0.0
137.75009036064148,0.04,0.9,0.0
137.7661418914795,0.04,0.05,0.0
137.7795126438141,0.04,0.0,0.0
137.79297280311584,0.04,0.0,0.0
137.8065688610077,0.04,0.0,0.0
137.81988072395325,0.04,-0.02,0.0
137.83341240882874,0.04,-0.2,0.0
137.8472876548767,0.03,-0.4,0.0
137.86093473434448,0.02,-0.54,0.0
137.87467765808105,0.02,-0.59,0.0
137.88844180107117,0.0,-0.67,0.0
137.90263533592224,-0.0,-0.63,0.0
137.91739177703857,-0.01,-0.13,0.0
137.9313325881958,-0.01,0.0,0.0
137.94463753700256,-0.01,0.0,0.0
137.95847916603088,-0.01,0.0,0.0
137.97309494018555,-0.01,0.0,0.0
137.98791027069092,-0.01,0.0,0.0
138.00270676612854,-0.01,0.0,0.0
138.01742935180664,-0.01,0.0,0.0
138.0324113368988,-0.01,0.0,0.0
138.04808378219604,-0.01,0.0,0.0
138.06264424324036,-0.01,0.0,0.0
138.077561378479,-0.01,0.0,0.0
138.09098839759827,-0.01,0.0,0.0
138.1046657562256,-0.01,0.0,0.0
138.1182417869568,-0.01,0.0,0.0
138.13134288787842,-0.01,0.0,0.0
138.14657950401306,-0.01,0.0,0.0
138.160174369812,-0.01,0.0,0.0
138.1740801334381,-0.01,0.0,0.0
138.1911838054657,-0.01,0.0,0.0
138.20430088043213,-0.01,0.0,0.0
138.21895718574524,-0.01,0.0,0.0
138.23193097114563,-0.01,0.0,0.0
138.24637937545776,-0.01,0.0,0.0
138.2626507282257,-0.01,0.0,0.0
138.27765703201294,-0.01,0.0,0.0
138.29241561889648,-0.01,0.0,0.0
138.306569814682,-0.01,0.0,0.0
138.32059812545776,-0.01,0.0,0.0
138.33481192588806,-0.01,0.0,0.0
138.34950041770935,-0.01,0.0,0.0
138.3641197681427,-0.01,0.0,0.0
138.37799835205078,-0.01,0.0,0.0
138.39171624183655,-0.01,0.0,0.0
138.40819835662842,-0.01,0.0,0.0
138.42385745048523,-0.01,0.0,0.0
138.43835592269897,-0.01,0.0,0.0
138.45108127593994,-0.01,0.0,0.0
138.4663007259369,-0.01,0.0,0.0
138.4805564880371,-0.01,0.0,0.0
138.49468970298767,-0.01,0.0,0.0
138.50928020477295,-0.01,0.0,0.0
138.52342104911804,-0.01,0.0,0.0
138.53944611549377,-0.01,0.0,0.0
138.55594110488892,-0.01,0.0,0.0
138.57001662254333,-0.01,0.0,0.0
138.58417439460754,-0.01,0.0,0.0
138.59890580177307,-0.01,0.0,0.0
138.61325192451477,-0.01,0.0,0.0
138.63039684295654,-0.01,0.0,0.0
138.6447365283966,-0.01,0.0,0.0
138.65967440605164,-0.01,0.0,0.0
138.67687678337097,-0.01,0.0,0.0
138.69051909446716,-0.01,0.0,0.0
138.70433640480042,-0.01,0.0,0.0
138.71759366989136,-0.01,0.0,0.0
138.73179864883423,-0.01,0.0,0.0
138.745676279068,-0.01,0.0,0.0
138.75978708267212,-0.01,0.0,0.0
138.7748544216156,-0.01,0.0,0.0
138.7895951271057,-0.01,0.0,0.0
138.80451154708862,-0.01,0.0,0.0
138.81852293014526,-0.01,0.0,0.0
138.8328878879547,-0.01,0.0,0.0
138.84752321243286,-0.01,0.0,0.0
138.86212825775146,-0.01,0.0,0.0
138.8761601448059,-0.01,0.0,0.0
138.89230847358704,-0.01,0.0,0.0
138.90661096572876,-0.01,0.0,0.0
138.9209213256836,-0.01,0.0,0.0
138.9347357749939,-0.01,0.0,0.0
138.9506642818451,-0.01,0.0,0.0
138.96522164344788,-0.01,0.0,0.0
138.97857284545898,-0.01,0.0,0.0
138.99402403831482,-0.01,0.0,0.0
139.01381826400757,-0.01,0.0,0.0
139.02719640731812,-0.01,0.0,0.0
139.04146528244019,-0.01,0.0,0.0
139.05681014060974,-0.01,0.0,0.0
139.0699691772461,-0.01,0.0,0.0
139.08329892158508,-0.01,0.0,0.0
139.09749841690063,-0.01,0.0,0.0
139.1104290485382,-0.01,0.0,0.0
139.12464475631714,-0.01,0.0,0.0
139.1489062309265,-0.01,0.0,40.0
139.1654393672943,-0.01,-0.17,40.0
139.18015909194946,-0.02,-0.57,40.0
139.194589138031,-0.03,-0.89,40.0
139.2104184627533,-0.06,-1.47,40.0
139.22830152511597,-0.09,-2.27,40.0
139.24425148963928,-0.13,-2.37,40.0
139.26049542427063,-0.18,-3.08,40.0
139.27779841423035,-0.24,-3.32,40.0
139.29259586334229,-0.3,-3.67,40.0
139.31252026557922,-0.37,-4.18,40.0
139.3302662372589,-0.44,-4.01,40.0
139.34470558166504,-0.5,-3.91,40.0
139.36196756362915,-0.57,-3.96,40.0
139.37749814987183,-0.63,-3.77,40.0
139.3964705467224,-0.7,-4.04,40.0
139.41265296936035,-0.76,-3.61,40.0
139.42634630203247,-0.82,-3.92,40.0
139.44597458839417,-0.88,-3.69,40.0
139.46113801002502,-0.94,-3.15,40.0
139.47762870788574,-0.98,-2.8,40.0
139.4945149421692,-1.03,-2.56,40.0
139.50983047485352,-1.07,-2.62,40.0
139.52681946754456,-1.11,-2.35,40.0
139.54124212265015,-1.15,-2.19,40.0
139.56105971336365,-1.18,-2.13,40.0
139.57967448234558,-1.21,-1.99,40.0
139.59693670272827,-1.24,-1.68,40.0
139.6117696762085,-1.27,-1.73,40.0
139.63041615486145,-1.29,-1.35,40.0
139.64522409439087,-1.31,-1.03,40.0
139.661052942276,-1.33,-1.2,40.0
139.676899433136,-1.35,-1.0,40.0
139.69414710998535,-1.35,-0.34,40.0
139.7097954750061,-1.35,0.0,40.0
139.72771787643433,-1.35,0.0,40.0
139.74229192733765,-1.35,0.0,40.0
139.75627541542053,-1.35,0.0,40.0
139.77115750312805,-1.35,0.0,40.0
139.7876992225647,-1.35,0.0,40.0
139.80639672279358,-1.35,0.0,40.0
139.82095193862915,-1.35,0.0,40.0
139.83689951896667,-1.35,0.0,40.0
139.8529601097107,-1.35,0.0,40.0
139.86910700798035,-1.35,0.0,40.0
139.88378310203552,-1.35,0.0,40.0
139.8988173007965,-1.35,0.0,40.0
139.91501235961914,-1.35,0.0,40.0
139.9301154613495,-1.35,0.0,40.0
139.94391059875488,-1.35,0.0,40.0
139.9611485004425,-1.35,0.0,40.0
139.97510814666748,-1.35,0.0,40.0
139.99197268486023,-1.35,0.0,40.0
140.0061604976654,-1.35,0.0,40.0
140.0234169960022,-1.35,0.0,40.0
140.03883457183838,-1.35,0.0,40.0
140.05304050445557,-1.35,0.0,40.0
140.0701105594635,-1.35,0.0,40.0
140.0857973098755,-1.35,0.0,40.0
140.0995078086853,-1.35,0.0,40.0
140.1139829158783,-1.35,0.0,40.0
140.13078665733337,-1.35,0.0,40.0
140.15151619911194,-1.35,0.0,40.0
140.178316116333,-1.35,0.08,0.0
140.19420051574707,-1.34,0.55,0.0
140.20697045326233,-1.33,0.8,0.0
140.22067761421204,-1.32,0.5,0.0
140.23604536056519,-1.32,0.05,0.0
140.25133967399597,-1.32,0.0,0.0
140.26590609550476,-1.32,0.0,0.0
140.28220558166504,-1.32,0.0,0.0
140.2974557876587,-1.32,0.0,0.0
140.31098532676697,-1.32,0.0,0.0
140.32348370552063,-1.32,0.0,0.0
140.34099316596985,-1.32,0.0,0.0
140.35407066345215,-1.32,0.0,0.0
140.36801052093506,-1.32,0.0,0.0
140.3817229270935,-1.32,0.0,0.0
140.39831614494324,-1.32,0.0,0.0
140.41303896903992,-1.32,0.0,0.0
140.4266653060913,-1.32,0.0,0.0
140.44023942947388,-1.32,0.0,0.0
140.45486164093018,-1.32,0.0,0.0
140.4698519706726,-1.32,0.0,0.0
140.48439836502075,-1.32,0.0,0.0
140.49979710578918,-1.32,0.0,0.0
140.51561880111694,-1.32,0.0,0.0
140.53036212921143,-1.32,0.0,0.0
140.54453587532043,-1.32,0.0,0.0
140.55869960784912,-1.32,0.0,0.0
140.5743134021759,-1.32,0.0,0.0
140.58896231651306,-1.32,0.0,0.0
140.60674166679382,-1.32,0.0,0.0
140.62136602401733,-1.32,0.0,0.0
140.63629627227783,-1.32,0.0,0.0
140.65130257606506,-1.32,0.0,0.0
140.66852688789368,-1.32,0.0,0.0
140.68531942367554,-1.32,0.0,0.0
140.70044255256653,-1.32,0.0,0.0
140.71617674827576,-1.32,0.0,0.0
140.72994470596313,-1.32,0.0,0.0
140.74338221549988,-1.32,0.0,0.0
140.75656294822693,-1.32,0.0,0.0
140.76975750923157,-1.32,0.0,0.0
140.78396272659302,-1.32,0.0,0.0
140.79785203933716,-1.32,0.0,0.0
140.81304907798767,-1.32,0.0,0.0
140.82665610313416,-1.32,0.0,0.0
140.84010457992554,-1.32,0.0,0.0
140.85480260849,-1.32,0.0,0.0
140.86804747581482,-1.32,0.0,0.0
140.88143610954285,-1.32,0.0,0.0
140.89604878425598,-1.32,0.0,0.0
140.91040897369385,-1.32,0.0,0.0
140.92459726333618,-1.32,0.0,0.0
140.93819785118103,-1.32,0.0,0.0
140.953280210495,-1.32,0.0,0.0
140.96772646903992,-1.32,0.0,0.0
140.9815649986267,-1.32,0.0,0.0
140.9987359046936,-1.32,0.0,0.0
141.01337480545044,-1.32,0.0,0.0
141.02864384651184,-1.32,0.0,0.0
141.0427324771881,-1.32,0.0,0.0
141.05774116516113,-1.32,0.0,0.0
141.07129621505737,-1.32,0.0,0.0
141.0843210220337,-1.32,0.0,0.0
141.09781169891357,-1.32,0.0,0.0
141.11124110221863,-1.32,0.0,0.0
141.1248917579651,-1.32,0.0,0.0
141.13886499404907,-1.32,0.0,0.0
141.1527965068817,-1.32,0.0,0.0
141.16721487045288,-1.32,0.0,0.0
141.18316674232483,-1.32,0.0,0.0
141.19682550430298,-1.32,0.0,0.0
141.21402072906494,-1.32,0.0,0.0
141.22755098342896,-1.32,0.0,0.0
141.24167680740356,-1.32,0.0,0.0
141.25639581680298,-1.32,0.0,0.0
141.27174639701843,-1.32,0.0,0.0
141.28635001182556,-1.32,0.0,0.0
141.30037689208984,-1.32,0.0,0.0
141.31517839431763,-1.32,0.0,0.0
141.33069682121277,-1.32,0.0,0.0
141.34726881980896,-1.32,0.0,0.0
141.36089301109314,-1.32,0.0,0.0
141.38135743141174,-1.32,0.0,0.0
141.3977472782135,-1.32,0.0,0.0
141.4128773212433,-1.32,0.0,0.0
141.42779111862183,-1.32,0.0,0.0
141.4439709186554,-1.32,0.0,0.0
141.45702505111694,-1.32,0.0,0.0
141.47377157211304,-1.32,0.0,0.0
141.48709106445312,-1.32,0.0,0.0
141.50070643424988,-1.32,0.0,0.0
141.51526379585266,-1.32,0.0,0.0
141.5281457901001,-1.32,0.0,0.0
141.5419738292694,-1.32,0.0,0.0
141.55793023109436,-1.32,0.0,0.0
141.57241559028625,-1.32,0.0,0.0
141.58839893341064,-1.32,0.0,0.0
141.6038110256195,-1.32,0.0,0.0
141.61842036247253,-1.32,0.0,0.0
141.6318793296814,-1.32,0.0,0.0
141.64579129219055,-1.32,0.0,0.0
141.66303038597107,-1.32,0.0,0.0
141.67750692367554,-1.32,0.0,0.0
141.69430589675903,-1.32,0.0,0.0
141.7089478969574,-1.32,0.0,0.0
141.72501683235168,-1.32,0.0,0.0
141.73992228507996,-1.32,0.0,0.0
141.75599694252014,-1.32,0.0,0.0
141.77074790000916,-1.32,0.0,0.0
141.78577780723572,-1.32,0.0,0.0
141.79953336715698,-1.32,0.0,0.0
141.81312680244446,-1.32,0.0,0.0
141.82729744911194,-1.32,0.0,0.0
141.8403196334839,-1.32,0.0,0.0
141.85381031036377,-1.32,0.0,0.0
141.86825013160706,-1.32,0.0,0.0
141.8823366165161,-1.32,0.0,0.0
141.8962380886078,-1.32,0.0,0.0
141.9106364250183,-1.32,0.0,0.0
141.92627954483032,-1.32,0.0,0.0
141.94280648231506,-1.32,0.0,0.0
141.957213640213,-1.32,0.0,0.0
141.97163319587708,-1.32,0.0,0.0
141.98601126670837,-1.32,0.0,0.0
141.99946212768555,-1.32,0.0,0.0
142.01593899726868,-1.32,0.0,0.0
142.0301022529602,-1.32,0.0,0.0
142.04492568969727,-1.32,0.0,0.0
142.05810117721558,-1.32,0.0,0.0
142.0727038383484,-1.32,0.0,0.0
142.08726692199707,-1.31,0.55,0.0
142.1014907360077,-1.26,3.72,0.0
142.1158413887024,-1.18,5.26,0.0
142.13067507743835,-1.09,6.65,0.0
142.14473938941956,-1.0,6.65,0.0
142.16007828712463,-0.91,5.5,0.0
142.1736810207367,-0.82,6.06,0.0
142.18775296211243,-0.74,5.7,0.0
142.2025487422943,-0.67,4.9,0.0
142.21708869934082,-0.6,4.69,0.0
142.23250675201416,-0.54,4.02,0.0
142.24694752693176,-0.49,3.83,0.0
142.26092290878296,-0.43,4.19,0.0
142.27600288391113,-0.37,4.06,0.0
142.2910258769989,-0.32,3.43,0.0
142.3059320449829,-0.27,3.65,0.0
142.31974339485168,-0.22,3.13,0.0
142.33636355400085,-0.18,2.73,0.0
142.3505198955536,-0.15,2.55,0.0
142.36440539360046,-0.11,2.23,0.0
142.37889337539673,-0.08,1.85,0.0
142.393132686615,-0.06,1.82,0.0
142.4093885421753,-0.05,0.86,0.0
142.4254093170166,-0.05,0.02,0.0
142.43915128707886,-0.05,-0.02,0.0
142.45787382125854,-0.05,-0.02,0.0
142.47536778450012,-0.05,-0.04,0.0
142.48969507217407,-0.05,-0.21,0.0
142.5035765171051,-0.06,-0.41,0.0
142.51719069480896,-0.07,-0.61,0.0
142.5320336818695,-0.07,-0.4,0.0
142.54735445976257,-0.07,0.0,0.0
142.5619535446167,-0.07,0.0,0.0
142.5773527622223,-0.07,0.0,0.0
142.59116172790527,-0.07,0.0,0.0
142.60453391075134,-0.07,0.0,0.0
142.61805152893066,-0.07,0.0,0.0
142.63215112686157,-0.07,0.0,0.0
142.64578795433044,-0.07,0.0,0.0
142.66030836105347,-0.07,0.0,0.0
142.67439532279968,-0.07,0.0,0.0
142.6885221004486,-0.07,0.0,0.0
142.70295023918152,-0.07,0.0,0.0
142.71693515777588,-0.07,0.0,0.0
142.73089480400085,-0.07,0.0,0.0
142.74462962150574,-0.07,0.0,0.0
142.75835847854614,-0.07,0.0,0.0
142.77245903015137,-0.07,0.0,0.0
142.78636193275452,-0.07,0.0,0.0
142.80033206939697,-0.07,0.0,0.0
142.81441831588745,-0.07,0.0,0.0
142.8287332057953,-0.07,0.0,0.0
142.8432171344757,-0.07,0.0,0.0
142.86058235168457,-0.07,0.0,0.0
142.87704300880432,-0.07,0.0,0.0
142.89132142066956,-0.07,0.0,0.0
142.90557074546814,-0.07,0.0,0.0
142.91980528831482,-0.07,0.0,0.0
142.93318843841553,-0.07,0.0,0.0
142.94782066345215,-0.07,0.0,0.0
142.96151518821716,-0.07,0.0,0.0
142.97494626045227,-0.07,0.0,0.0
142.98871517181396,-0.07,0.0,0.0
143.00230503082275,-0.07,0.0,0.0
143.0157332420349,-0.07,0.0,0.0
143.02908420562744,-0.07,0.0,0.0
143.04295372962952,-0.07,0.0,0.0
143.056734085083,-0.07,0.0,0.0
143.0712194442749,-0.07,0.0,0.0
143.0851480960846,-0.07,0.0,0.0
143.0987901687622,-0.07,0.0,0.0
143.11267185211182,-0.07,0.0,0.0
143.12658095359802,-0.07,0.0,0.0
143.13958382606506,-0.07,0.0,0.0
143.152765750885,-0.07,0.29,0.0
143.1680393218994,-0.04,2.14,0.0
143.18498921394348,0.0,2.61,0.0
143.2026252746582,0.03,1.94,0.0
143.21777629852295,0.04,1.03,0.0
143.2349374294281,0.04,-0.05,0.0
143.25065684318542,0.04,0.0,0.0
143.2644808292389,0.04,-0.02,0.0
143.28332996368408,0.04,-0.29,0.0
143.29708051681519,0.03,-0.53,0.0
143.31132888793945,0.02,-0.61,0.0
143.32625937461853,0.01,-0.77,0.0
143.34007453918457,-0.0,-0.74,0.0
143.35372805595398,-0.01,-0.22,0.0
143.36783361434937,-0.01,0.0,0.0
143.38242721557617,-0.01,0.0,0.0
143.39679765701294,-0.01,0.0,0.0
143.4106743335724,-0.01,0.0,0.0
143.4245207309723,-0.01,0.0,0.0
143.4391438961029,-0.01,0.0,0.0
143.4522442817688,-0.01,0.0,0.0
143.46535563468933,-0.01,0.0,0.0
143.47957754135132,-0.01,0.0,0.0
143.492333650589,-0.01,0.0,0.0
143.5054795742035,-0.01,0.0,0.0
143.5193371772766,-0.01,0.0,0.0
143.53585577011108,-0.01,0.0,0.0
143.54948496818542,-0.01,0.0,0.0
143.56499361991882,-0.01,0.0,0.0
143.57836866378784,-0.01,0.0,0.0
143.59258008003235,-0.01,0.0,0.0
143.60584020614624,-0.01,0.0,0.0
143.6222960948944,-0.01,0.0,0.0
143.63789582252502,-0.01,0.0,0.0
143.65220856666565,-0.01,0.0,0.0
143.66716623306274,-0.01,0.0,0.0
143.68090295791626,-0.01,0.0,0.0
143.69472789764404,-0.01,0.0,0.0
143.7089011669159,-0.01,0.0,0.0
143.72543358802795,-0.01,0.0,0.0
143.74031853675842,-0.01,0.0,0.0
143.7569990158081,-0.01,0.0,0.0
143.7727608680725,-0.01,0.0,0.0
143.78637599945068,-0.01,0.0,0.0
143.80004239082336,-0.01,0.0,0.0
143.813814163208,-0.01,0.0,0.0
143.82749962806702,-0.01,0.0,0.0
143.84119629859924,-0.01,0.0,0.0
143.8547887802124,-0.01,0.0,0.0
143.86832690238953,-0.01,0.0,0.0
143.88236713409424,-0.01,0.0,0.0
143.89674639701843,-0.01,0.0,0.0
143.91068935394287,-0.01,0.0,0.0
143.92589449882507,-0.01,0.0,0.0
143.9390892982483,-0.01,0.0,0.0
143.95319056510925,-0.01,0.0,0.0
143.96788549423218,-0.01,0.0,0.0
143.98143601417542,-0.01,0.0,0.0
143.9955677986145,-0.01,0.0,0.0
144.01191091537476,-0.01,0.0,0.0
144.02735567092896,-0.01,0.0,0.0
144.04081177711487,-0.01,0.0,0.0
144.0551986694336,-0.01,0.0,0.0
144.0684769153595,-0.01,0.0,0.0
144.0835039615631,-0.01,0.0,0.0
144.0983545780182,-0.01,0.0,0.0
144.11535549163818,-0.01,0.0,0.0
144.1285858154297,-0.01,0.0,0.0
144.14201045036316,-0.01,0.0,0.0
144.15520405769348,-0.01,0.0,0.0
144.17152905464172,-0.01,0.0,0.0
144.18677425384521,-0.01,0.0,0.0
144.2004837989807,-0.01,0.0,0.0
144.21550607681274,-0.01,0.0,0.0
144.22925639152527,-0.01,0.0,0.0
144.2429542541504,-0.01,0.0,0.0
144.25642156600952,-0.01,0.0,0.0
144.27511501312256,-0.01,0.0,0.0
144.29142093658447,-0.01,0.0,0.0
144.30608654022217,-0.01,0.0,0.0
144.32007789611816,-0.01,0.0,0.0
144.33340287208557,-0.01,0.0,0.0
144.34725642204285,-0.01,0.0,0.0
144.36168551445007,-0.01,0.0,0.0
144.37636399269104,-0.01,0.0,0.0
144.3906455039978,-0.01,0.0,0.0
144.40393948554993,-0.01,0.0,0.0
144.41964101791382,-0.01,0.0,0.0
144.43442678451538,-0.01,0.0,0.0
144.45141458511353,-0.01,0.0,0.0
144.46695041656494,-0.01,0.0,0.0
144.4864730834961,-0.01,0.0,0.0
144.50021600723267,-0.01,0.0,0.0
144.51680707931519,-0.01,0.0,0.0
144.52955198287964,-0.01,0.0,0.0
144.5429117679596,-0.01,0.0,0.0
144.55714106559753,-0.01,0.0,0.0
144.57209253311157,-0.01,0.0,0.0
144.58554458618164,-0.01,0.0,0.0
144.59855842590332,-0.01,0.0,0.0
144.61174511909485,-0.01,0.0,0.0
144.6254518032074,-0.01,0.0,0.0
144.6386363506317,-0.01,0.0,0.0
144.65197777748108,-0.01,0.0,0.0
144.6684103012085,-0.01,0.0,0.0
144.6831920146942,-0.01,0.0,0.0
144.69696950912476,-0.01,0.0,0.0
144.71062660217285,-0.01,0.0,0.0
144.72470259666443,-0.01,0.0,0.0
144.7404386997223,-0.01,0.0,0.0
144.7537136077881,-0.01,0.0,0.0
144.76760053634644,-0.01,0.0,0.0
144.78050208091736,-0.01,0.0,0.0
144.79730367660522,-0.01,0.0,0.0
144.81270718574524,-0.01,0.0,0.0
144.82811570167542,-0.01,0.0,0.0
144.8416051864624,-0.01,0.0,0.0
144.85540747642517,-0.01,0.0,0.0
144.8698971271515,-0.01,0.0,0.0
144.8831911087036,-0.01,0.0,0.0
144.8988356590271,-0.01,0.0,0.0
144.91306233406067,-0.01,0.0,0.0
144.92816472053528,-0.01,0.0,0.0
144.94253849983215,-0.01,0.0,0.0
144.95747232437134,-0.01,0.0,0.0
144.97479891777039,-0.01,0.0,0.0
144.9909474849701,-0.01,0.0,0.0
145.006822347641,-0.01,0.0,0.0
145.02150797843933,-0.01,0.0,0.0
145.035391330719,-0.01,0.0,0.0
145.05073022842407,-0.01,0.0,0.0
145.0710961818695,-0.01,0.0,0.0
145.09236025810242,-0.01,0.0,0.0
145.10579705238342,-0.01,0.0,0.0
145.1204195022583,-0.01,0.0,0.0
145.13393926620483,-0.01,0.0,0.0
145.14836978912354,-0.01,0.0,0.0
145.1629238128662,-0.01,0.0,0.0
145.17639756202698,-0.01,0.0,0.0
145.19020318984985,-0.01,0.0,0.0
145.20331048965454,-0.01,0.0,0.0
145.21560788154602,-0.01,0.0,0.0
145.22973442077637,-0.01,0.0,0.0
145.2440950870514,-0.01,0.0,0.0
145.25808763504028,-0.01,0.0,0.0
145.2772388458252,-0.01,0.0,0.0
145.2917709350586,-0.01,0.0,0.0
145.3088161945343,-0.01,0.0,0.0
145.32729053497314,-0.01,0.0,0.0
145.3405840396881,-0.01,0.0,0.0
145.35564422607422,-0.01,0.0,0.0
145.369371175766,-0.01,0.0,0.0
145.38257813453674,-0.01,0.0,0.0
145.3983314037323,-0.01,0.0,0.0
145.41146850585938,-0.01,0.0,0.0
145.43554973602295,-0.01,0.0,50.0
145.45251417160034,-0.01,-0.24,50.0
145.4667525291443,-0.02,-0.79,50.0
145.48193979263306,-0.04,-1.19,50.0
145.4951581954956,-0.08,-2.0,50.0
145.50862073898315,-0.12,-2.48,50.0
145.5223159790039,-0.17,-2.95,50.0
145.53642296791077,-0.22,-3.4,50.0
145.55228757858276,-0.29,-4.04,50.0
145.56802654266357,-0.36,-4.19,50.0
145.59715819358826,-0.43,-4.57,50.0
145.61179327964783,-0.51,-4.01,50.0
145.6260049343109,-0.58,-4.38,50.0
145.63983917236328,-0.65,-4.42,50.0
145.65371322631836,-0.72,-4.21,50.0
145.66890835762024,-0.79,-4.23,50.0
145.68243026733398,-0.86,-4.06,50.0
145.6977880001068,-0.92,-4.02,50.0
145.7187840938568,-0.98,-3.67,50.0
145.73500561714172,-1.04,-3.05,50.0
145.75366878509521,-1.09,-3.29,50.0
145.77061223983765,-1.14,-3.23,50.0
145.78402018547058,-1.19,-2.86,50.0
145.80018401145935,-1.24,-2.67,50.0
145.81727743148804,-1.28,-2.58,50.0
145.8359727859497,-1.32,-2.33,50.0
145.85150909423828,-1.35,-2.23,50.0
145.86679601669312,-1.38,-1.45,50.0
145.88316988945007,-1.4,-1.54,50.0
145.89955949783325,-1.42,-1.17,50.0
145.91787600517273,-1.42,-0.04,50.0
145.93475008010864,-1.42,0.0,50.0
145.94808316230774,-1.42,0.0,50.0
145.96574234962463,-1.42,0.0,50.0
145.98134875297546,-1.42,0.0,50.0
146.00077605247498,-1.42,0.0,50.0
146.01531267166138,-1.42,0.0,50.0
146.02974843978882,-1.42,0.0,50.0
146.047780752182,-1.42,0.0,50.0
146.0691738128662,-1.42,0.0,50.0
146.0842890739441,-1.42,0.0,50.0
146.09987592697144,-1.42,0.0,50.0
146.12049984931946,-1.42,0.0,50.0
146.13575792312622,-1.42,0.0,50.0
146.1492841243744,-1.42,0.0,50.0
146.16640496253967,-1.42,0.0,50.0
146.18049240112305,-1.42,0.0,50.0
146.199289560318,-1.42,0.0,50.0
146.21303987503052,-1.42,0.0,50.0
146.22697949409485,-1.42,0.0,50.0
146.24164032936096,-1.42,0.0,50.0
146.25511026382446,-1.42,0.0,50.0
146.2710359096527,-1.42,0.0,50.0
146.28401112556458,-1.42,0.0,50.0
146.2987024784088,-1.42,0.0,50.0
146.31480383872986,-1.42,0.0,50.0
146.33036732673645,-1.42,0.0,50.0
146.34425830841064,-1.42,0.0,50.0
146.35835909843445,-1.42,0.0,50.0
146.3735580444336,-1.42,0.0,50.0
146.3888041973114,-1.42,0.0,50.0
146.4038200378418,-1.42,0.0,50.0
146.42812705039978,-1.42,0.02,0.0
146.4456923007965,-1.42,0.02,0.0
146.46020340919495,-1.42,0.0,0.0
146.4749298095703,-1.42,0.0,0.0
146.4881615638733,-1.42,0.0,0.0
146.5011751651764,-1.42,0.0,0.0
146.51566553115845,-1.42,0.0,0.0
146.52970385551453,-1.42,0.0,0.0
146.54334425926208,-1.42,0.0,0.0
146.5598382949829,-1.42,0.0,0.0
146.57624125480652,-1.42,0.0,0.0
146.59278535842896,-1.42,0.0,0.0
146.62003827095032,-1.42,0.0,0.0
146.63610100746155,-1.42,0.0,0.0
146.6508162021637,-1.42,0.0,0.0
146.6651804447174,-1.42,0.0,0.0
146.6826150417328,-1.42,0.0,0.0
146.69618010520935,-1.42,0.0,0.0
146.71067357063293,-1.42,0.0,0.0
146.72376251220703,-1.42,0.0,0.0
146.73717999458313,-1.42,0.0,0.0
146.75064873695374,-1.42,0.0,0.0
146.7640769481659,-1.41,0.65,0.0
146.7775638103485,-1.33,5.47,0.0
146.7925305366516,-1.21,8.74,0.0
146.80565452575684,-1.09,8.79,0.0
146.8211851119995,-0.97,7.06,0.0
146.83449363708496,-0.87,7.61,0.0
146.8494896888733,-0.77,6.69,0.0
146.86301517486572,-0.68,6.42,0.0
146.8765676021576,-0.6,5.24,0.0
146.8919677734375,-0.53,4.48,0.0
146.90664172172546,-0.47,4.08,0.0
146.92264032363892,-0.43,3.27,0.0
146.94146490097046,-0.39,2.23,0.0
146.9559714794159,-0.38,1.07,0.0
146.96996355056763,-0.36,1.31,0.0
146.9857029914856,-0.33,1.89,0.0
146.99945640563965,-0.3,2.21,0.0
147.0146131515503,-0.27,2.25,0.0
147.03726720809937,-0.24,1.72,0.0
147.0521204471588,-0.22,1.28,0.0
147.0663480758667,-0.21,1.17,0.0
147.0805642604828,-0.2,0.74,0.0
147.09891438484192,-0.19,0.55,0.0
147.11195540428162,-0.17,0.95,0.0
147.12706089019775,-0.15,1.58,0.0
147.1442048549652,-0.12,2.25,0.0
147.16004872322083,-0.09,2.01,0.0
147.17347955703735,-0.06,1.64,0.0
147.1867859363556,-0.05,1.24,0.0
147.20278000831604,-0.04,0.5,0.0
147.21880435943604,-0.04,0.19,0.0
147.23372673988342,-0.04,0.11,0.0
147.24775910377502,-0.04,0.0,0.0
147.26382565498352,-0.04,0.0,0.0
147.27698278427124,-0.04,-0.05,0.0
147.2905580997467,-0.04,-0.27,0.0
147.30446243286133,-0.05,-0.45,0.0
147.3187940120697,-0.06,-0.71,0.0
147.3319661617279,-0.07,-0.73,0.0
147.34591150283813,-0.08,-0.32,0.0
147.35996842384338,-0.07,0.04,0.0
147.37459707260132,-0.07,0.0,0.0
147.3899314403534,-0.07,0.0,0.0
147.40390872955322,-0.07,0.0,0.0
147.41795110702515,-0.07,0.0,0.0
147.43167757987976,-0.07,0.0,0.0
147.4455337524414,-0.07,0.0,0.0
147.46109557151794,-0.07,0.0,0.0
147.47555875778198,-0.07,0.0,0.0
147.49623680114746,-0.07,0.0,0.0
147.51174783706665,-0.07,0.0,0.0
147.52654433250427,-0.07,0.0,0.0
147.54316997528076,-0.07,0.0,0.0
147.55687618255615,-0.07,0.0,0.0
147.57097029685974,-0.07,0.0,0.0
147.58426976203918,-0.07,0.0,0.0
147.5987467765808,-0.07,0.0,0.0
147.61234974861145,-0.07,0.0,0.0
147.6258704662323,-0.07,0.0,0.0
147.64033961296082,-0.07,0.0,0.0
147.65854811668396,-0.07,0.0,0.0
147.67277789115906,-0.07,0.0,0.0
147.68696284294128,-0.07,0.0,0.0
147.7015700340271,-0.07,0.0,0.0
147.71443676948547,-0.07,0.0,0.0
147.72784686088562,-0.07,0.0,0.0
147.74177289009094,-0.07,0.0,0.0
147.75736141204834,-0.07,0.0,0.0
147.7708933353424,-0.07,0.0,0.0
147.7844340801239,-0.07,0.0,0.0
147.7985384464264,-0.07,0.0,0.0
147.8126277923584,-0.07,0.0,0.0
147.8312268257141,-0.07,0.0,0.0
147.84787440299988,-0.07,0.0,0.0
147.8619782924652,-0.07,0.0,0.0
147.87607860565186,-0.07,0.0,0.0
147.89089393615723,-0.07,0.0,0.0
147.90662717819214,-0.07,0.0,0.0
147.9254858493805,-0.07,0.0,0.0
147.93867683410645,-0.07,0.0,0.0
147.9537992477417,-0.07,0.0,0.0
147.96762871742249,-0.07,0.0,0.0
147.98793482780457,-0.07,0.0,0.0
148.00330090522766,-0.07,0.0,0.0
148.01916480064392,-0.07,0.0,0.0
148.0351529121399,-0.07,0.0,0.0
148.04817938804626,-0.07,0.0,0.0
148.06135034561157,-0.07,0.0,0.0
148.07740688323975,-0.07,0.0,0.0
148.09022974967957,-0.07,0.0,0.0
148.1034801006317,-0.07,0.0,0.0
148.1192581653595,-0.07,0.0,0.0
148.138689994812,-0.07,0.0,0.0
148.15469217300415,-0.07,0.0,0.0
148.16923022270203,-0.07,0.0,0.0
148.18227624893188,-0.07,0.0,0.0
148.19955730438232,-0.07,0.0,0.0
148.21275639533997,-0.07,0.0,0.0
148.22826266288757,-0.07,0.0,0.0
148.24383640289307,-0.07,0.0,0.0
148.25671339035034,-0.07,0.0,0.0
148.27651691436768,-0.07,0.0,0.0
148.29007148742676,-0.07,0.0,0.0
148.30259370803833,-0.07,0.0,0.0
148.31770777702332,-0.07,0.0,0.0
148.3327178955078,-0.07,0.0,0.0
148.34801363945007,-0.07,0.0,0.0
148.36109018325806,-0.07,0.0,0.0
148.3768253326416,-0.07,0.0,0.0
148.4002079963684,-0.07,0.0,0.0
148.4198362827301,-0.07,0.0,0.0
148.43447160720825,-0.07,0.0,0.0
148.4479718208313,-0.07,0.0,0.0
148.46200799942017,-0.07,0.0,0.0
148.47546553611755,-0.07,0.0,0.0
148.48924112319946,-0.07,0.0,0.0
148.50349736213684,-0.07,0.0,0.0
148.5170714855194,-0.07,0.0,0.0
148.5303876399994,-0.07,0.0,0.0
148.5447928905487,-0.07,0.0,0.0
148.55815362930298,-0.07,0.0,0.0
148.57186651229858,-0.07,0.0,0.0
148.5861940383911,-0.07,0.0,0.0
148.59923338890076,-0.07,0.0,0.0
148.6125419139862,-0.07,0.0,0.0
148.62708401679993,-0.07,0.0,0.0
148.64058995246887,-0.07,0.0,0.0
148.65410208702087,-0.07,0.0,0.0
148.66732954978943,-0.07,0.0,0.0
148.68089032173157,-0.07,0.0,0.0
148.69411778450012,-0.07,0.0,0.0
148.7079906463623,-0.07,0.0,0.0
148.7223241329193,-0.07,0.0,0.0
148.739177942276,-0.07,0.0,0.0
148.7530858516693,-0.07,0.0,0.0
148.76690292358398,-0.07,0.0,0.0
148.78127574920654,-0.07,0.0,0.0
148.79888892173767,-0.07,0.0,0.0
148.81394696235657,-0.07,0.0,0.0
148.83363962173462,-0.07,0.0,0.0
148.85165333747864,-0.07,0.0,0.0
148.8666443824768,-0.07,0.0,0.0
148.8810737133026,-0.07,0.0,0.0
148.89682459831238,-0.07,0.0,0.0
148.9100959300995,-0.07,0.0,0.0
148.92529964447021,-0.07,0.0,0.0
148.94255900382996,-0.07,0.0,0.0
148.9570038318634,-0.07,0.0,0.0
148.9700047969818,-0.07,0.0,0.0
148.9850766658783,-0.07,0.0,0.0
148.9991900920868,-0.07,0.0,0.0
149.01274394989014,-0.07,0.0,0.0
149.02757477760315,-0.07,0.0,0.0
149.04325985908508,-0.07,0.0,0.0
149.06090259552002,-0.07,0.0,0.0
149.07619881629944,-0.07,0.0,0.0
149.09106302261353,-0.07,0.0,0.0
149.10499596595764,-0.07,0.0,0.0
149.11830496788025,-0.07,0.0,0.0
149.13255786895752,-0.07,0.0,0.0
149.14595484733582,-0.07,0.0,0.0
149.159681558609,-0.07,0.0,0.0
149.17363500595093,-0.07,0.0,0.0
149.18823337554932,-0.07,0.0,0.0
149.2048044204712,-0.07,0.0,0.0
149.21900701522827,-0.07,0.0,0.0
149.23334336280823,-0.07,0.0,0.0
149.24767923355103,-0.07,0.0,0.0
149.2616000175476,-0.07,0.0,0.0
149.27916860580444,-0.07,0.0,0.0
149.29282236099243,-0.07,0.0,0.0
149.30640983581543,-0.07,0.0,0.0
149.32022976875305,-0.07,0.0,0.0
149.3338499069214,-0.07,0.0,0.0
149.3491334915161,-0.07,0.0,0.0
149.36344695091248,-0.07,0.0,0.0
149.3823320865631,-0.07,0.0,0.0
149.39663219451904,-0.07,0.0,0.0
149.41425108909607,-0.07,0.0,0.0
149.42827486991882,-0.07,0.0,0.0
149.44448709487915,-0.07,0.0,0.0
149.46017503738403,-0.07,0.0,0.0
149.4748649597168,-0.07,0.0,0.0
149.48837327957153,-0.07,0.0,0.0
149.5021629333496,-0.07,0.0,0.0
149.5164783000946,-0.07,0.0,0.0
149.52972555160522,-0.07,0.0,0.0
149.54223465919495,-0.07,0.0,0.0
149.55654644966125,-0.07,0.0,0.0
149.57093405723572,-0.07,0.0,0.0
149.58515167236328,-0.07,0.0,0.0
149.59930896759033,-0.07,0.0,0.0
149.61316466331482,-0.07,0.0,0.0
149.62654209136963,-0.07,0.0,0.0
149.639986038208,-0.07,0.0,0.0
149.653404712677,-0.07,0.0,0.0
149.66688752174377,-0.07,0.0,0.0
149.68138480186462,-0.07,0.0,0.0
149.69492483139038,-0.07,0.0,0.0
149.70820808410645,-0.07,0.0,0.0
149.72245693206787,-0.07,0.0,0.0
149.7361752986908,-0.07,0.0,0.0
149.75043535232544,-0.07,0.0,0.0
149.765869140625,-0.07,0.0,0.0
149.77949166297913,-0.07,0.0,0.0
149.79367327690125,-0.07,0.0,0.0
149.807382106781,-0.07,0.0,0.0
149.8200933933258,-0.07,0.0,0.0
149.83390879631042,-0.07,0.0,0.0
149.8472821712494,-0.07,0.0,0.0
149.86114358901978,-0.07,0.0,0.0
149.87500882148743,-0.07,0.0,0.0
149.8890345096588,-0.07,0.0,0.0
149.90232634544373,-0.07,0.0,0.0
149.9175136089325,-0.07,0.0,0.0
149.93145942687988,-0.07,0.0,0.0
149.94741034507751,-0.07,0.0,0.0
149.96386051177979,-0.07,0.0,0.0
149.97899508476257,-0.07,0.0,0.0
149.99497604370117,-0.07,0.0,0.0
150.00945281982422,-0.07,0.0,0.0
150.02329921722412,-0.07,0.0,0.0
150.03689813613892,-0.07,0.0,0.0
150.05044674873352,-0.07,0.0,0.0
150.06363892555237,-0.07,0.0,0.0
150.07765746116638,-0.07,0.0,0.0
150.09247207641602,-0.07,0.0,0.0
150.10547184944153,-0.07,0.0,0.0
150.11971926689148,-0.07,0.0,0.0
150.13374090194702,-0.07,0.0,0.0
150.14752578735352,-0.07,0.0,0.0
150.16128301620483,-0.07,0.0,0.0
150.17485237121582,-0.07,0.0,0.0
150.18863892555237,-0.07,0.0,0.0
150.20224475860596,-0.07,0.0,0.0
150.22743487358093,-0.07,0.0,60.0
150.2432951927185,-0.08,-0.35,60.0
150.25674176216125,-0.09,-0.78,60.0
150.2713394165039,-0.12,-1.38,60.0
150.28506875038147,-0.16,-2.32,60.0
150.30030965805054,-0.2,-2.89,60.0
150.31408834457397,-0.26,-3.75,60.0
150.32720518112183,-0.33,-4.01,60.0
150.3406708240509,-0.41,-4.29,60.0
150.35445046424866,-0.48,-4.36,60.0
150.36775517463684,-0.55,-4.55,60.0
150.3824484348297,-0.63,-4.65,60.0
150.39892387390137,-0.7,-4.26,60.0
150.4155671596527,-0.78,-4.93,60.0
150.43212175369263,-0.86,-4.79,60.0
150.44647455215454,-0.93,-4.27,60.0
150.46105337142944,-1.0,-3.99,60.0
150.47680926322937,-1.06,-3.78,60.0
150.4912223815918,-1.13,-3.86,60.0
150.5055708885193,-1.19,-3.78,60.0
150.52064514160156,-1.24,-3.34,60.0
150.53773427009583,-1.3,-3.17,60.0
150.55367708206177,-1.35,-2.88,60.0
150.57025694847107,-1.39,-2.62,60.0
150.58963131904602,-1.43,-2.4,60.0
150.605318069458,-1.42,0.18,60.0
150.62005400657654,-1.43,-0.17,60.0
150.63450050354004,-1.43,0.0,60.0
150.65341448783875,-1.43,0.0,60.0
150.6675145626068,-1.43,0.0,60.0
150.6848156452179,-1.43,0.0,60.0
150.69930291175842,-1.43,0.0,60.0
150.71425223350525,-1.43,0.0,60.0
150.72936058044434,-1.43,0.0,60.0
150.74657344818115,-1.43,0.0,60.0
150.7619526386261,-1.43,0.0,60.0
150.77936553955078,-1.43,0.0,60.0
150.7939112186432,-1.43,0.0,60.0
150.80820846557617,-1.43,0.0,60.0
150.8231644630432,-1.43,0.0,60.0
150.84069561958313,-1.43,0.0,60.0
150.85608339309692,-1.43,0.0,60.0
150.8723006248474,-1.43,0.0,60.0
150.88707518577576,-1.43,0.0,60.0
150.90170240402222,-1.43,0.0,60.0
150.91733407974243,-1.43,0.0,60.0
150.9340844154358,-1.43,0.0,60.0
150.94820189476013,-1.43,0.0,60.0
150.9622712135315,-1.43,0.0,60.0
150.97927260398865,-1.43,0.0,60.0
150.99425506591797,-1.43,0.0,60.0
151.01321291923523,-1.43,0.0,60.0
151.02776837348938,-1.43,0.0,60.0
151.0428924560547,-1.43,0.0,60.0
151.05786561965942,-1.43,0.0,60.0
151.07512712478638,-1.43,0.0,60.0
151.08894777297974,-1.43,0.0,60.0
151.10553741455078,-1.43,0.0,60.0
151.11910128593445,-1.43,0.0,60.0
151.13659143447876,-1.43,0.0,60.0
151.15018582344055,-1.43,0.0,60.0
151.16766095161438,-1.43,0.0,60.0
151.1830291748047,-1.43,0.0,60.0
151.20907759666443,-1.42,0.04,0.0
151.22374439239502,-1.42,0.0,0.0
151.23708319664001,-1.42,0.0,0.0
151.25248336791992,-1.42,0.0,0.0
151.26574730873108,-1.42,0.0,0.0
151.28315043449402,-1.42,0.0,0.0
151.29750323295593,-1.42,0.0,0.0
151.3108892440796,-1.42,0.0,0.0
151.3253893852234,-1.42,0.0,0.0
151.33995532989502,-1.42,0.0,0.0
151.35720229148865,-1.42,0.0,0.0
151.3713698387146,-1.42,0.0,0.0
151.38813710212708,-1.42,0.0,0.0
151.40494418144226,-1.42,0.0,0.0
151.42190527915955,-1.42,0.0,0.0
151.43727445602417,-1.42,0.0,0.0
151.4518702030182,-1.42,0.0,0.0
151.46542596817017,-1.42,0.0,0.0
151.48014092445374,-1.42,0.0,0.0
151.49472522735596,-1.42,0.0,0.0
151.50923895835876,-1.42,0.0,0.0
151.5229823589325,-1.42,0.0,0.0
151.53591299057007,-1.42,0.0,0.0
151.5488600730896,-1.42,0.0,0.0
151.56215620040894,-1.42,0.0,0.0
151.5749533176422,-1.42,0.0,0.0
151.5883274078369,-1.42,0.0,0.0
151.6033616065979,-1.42,0.0,0.0
151.61726474761963,-1.42,0.0,0.0
151.63248682022095,-1.42,0.0,0.0
151.6475031375885,-1.42,0.0,0.0
151.66077947616577,-1.42,0.0,0.0
151.67490148544312,-1.42,0.0,0.0
151.68820309638977,-1.42,0.0,0.0
151.70322799682617,-1.42,0.0,0.0
151.71684956550598,-1.42,0.0,0.0
151.7316699028015,-1.42,0.0,0.0
151.75143790245056,-1.42,0.0,0.0
151.7657392024994,-1.42,0.0,0.0
151.77917289733887,-1.42,0.0,0.0
151.7927987575531,-1.42,0.0,0.0
151.806401014328,-1.42,0.0,0.0
151.82083702087402,-1.42,0.0,0.0
151.83475995063782,-1.42,0.0,0.0
151.84873414039612,-1.42,0.0,0.0
151.86313772201538,-1.42,0.0,0.0
151.88021421432495,-1.42,0.0,0.0
151.89546060562134,-1.42,0.0,0.0
151.9095425605774,-1.42,0.0,0.0
151.92450165748596,-1.42,0.0,0.0
151.93850874900818,-1.42,0.0,0.0
151.9526252746582,-1.42,0.0,0.0
151.96762037277222,-1.42,0.0,0.0
151.9817111492157,-1.42,0.0,0.0
151.99908471107483,-1.42,0.0,0.0
152.01540637016296,-1.42,0.0,0.0
152.0290768146515,-1.42,0.0,0.0
152.0460023880005,-1.42,0.0,0.0
152.0610671043396,-1.42,0.0,0.0
152.07623982429504,-1.42,0.0,0.0
152.0909571647644,-1.42,0.0,0.0
152.10384583473206,-1.42,0.0,0.0
152.1174726486206,-1.42,0.0,0.0
152.13111209869385,-1.42,0.0,0.0
152.14515829086304,-1.42,0.0,0.0
152.1589035987854,-1.42,0.0,0.0
152.1735212802887,-1.42,0.0,0.0
152.18710851669312,-1.42,0.0,0.0
152.20155930519104,-1.42,0.0,0.0
152.21895670890808,-1.42,0.0,0.0
152.23403024673462,-1.42,0.0,0.0
152.24765515327454,-1.42,0.0,0.0
152.26194286346436,-1.42,0.0,0.0
152.27962470054626,-1.42,0.0,0.0
152.29434823989868,-1.42,0.0,0.0
152.31110405921936,-1.42,0.0,0.0
152.325421333313,-1.42,0.0,0.0
152.3434398174286,-1.42,0.0,0.0
152.35814833641052,-1.42,0.0,0.0
152.37297892570496,-1.42,0.0,0.0
152.3895239830017,-1.42,0.0,0.0
152.40384101867676,-1.42,0.0,0.0
152.41786217689514,-1.42,0.0,0.0
152.43121099472046,-1.42,0.0,0.0
152.44524955749512,-1.42,0.0,0.0
152.46089005470276,-1.42,0.0,0.0
152.47542715072632,-1.42,0.0,0.0
152.49005007743835,-1.42,0.0,0.0
152.5044288635254,-1.42,0.0,0.0
152.51804661750793,-1.42,0.0,0.0
152.53198623657227,-1.42,0.0,0.0
152.54652571678162,-1.42,0.0,0.0
152.55957102775574,-1.42,0.0,0.0
152.57266640663147,-1.42,0.0,0.0
152.58565711975098,-1.42,0.0,0.0
152.59843564033508,-1.42,0.0,0.0
152.6116054058075,-1.42,0.0,0.0
152.624902009964,-1.42,0.0,0.0
152.6384265422821,-1.42,0.0,0.0
152.65249633789062,-1.42,0.0,0.0
152.66934156417847,-1.42,0.0,0.0
152.68660688400269,-1.42,0.0,0.0
152.70242929458618,-1.42,0.0,0.0
152.71787905693054,-1.42,0.0,0.0
152.7368130683899,-1.42,0.0,0.0
152.75120568275452,-1.42,0.0,0.0
152.76682257652283,-1.42,0.0,0.0
152.78082132339478,-1.42,0.0,0.0
152.7953052520752,-1.42,0.0,0.0
152.8089954853058,-1.42,0.0,0.0
152.82699012756348,-1.42,0.0,0.0
152.84829378128052,-1.42,0.0,0.0
152.86334586143494,-1.42,0.0,0.0
152.87747168540955,-1.42,0.0,0.0
152.8910219669342,-1.42,0.0,0.0
152.90715146064758,-1.42,0.0,0.0
152.92298221588135,-1.42,0.0,0.0
152.9358582496643,-1.42,0.0,0.0
152.9525761604309,-1.42,0.0,0.0
152.9654107093811,-1.42,0.0,0.0
152.97919607162476,-1.42,0.0,0.0
152.99543952941895,-1.42,0.0,0.0
153.00853300094604,-1.42,0.0,0.0
153.0221345424652,-1.42,0.0,0.0
153.0361876487732,-1.42,0.0,0.0
153.05320501327515,-1.42,0.0,0.0
153.06672716140747,-1.42,0.0,0.0
153.0798749923706,-1.42,0.0,0.0
153.09302020072937,-1.42,0.0,0.0
153.10636353492737,-1.42,0.0,0.0
153.11996817588806,-1.42,0.0,0.0
153.1338014602661,-1.42,0.0,0.0
153.1476697921753,-1.42,0.0,0.0
153.1610085964203,-1.42,0.0,0.0
153.1746780872345,-1.42,0.0,0.0
153.18867087364197,-1.42,0.0,0.0
153.20306038856506,-1.42,0.0,0.0
153.21680617332458,-1.42,0.0,0.0
153.23051238059998,-1.42,0.0,0.0
153.24409866333008,-1.42,0.0,0.0
153.25789952278137,-1.42,0.0,0.0
153.27215600013733,-1.42,0.0,0.0
153.28560733795166,-1.42,0.0,0.0
153.29913687705994,-1.42,0.0,0.0
153.31291604042053,-1.42,0.0,0.0
153.32636380195618,-1.42,0.0,0.0
153.3403525352478,-1.42,0.0,0.0
153.35738062858582,-1.42,0.0,0.0
153.37470054626465,-1.42,0.0,0.0
153.39011931419373,-1.42,0.0,0.0
153.4061574935913,-1.42,0.0,0.0
153.42315983772278,-1.42,0.0,0.0
153.4393367767334,-1.42,0.0,0.0
153.45341897010803,-1.42,0.0,0.0
153.4670763015747,-1.42,0.0,0.0
153.48211359977722,-1.42,0.0,0.0
153.49758958816528,-1.42,0.0,0.0
153.51382040977478,-1.42,0.0,0.0
153.52647638320923,-1.42,0.0,0.0
153.54081273078918,-1.42,0.0,0.0
153.55742239952087,-1.42,0.0,0.0
153.5714111328125,-1.42,0.0,0.0
153.58606672286987,-1.42,0.0,0.0
153.59920525550842,-1.42,0.0,0.0
153.6121790409088,-1.42,0.0,0.0
153.62544536590576,-1.42,0.0,0.0
153.63885879516602,-1.42,0.0,0.0
153.65365147590637,-1.42,0.0,0.0
153.66937804222107,-1.42,0.0,0.0
153.68318152427673,-1.42,0.0,0.0
153.6971628665924,-1.42,0.0,0.0
153.71115803718567,-1.42,0.0,0.0
153.72543001174927,-1.42,0.0,0.0
153.74279928207397,-1.42,0.0,0.0
153.7577452659607,-1.42,0.0,0.0
153.77060508728027,-1.42,0.0,0.0
153.78428983688354,-1.42,0.0,0.0
153.7978069782257,-1.42,0.0,0.0
153.8113820552826,-1.42,0.0,0.0
153.82552194595337,-1.42,0.0,0.0
153.83940291404724,-1.42,0.0,0.0
153.85350513458252,-1.42,0.0,0.0
153.8676733970642,-1.42,0.0,0.0
153.88147139549255,-1.42,0.0,0.0
153.89602708816528,-1.42,0.0,0.0
153.9111614227295,-1.42,0.0,0.0
153.92753314971924,-1.42,0.0,0.0
153.9440336227417,-1.42,0.0,0.0
153.9583239555359,-1.42,0.0,0.0
153.9720139503479,-1.42,0.0,0.0
153.98619651794434,-1.42,0.0,0.0
154.0014533996582,-1.42,0.0,0.0
154.0145070552826,-1.42,0.0,0.0
154.0274999141693,-1.42,0.0,0.0
154.04374647140503,-1.42,0.0,0.0
154.0569941997528,-1.42,0.0,0.0
154.07022380828857,-1.42,0.0,0.0
154.08698797225952,-1.42,0.0,0.0
154.1014597415924,-1.42,0.0,0.0
154.11547136306763,-1.42,0.0,0.0
154.12952065467834,-1.42,0.0,0.0
154.14386868476868,-1.42,0.0,0.0
154.15795183181763,-1.42,0.0,0.0
154.1739342212677,-1.42,0.0,0.0
154.1890139579773,-1.42,0.0,0.0
154.20342540740967,-1.42,0.0,0.0
154.220636844635,-1.42,0.0,0.0
154.23525643348694,-1.42,0.0,0.0
154.2496693134308,-1.42,0.0,0.0
154.2635428905487,-1.42,0.0,0.0
154.27980613708496,-1.42,0.0,0.0
154.29555416107178,-1.42,0.0,0.0
154.31098866462708,-1.42,0.0,0.0
154.3252055644989,-1.42,0.0,0.0
154.33956456184387,-1.42,0.0,0.0
154.35323548316956,-1.42,0.0,0.0
154.36737823486328,-1.42,0.0,0.0
154.3813145160675,-1.42,0.0,0.0
154.3962857723236,-1.42,0.0,0.0
154.41067004203796,-1.42,0.0,0.0
154.4250407218933,-1.42,0.0,0.0
154.43895411491394,-1.42,0.0,0.0
154.45273780822754,-1.42,0.0,0.0
154.46671652793884,-1.42,0.0,0.0
154.4801630973816,-1.42,0.0,0.0
154.49390053749084,-1.42,0.0,0.0
154.5087411403656,-1.42,0.0,0.0
154.5218689441681,-1.42,0.0,0.0
154.53478002548218,-1.42,0.0,0.0
154.54784035682678,-1.42,0.0,0.0
154.5611753463745,-1.42,0.0,0.0
154.57501912117004,-1.42,0.0,0.0
154.59185433387756,-1.42,0.0,0.0
154.60716891288757,-1.42,0.0,0.0
154.62385749816895,-1.42,0.0,0.0
154.63858461380005,-1.42,0.0,0.0
154.65644907951355,-1.42,0.0,0.0
154.67198419570923,-1.42,0.0,0.0
154.6874976158142,-1.42,0.0,0.0
154.70227479934692,-1.42,0.0,0.0
154.71645760536194,-1.42,0.0,0.0
154.73029088974,-1.42,0.0,0.0
154.7439000606537,-1.42,0.0,0.0
154.75758528709412,-1.42,0.0,0.0
154.77145266532898,-1.42,0.0,0.0
154.78529238700867,-1.42,0.0,0.0
154.799076795578,-1.42,0.02,0.0
154.81259059906006,-1.41,0.83,0.0
154.82645893096924,-1.4,0.95,0.0
154.84002900123596,-1.39,0.5,0.0
154.85451364517212,-1.38,0.74,0.0
154.8688006401062,-1.36,1.1,0.0
154.88274216651917,-1.33,2.39,0.0
154.89652824401855,-1.29,3.18,0.0
154.9104709625244,-1.23,3.55,0.0
154.92413711547852,-1.17,4.33,0.0
154.93955039978027,-1.11,4.39,0.0
154.95345306396484,-1.05,3.45,0.0
154.96873474121094,-1.01,3.31,0.0
154.98390793800354,-0.96,3.49,0.0
154.99916911125183,-0.9,3.63,0.0
155.0131537914276,-0.83,4.91,0.0
155.02727508544922,-0.75,5.54,0.0
155.04074382781982,-0.67,5.36,0.0
155.05444073677063,-0.6,5.07,0.0
155.07013320922852,-0.54,3.93,0.0
155.08385848999023,-0.49,3.41,0.0
155.09936833381653,-0.45,3.36,0.0
155.1128795146942,-0.4,3.18,0.0
155.12827587127686,-0.36,2.62,0.0
155.1418149471283,-0.31,3.22,0.0
155.15758347511292,-0.27,3.13,0.0
155.17189931869507,-0.23,2.59,0.0
155.18661165237427,-0.19,3.13,0.0
155.2023365497589,-0.14,3.01,0.0
155.21700811386108,-0.1,3.13,0.0
155.232360124588,-0.05,3.49,0.0
155.24757432937622,-0.0,3.0,0.0
155.26502656936646,0.03,1.91,0.0
155.28536248207092,0.04,0.97,0.0
155.2998080253601,0.04,-0.05,0.0
155.31379961967468,0.04,0.0,0.0
155.3270764350891,0.04,-0.02,0.0
155.34054231643677,0.03,-0.19,0.0
155.3548629283905,0.03,-0.42,0.0
155.36919689178467,0.02,-0.54,0.0
155.3831079006195,0.01,-0.59,0.0
155.3970067501068,0.0,-0.65,0.0
155.41081714630127,-0.0,-0.4,0.0
155.42484068870544,-0.0,0.0,0.0
155.43886876106262,-0.0,0.0,0.0
155.45263695716858,-0.0,0.0,0.0
155.46776485443115,-0.0,0.0,0.0
155.48157286643982,-0.0,0.0,0.0
155.49504947662354,-0.0,0.0,0.0
155.5085756778717,-0.0,0.0,0.0
155.52183866500854,-0.0,0.0,0.0
155.5360038280487,-0.0,0.0,0.0
155.5495822429657,-0.0,0.0,0.0
155.56388449668884,-0.0,0.0,0.0
155.57819724082947,-0.0,0.0,0.0
155.5922327041626,-0.0,0.0,0.0
155.60818791389465,-0.0,0.0,0.0
155.62431144714355,-0.0,0.0,0.0
155.64023065567017,-0.0,0.0,0.0
155.65424156188965,-0.0,0.0,0.0
155.668363571167,-0.0,0.0,0.0
155.6819770336151,-0.0,0.0,0.0
155.69593977928162,-0.0,0.0,0.0
155.70988750457764,-0.0,0.0,0.0
155.7235119342804,-0.0,0.0,0.0
155.73829007148743,-0.0,0.0,0.0
155.75456643104553,-0.0,0.0,0.0
155.76876783370972,-0.0,0.0,0.0
155.78459477424622,-0.0,0.0,0.0
155.79945254325867,-0.0,0.0,0.0
155.8131799697876,-0.0,0.0,0.0
155.82772517204285,-0.0,0.0,0.0
155.8416166305542,-0.0,0.0,0.0
155.8559033870697,-0.0,0.0,0.0
155.87017440795898,-0.0,0.0,0.0
155.8842420578003,-0.0,0.0,0.0
155.89967608451843,-0.0,0.0,0.0
155.91440749168396,-0.0,0.0,0.0
155.9297125339508,-0.0,0.0,0.0
155.9459252357483,-0.0,0.0,0.0
155.95955085754395,-0.0,0.0,0.0
155.97312664985657,-0.0,0.0,0.0
155.9881730079651,-0.0,0.0,0.0
156.00274777412415,-0.0,0.0,0.0
156.0165946483612,-0.0,0.0,0.0
156.0303339958191,-0.0,0.0,0.0
156.04319214820862,-0.0,0.0,0.0
156.05780386924744,-0.0,0.0,0.0
156.07147336006165,-0.0,0.0,0.0
156.08607602119446,-0.0,0.0,0.0
156.1033353805542,-0.0,0.0,0.0
156.11714386940002,-0.0,0.0,0.0
156.13174033164978,-0.0,0.0,0.0
156.14567947387695,-0.0,0.0,0.0
156.1602430343628,-0.0,0.0,0.0
156.1735167503357,-0.0,0.0,0.0
156.18770003318787,-0.0,0.0,0.0
156.20153665542603,-0.0,0.0,0.0
156.2191231250763,-0.0,0.0,0.0
156.23503232002258,-0.0,0.0,0.0
156.2503478527069,-0.0,0.0,0.0
156.26406455039978,-0.0,0.0,0.0
156.27975916862488,-0.0,0.0,0.0
156.2931683063507,-0.0,0.0,0.0
156.30990505218506,-0.0,0.0,0.0
156.32642245292664,-0.0,0.0,0.0
156.34209561347961,-0.0,0.0,0.0
156.356285572052,-0.0,0.0,0.0
156.3703806400299,-0.0,0.0,0.0
156.3841142654419,-0.0,0.0,0.0
156.39729571342468,-0.0,0.0,0.0
156.41054821014404,-0.0,0.0,0.0
156.42400693893433,-0.0,0.0,0.0
156.43777799606323,-0.0,0.0,0.0
156.45059514045715,-0.0,0.0,0.0
156.46439695358276,-0.0,0.0,0.0
156.4792447090149,-0.0,0.0,0.0
156.49672746658325,-0.0,0.0,0.0
156.51071643829346,-0.0,0.0,0.0
156.52475833892822,-0.0,0.0,0.0
156.53861212730408,-0.0,0.0,0.0
156.55298519134521,-0.0,0.0,0.0
156.56689524650574,-0.0,0.0,0.0
156.5824031829834,-0.0,0.0,0.0
156.59886264801025,-0.0,0.0,0.0
156.61249494552612,-0.0,0.0,0.0
156.62726545333862,-0.0,0.0,0.0
156.642023563385,-0.0,0.0,0.0
156.65714168548584,-0.0,0.0,0.0
156.67360019683838,-0.0,0.0,0.0
156.68858194351196,-0.0,0.0,0.0
156.701069355011,-0.0,0.0,0.0
156.71437740325928,-0.0,0.0,0.0
156.72882914543152,-0.0,0.0,0.0
156.741792678833,-0.0,0.0,0.0
156.75840020179749,-0.0,0.0,0.0
156.7731261253357,-0.0,0.0,0.0
156.78712058067322,-0.0,0.0,0.0
156.80028676986694,-0.0,0.0,0.0
156.81503582000732,-0.0,0.0,0.0
156.8410222530365,-0.0,0.0,100.0
156.8584806919098,-0.02,-0.91,100.0
156.87188839912415,-0.07,-2.61,100.0
156.88964200019836,-0.14,-4.17,100.0
156.91246485710144,-0.22,-5.16,100.0
156.9265615940094,-0.33,-5.33,100.0
156.94511675834656,-0.43,-6.44,100.0
156.96491026878357,-0.54,-6.05,100.0
156.98017954826355,-0.65,-6.05,100.0
156.99856567382812,-0.76,-6.22,100.0
157.01823949813843,-0.88,-6.62,100.0
157.03575825691223,-0.99,-6.38,100.0
157.04911136627197,-1.09,-5.56,100.0
157.06963515281677,-1.2,-6.25,100.0
157.08784317970276,-1.3,-5.78,100.0
157.1087131500244,-1.4,-5.79,100.0
157.12531423568726,-1.41,-0.77,100.0
157.13963961601257,-1.43,-0.74,100.0
157.1566243171692,-1.43,-0.04,100.0
157.1726269721985,-1.43,0.02,100.0
157.19542336463928,-1.43,0.0,100.0
157.20987725257874,-1.43,0.0,100.0
157.22741866111755,-1.43,0.0,100.0
157.24347162246704,-1.43,0.0,100.0
157.2578251361847,-1.43,0.0,100.0
157.27632570266724,-1.43,0.0,100.0
157.29129076004028,-1.43,0.0,100.0
157.30869054794312,-1.43,0.0,100.0
157.32649326324463,-1.43,0.0,100.0
157.34276819229126,-1.43,0.0,100.0
157.35992622375488,-1.43,0.0,100.0
157.37502312660217,-1.43,0.0,100.0
157.38957118988037,-1.43,0.0,100.0
157.40601205825806,-1.43,0.0,100.0
157.42280340194702,-1.43,0.0,100.0
157.44340705871582,-1.43,0.0,100.0
157.46132588386536,-1.43,0.0,100.0
157.47559213638306,-1.43,0.0,100.0
157.4928493499756,-1.43,0.0,100.0
157.5102174282074,-1.43,0.0,100.0
157.52528476715088,-1.43,0.0,100.0
157.5400471687317,-1.43,0.0,100.0
157.556578874588,-1.43,0.0,100.0
157.57488131523132,-1.43,0.0,100.0
157.59005451202393,-1.43,0.0,100.0
157.60669684410095,-1.43,0.0,100.0
157.62321186065674,-1.43,0.0,100.0
157.64148926734924,-1.43,0.0,100.0
157.65784454345703,-1.43,0.0,100.0
157.67339062690735,-1.43,0.0,100.0
157.69443249702454,-1.43,0.0,100.0
157.71018481254578,-1.43,0.0,100.0
157.72566533088684,-1.43,0.0,100.0
157.74265599250793,-1.43,0.0,100.0
157.7579984664917,-1.43,0.0,100.0
157.7767734527588,-1.43,0.0,100.0
157.7929413318634,-1.43,0.0,100.0
157.80782794952393,-1.43,0.0,100.0
157.82732558250427,-1.43,0.0,100.0
157.85245084762573,-1.43,0.05,0.0
157.86955404281616,-1.42,0.1,0.0
157.883451461792,-1.42,0.02,0.0
157.89742064476013,-1.42,0.0,0.0
157.91109085083008,-1.42,0.0,0.0
157.92517852783203,-1.42,0.0,0.0
157.9388279914856,-1.42,0.0,0.0
157.953795671463,-1.42,0.0,0.0
157.9696180820465,-1.42,0.0,0.0
157.98321104049683,-1.42,0.0,0.0
157.99838209152222,-1.42,0.0,0.0
158.01371216773987,-1.42,0.0,0.0
158.0278935432434,-1.42,0.0,0.0
158.0418782234192,-1.42,0.0,0.0
158.0567283630371,-1.42,0.0,0.0
158.06981444358826,-1.42,0.0,0.0
158.08735370635986,-1.42,0.0,0.0
158.10217189788818,-1.42,0.0,0.0
158.11768555641174,-1.42,0.0,0.0
158.13207006454468,-1.42,0.0,0.0
158.1471288204193,-1.42,0.0,0.0
158.16092085838318,-1.42,0.0,0.0
158.17455172538757,-1.42,0.0,0.0
158.1885757446289,-1.42,0.0,0.0
158.20174932479858,-1.42,0.0,0.0
158.21849465370178,-1.42,0.0,0.0
158.23511004447937,-1.42,0.0,0.0
158.25237584114075,-1.42,0.0,0.0
158.2689507007599,-1.42,0.0,0.0
158.28492379188538,-1.42,0.0,0.0
158.29908442497253,-1.42,0.0,0.0
158.3149392604828,-1.42,0.0,0.0
158.3285412788391,-1.42,0.0,0.0
158.34389209747314,-1.41,0.81,0.0
158.3577606678009,-1.38,2.21,0.0
158.3740382194519,-1.33,3.54,0.0
158.38836431503296,-1.27,4.14,0.0
158.40713334083557,-1.21,4.04,0.0
158.42202067375183,-1.15,4.03,0.0
158.43714046478271,-1.1,3.34,0.0
158.4520502090454,-1.06,3.2,0.0
158.4660084247589,-1.01,3.02,0.0
158.47974920272827,-0.97,2.64,0.0
158.49800491333008,-0.93,3.13,0.0
158.51201725006104,-0.88,3.28,0.0
158.52612137794495,-0.83,3.69,0.0
158.54118537902832,-0.78,3.28,0.0
158.5553891658783,-0.73,3.24,0.0
158.56988739967346,-0.68,3.33,0.0
158.5847511291504,-0.64,3.04,0.0
158.59841561317444,-0.6,2.8,0.0
158.6123652458191,-0.56,2.61,0.0
158.62604570388794,-0.52,2.73,0.0
158.63976883888245,-0.48,2.65,0.0
158.65348839759827,-0.44,2.73,0.0
158.66743922233582,-0.41,2.5,0.0
158.6813268661499,-0.37,2.27,0.0
158.6951642036438,-0.34,2.61,0.0
158.70861554145813,-0.3,2.28,0.0
158.7246232032776,-0.27,2.04,0.0
158.7407877445221,-0.25,1.77,0.0
158.7550790309906,-0.22,1.96,0.0
158.7700810432434,-0.19,1.83,0.0
158.7837996482849,-0.17,1.46,0.0
158.7974066734314,-0.15,1.53,0.0
158.81256413459778,-0.13,1.24,0.0
158.82598233222961,-0.11,1.19,0.0
158.8412961959839,-0.09,1.28,0.0
158.8565583229065,-0.07,1.37,0.0
158.87086009979248,-0.06,1.24,0.0
158.8870768547058,-0.04,0.99,0.0
158.9031946659088,-0.03,0.76,0.0
158.91794061660767,-0.02,0.74,0.0
158.93201756477356,-0.01,0.74,0.0
158.94551038742065,0.0,0.75,0.0
158.95887398719788,0.01,0.75,0.0
158.9727783203125,0.02,0.63,0.0
158.98634719848633,0.03,0.54,0.0
159.00065064430237,0.03,0.46,0.0
159.01511073112488,0.04,0.23,0.0
159.029958486557,0.04,0.02,0.0
159.0440468788147,0.04,0.0,0.0
159.05851006507874,0.04,0.0,0.0
159.07185554504395,0.04,0.0,0.0
159.08515644073486,0.04,0.0,0.0
159.09828567504883,0.04,0.0,0.0
159.11136651039124,0.04,0.0,0.0
159.12431478500366,0.04,-0.05,0.0
159.1373701095581,0.03,-0.21,0.0
159.15067315101624,0.03,-0.21,0.0
159.16449165344238,0.03,-0.34,0.0
159.17815232276917,0.02,-0.41,0.0
159.193030834198,0.01,-0.46,0.0
159.20684385299683,0.0,-0.59,0.0
159.22050166130066,-0.0,-0.43,0.0
159.2347137928009,-0.0,0.0,0.0
159.24863266944885,-0.0,0.0,0.0
159.26258039474487,-0.0,0.0,0.0
159.27884364128113,-0.0,0.0,0.0
159.2924633026123,-0.0,0.0,0.0
159.30626702308655,-0.0,0.0,0.0
159.3206386566162,-0.0,0.0,0.0
159.33430981636047,-0.0,0.0,0.0
159.34785628318787,-0.0,0.0,0.0
159.36122703552246,-0.0,0.0,0.0
159.37462162971497,-0.0,0.0,0.0
159.38839745521545,-0.0,0.0,0.0
159.402517080307,-0.0,0.0,0.0
159.41689205169678,-0.0,0.0,0.0
159.43163347244263,-0.0,0.0,0.0
159.44548082351685,-0.0,0.0,0.0
159.45951390266418,-0.0,0.0,0.0
159.4739351272583,-0.0,0.0,0.0
159.4878213405609,-0.0,0.0,0.0
159.50144982337952,-0.0,0.0,0.0
159.51667022705078,-0.0,0.0,0.0
159.53066897392273,-0.0,0.0,0.0
159.54370141029358,-0.0,0.0,0.0
159.55761694908142,-0.0,0.0,0.0
159.57175302505493,-0.0,0.0,0.0
159.585613489151,-0.0,0.0,0.0
159.601167678833,-0.0,0.0,0.0
159.62980318069458,-0.0,0.0,0.0
159.64513683319092,-0.0,0.0,0.0
159.65939283370972,-0.0,0.0,0.0
159.6740734577179,-0.0,0.0,0.0
159.68812727928162,-0.0,0.0,0.0
159.7026972770691,-0.0,0.0,0.0
159.7162001132965,-0.0,0.0,0.0
159.7291305065155,-0.0,0.0,0.0
159.74425864219666,-0.0,0.0,0.0
159.758282661438,-0.0,0.0,0.0
159.7726182937622,-0.0,0.0,0.0
159.78598523139954,-0.0,0.0,0.0
159.8000226020813,-0.0,0.0,0.0
159.8139991760254,-0.0,0.0,0.0
159.82957935333252,-0.0,0.0,0.0
159.84763836860657,-0.0,0.0,0.0
159.8620731830597,-0.0,0.0,0.0
159.87574791908264,-0.0,0.0,0.0
159.89032578468323,-0.0,0.0,0.0
159.90424633026123,-0.0,0.0,0.0
159.91815400123596,-0.0,0.0,0.0
159.93196964263916,-0.0,0.0,0.0
159.94592905044556,-0.0,0.0,0.0
159.959547996521,-0.0,0.0,0.0
159.97331976890564,-0.0,0.0,0.0
159.98727202415466,-0.0,0.0,0.0
160.00113773345947,-0.0,0.0,0.0
160.0146975517273,-0.0,0.0,0.0
160.0286283493042,-0.0,0.0,0.0
160.04227662086487,-0.0,0.0,0.0
160.05649971961975,-0.0,0.0,0.0
160.07063221931458,-0.0,0.0,0.0
160.08444595336914,-0.0,0.0,0.0
160.0984079837799,-0.0,0.0,0.0
160.11204409599304,-0.0,0.0,0.0
160.12737703323364,-0.0,0.0,0.0
160.14189553260803,-0.0,0.0,0.0
160.15635442733765,-0.0,0.0,0.0
160.17041873931885,-0.0,0.0,0.0
160.1844732761383,-0.0,0.0,0.0
160.20046138763428,-0.0,0.0,0.0
160.21451663970947,-0.0,0.0,0.0
160.22879910469055,-0.0,0.0,0.0
160.2428493499756,-0.0,0.0,0.0
160.25779461860657,-0.0,0.0,0.0
160.27594685554504,-0.0,0.0,0.0
160.28953385353088,-0.0,0.0,0.0
160.30439400672913,-0.0,0.0,0.0
160.31859636306763,-0.0,0.0,0.0
160.33304953575134,-0.0,0.0,0.0
160.34703135490417,-0.0,0.0,0.0
160.36142206192017,-0.0,0.0,0.0
160.3763620853424,-0.0,0.0,0.0
160.39100813865662,-0.0,0.0,0.0
160.41128993034363,-0.0,0.0,0.0
160.4286618232727,-0.0,0.0,0.0
160.4495129585266,-0.0,0.0,0.0
160.47029852867126,-0.0,0.0,0.0
160.4858820438385,-0.0,0.0,0.0
160.503990650177,-0.0,0.0,0.0
160.51957154273987,-0.0,0.0,0.0
160.53363490104675,-0.0,0.0,0.0
160.5476415157318,-0.0,0.0,0.0
160.56257390975952,-0.0,0.0,0.0
160.57667779922485,-0.0,0.0,0.0
160.59065866470337,-0.0,0.0,0.0
160.60538721084595,-0.0,0.0,0.0
160.61907720565796,-0.0,0.0,0.0
160.63291358947754,-0.0,0.0,0.0
160.6474735736847,-0.0,0.0,0.0
160.66133975982666,-0.0,0.0,0.0
160.67496824264526,-0.0,0.0,0.0
160.68914771080017,-0.0,0.0,0.0
160.70303082466125,-0.0,0.0,0.0
160.71764540672302,-0.0,0.0,0.0
160.73223328590393,-0.0,0.0,0.0
160.7458622455597,-0.0,0.0,0.0
160.76339673995972,-0.0,0.0,0.0
160.7780363559723,-0.0,0.0,0.0
160.79139637947083,-0.0,0.0,0.0
160.8059537410736,-0.0,0.0,0.0
160.82097864151,-0.0,0.0,0.0
160.834819316864,-0.0,0.0,0.0
160.84859561920166,-0.0,0.0,0.0
160.86339449882507,-0.0,0.0,0.0
160.87686014175415,-0.0,0.0,0.0
160.89054083824158,-0.0,0.0,0.0
160.90466046333313,-0.0,0.0,0.0
160.9186396598816,-0.0,0.0,0.0
160.93187189102173,-0.0,0.0,0.0
160.94608759880066,-0.0,0.0,0.0
160.960040807724,-0.0,0.0,0.0
160.97414660453796,-0.0,0.0,0.0
160.98839735984802,-0.0,0.0,0.0
161.00226211547852,-0.0,0.0,0.0
161.0159456729889,-0.0,0.0,0.0
161.03003907203674,-0.0,0.0,0.0
161.04380226135254,-0.0,0.0,0.0
161.05761623382568,-0.0,0.0,0.0
161.07063841819763,-0.0,0.0,0.0
161.0841417312622,-0.0,0.0,0.0
161.09755063056946,-0.0,0.0,0.0
161.11208820343018,-0.0,0.0,0.0
161.1260416507721,-0.0,0.0,0.0
161.14073252677917,-0.0,0.0,0.0
161.15418648719788,-0.0,0.0,0.0
161.1681478023529,-0.0,0.0,0.0
161.1826229095459,-0.0,0.0,0.0
161.1960141658783,-0.0,0.0,0.0
161.20991492271423,-0.0,0.0,0.0
161.22386169433594,-0.0,0.0,0.0
161.2383201122284,-0.0,0.0,0.0
161.25217986106873,-0.0,0.0,0.0
161.26761674880981,-0.0,0.0,0.0
161.28112411499023,-0.0,0.0,0.0
161.29814434051514,-0.0,0.0,0.0
161.31297278404236,-0.0,0.0,0.0
161.3295111656189,-0.0,0.0,0.0
161.34596037864685,-0.0,0.0,0.0
161.36420822143555,-0.0,0.0,0.0
161.3784463405609,-0.0,0.0,0.0
161.39289927482605,-0.0,0.0,0.0
161.40742897987366,-0.0,0.0,0.0
161.4226839542389,-0.0,0.0,0.0
161.43666076660156,-0.0,0.0,0.0
161.44989132881165,-0.0,0.0,0.0
161.4630401134491,-0.0,0.0,0.0
161.4789412021637,-0.0,0.0,0.0
161.4931480884552,-0.0,0.0,0.0
161.5083990097046,-0.0,0.0,0.0
161.52235174179077,-0.0,0.0,0.0
161.53619027137756,-0.0,0.0,0.0
161.54939222335815,-0.0,0.0,0.0
161.56516575813293,-0.0,0.0,0.0
161.58012056350708,-0.0,0.0,0.0
161.5965118408203,-0.0,0.0,0.0
161.61241936683655,-0.0,0.0,0.0
161.62649083137512,-0.0,0.0,0.0
161.64109921455383,-0.0,0.0,0.0
161.65512871742249,-0.0,0.0,0.0
161.66937708854675,-0.0,0.0,0.0
161.68475151062012,-0.0,0.0,0.0
161.69796085357666,-0.0,0.0,0.0
161.71291279792786,-0.0,0.0,0.0
161.72918486595154,-0.0,0.0,0.0
161.74438762664795,-0.0,0.0,0.0
161.75991892814636,-0.0,0.0,0.0
161.7749388217926,-0.0,0.0,0.0
161.79027342796326,-0.0,0.0,0.0
161.80571174621582,-0.0,0.0,0.0
161.81973099708557,-0.0,0.0,0.0
161.83350801467896,-0.0,0.0,0.0
161.84711623191833,-0.0,0.0,0.0
161.86147022247314,-0.0,0.0,0.0
161.87652468681335,-0.0,0.0,0.0
161.890065908432,-0.0,0.0,0.0
161.9039340019226,-0.0,0.0,0.0
161.91767239570618,-0.0,0.0,0.0
161.93126964569092,-0.0,0.0,0.0
161.94467449188232,-0.0,0.0,0.0
161.95828819274902,-0.0,0.0,0.0
161.97257947921753,-0.0,0.0,0.0
161.98599791526794,-0.0,0.0,0.0
161.99972224235535,-0.0,0.0,0.0
162.01519751548767,-0.0,0.0,0.0
162.02938055992126,-0.0,0.0,0.0
162.04351782798767,-0.0,0.0,0.0
162.0573856830597,-0.0,0.0,0.0
162.0712263584137,-0.0,0.0,0.0
162.08507990837097,-0.0,0.0,0.0
162.09821963310242,-0.0,0.0,0.0
162.11149621009827,-0.0,0.0,0.0
162.12552452087402,-0.0,0.0,0.0
162.13902306556702,-0.0,0.0,0.0
162.15268301963806,-0.0,0.0,0.0
162.1665530204773,-0.0,0.0,0.0
162.18141341209412,-0.0,0.0,0.0
162.19539999961853,-0.0,0.0,0.0
162.21112966537476,-0.0,0.0,0.0
162.2257444858551,-0.0,0.0,0.0
162.23975157737732,-0.0,0.0,0.0
162.25507593154907,-0.0,0.0,0.0
162.27071166038513,-0.0,0.0,0.0
162.2866370677948,-0.0,0.0,0.0
162.3003113269806,-0.0,0.0,0.0
162.31492233276367,-0.0,0.0,0.0
162.32891035079956,-0.0,0.0,0.0
162.3438847064972,-0.0,0.0,0.0
162.36186051368713,-0.0,0.0,0.0
162.37618803977966,-0.0,0.0,0.0
162.39040398597717,-0.0,0.0,0.0
162.4046905040741,-0.0,0.0,0.0
162.41881823539734,-0.0,0.0,0.0
162.43373799324036,-0.0,0.0,0.0
162.44749808311462,-0.0,0.0,0.0
162.46132278442383,-0.0,0.0,0.0
162.4755265712738,-0.0,0.0,0.0
162.48927545547485,-0.0,0.0,0.0
162.50304412841797,-0.0,0.0,0.0
162.51826167106628,-0.0,0.0,0.0
162.53229069709778,-0.0,0.0,0.0
162.5463638305664,-0.0,0.0,0.0
162.56047344207764,-0.0,0.0,0.0
162.57522177696228,-0.0,0.0,0.0
162.58897280693054,-0.0,0.0,0.0
162.60346817970276,-0.0,0.0,0.0
162.61710238456726,-0.0,0.0,0.0
162.63391208648682,-0.0,0.0,0.0
162.6477029323578,-0.0,0.0,0.0
162.66138529777527,-0.0,0.0,0.0
162.67902255058289,-0.0,0.0,0.0
162.69453859329224,-0.0,0.0,0.0
162.707763671875,-0.0,0.0,0.0
162.72342562675476,-0.0,0.0,0.0
162.7379961013794,-0.0,0.0,0.0
162.75202226638794,-0.0,0.0,0.0
162.7665660381317,-0.0,0.0,0.0
162.78042149543762,-0.0,0.0,0.0
162.7942316532135,-0.0,0.0,0.0
162.80930256843567,-0.0,0.0,0.0
162.82342004776,-0.0,0.0,0.0
162.83868885040283,-0.0,0.0,0.0
162.85295033454895,-0.0,0.0,0.0
162.86671566963196,-0.0,0.0,0.0
162.8808238506317,-0.0,0.0,0.0
162.89471912384033,-0.0,0.0,0.0
162.90870308876038,-0.0,0.0,0.0
162.92343163490295,-0.0,0.0,0.0
162.93958568572998,-0.0,0.0,0.0
162.95398664474487,-0.0,0.0,0.0
162.96887755393982,-0.0,0.0,0.0
162.98441576957703,-0.0,0.0,0.0
162.99846649169922,-0.0,0.0,0.0
163.0129199028015,-0.0,0.0,0.0
163.02734470367432,-0.0,0.0,0.0
163.04146885871887,-0.0,0.0,0.0
163.05724143981934,-0.0,0.0,0.0
163.07117676734924,-0.0,0.0,0.0
163.08510279655457,-0.0,0.0,0.0
163.10004138946533,-0.0,0.0,0.0
163.11394453048706,-0.0,0.0,0.0
163.12952256202698,-0.0,0.0,0.0
163.1438069343567,-0.0,0.0,0.0
163.1585931777954,-0.0,0.0,0.0
163.17430520057678,-0.0,0.0,0.0
163.18833470344543,-0.0,0.0,0.0
163.20247673988342,-0.0,0.0,0.0
163.21741580963135,-0.0,0.0,0.0
163.23163032531738,-0.0,0.0,0.0
163.24571418762207,-0.0,0.0,0.0
163.259033203125,-0.0,0.0,0.0
163.27255368232727,-0.0,0.0,0.0
163.28946614265442,-0.0,0.0,0.0
163.30375337600708,-0.0,0.0,0.0
163.31823873519897,-0.0,0.0,0.0
163.33306527137756,-0.0,0.0,0.0
163.346937417984,-0.0,0.0,0.0
163.36184120178223,-0.0,0.0,0.0
163.3757770061493,-0.0,0.0,0.0
163.3908805847168,-0.0,0.0,0.0
163.40493965148926,-0.0,0.0,0.0
163.41879200935364,-0.0,0.0,0.0
163.43298387527466,-0.0,0.0,0.0
163.44978713989258,-0.0,0.0,0.0
163.46469974517822,-0.0,0.0,0.0
163.47904229164124,-0.0,0.0,0.0
163.4936056137085,-0.0,0.0,0.0
163.5070948600769,-0.0,0.0,0.0
163.52329325675964,-0.0,0.0,0.0
163.53943705558777,-0.0,0.0,0.0
163.55640959739685,-0.0,0.0,0.0
163.57102417945862,-0.0,0.0,0.0
163.58455657958984,-0.0,0.0,0.0
163.59888863563538,-0.0,0.0,0.0
163.61143612861633,-0.0,0.0,0.0
163.6249098777771,-0.0,0.0,0.0
163.6380684375763,-0.0,0.0,0.0
163.65171813964844,-0.0,0.0,0.0
163.6649513244629,-0.0,0.0,0.0
163.68123269081116,-0.0,0.0,0.0
163.6947376728058,-0.0,0.0,0.0
163.7103168964386,-0.0,0.0,0.0
163.72594904899597,-0.0,0.0,0.0
163.73960304260254,-0.0,0.0,0.0
163.7562072277069,-0.0,0.0,0.0
163.770525932312,-0.0,0.0,0.0
163.78651475906372,-0.0,0.0,0.0
163.80604004859924,-0.0,0.0,0.0
163.82063269615173,-0.0,0.0,0.0
163.83549404144287,-0.0,0.0,0.0
163.85157442092896,-0.0,0.0,0.0
163.86674737930298,-0.0,0.0,0.0
163.884046792984,-0.0,0.0,0.0
163.89890217781067,-0.0,0.0,0.0
163.91270971298218,-0.0,0.0,0.0
163.92637276649475,-0.0,0.0,0.0
163.94038558006287,-0.0,0.0,0.0
163.96060276031494,-0.0,0.0,0.0
163.9737958908081,-0.0,0.0,0.0
163.98797297477722,-0.0,0.0,0.0
164.0045485496521,-0.0,0.0,0.0
164.02037739753723,-0.0,0.0,0.0
164.03511452674866,-0.0,0.0,0.0
164.0493712425232,-0.0,0.0,0.0
164.06306266784668,-0.0,0.0,0.0
164.0764865875244,-0.0,0.0,0.0
164.0902223587036,-0.0,0.0,0.0
164.10297846794128,-0.0,0.0,0.0
164.1185703277588,-0.0,0.0,0.0
164.13218212127686,-0.0,0.0,0.0
164.14543271064758,-0.0,0.0,0.0
164.15934658050537,-0.0,0.0,0.0
164.17482590675354,-0.0,0.0,0.0
164.18878722190857,-0.0,0.0,0.0
164.20228099822998,-0.0,0.0,0.0
164.2151529788971,-0.0,0.0,0.0
164.22900462150574,-0.0,0.0,0.0
164.24327731132507,-0.0,0.0,0.0
164.25686645507812,-0.0,0.0,0.0
164.2701280117035,-0.0,0.0,0.0
164.2849473953247,-0.0,0.0,0.0
164.30032658576965,-0.0,0.0,0.0
164.31450057029724,-0.0,0.0,0.0
164.32887983322144,-0.0,0.0,0.0
164.3428385257721,-0.0,0.0,0.0
164.35672807693481,-0.0,0.0,0.0
164.37051248550415,-0.0,0.0,0.0
164.38425421714783,-0.0,0.0,0.0
164.39761352539062,-0.0,0.0,0.0
164.4106240272522,-0.0,0.0,0.0
164.4240198135376,-0.0,0.0,0.0
164.43996357917786,-0.0,0.0,0.0
164.45378255844116,-0.0,0.0,0.0
164.4695999622345,-0.0,0.0,0.0
164.4823842048645,-0.0,0.0,0.0
164.4981415271759,-0.0,0.0,0.0
164.51247549057007,-0.0,0.0,0.0
164.5260910987854,-0.0,0.0,0.0
164.54288864135742,-0.0,0.0,0.0
164.55654048919678,-0.0,0.0,0.0
164.57045364379883,-0.0,0.0,0.0
164.5839855670929,-0.0,0.0,0.0
164.59912014007568,-0.0,0.0,0.0
164.6167221069336,-0.0,0.0,0.0
164.631005525589,-0.0,0.0,0.0
164.64489483833313,-0.0,0.0,0.0
164.66004061698914,-0.0,0.0,0.0
164.6738097667694,-0.0,0.0,0.0
164.68781161308289,-0.0,0.0,0.0
164.7018904685974,-0.0,0.0,0.0
164.71591186523438,-0.0,0.0,0.0
164.72993087768555,-0.0,0.0,0.0
164.7477309703827,-0.0,0.0,0.0
164.7645230293274,-0.0,0.0,0.0
164.78009939193726,-0.0,0.0,0.0
164.79726910591125,-0.0,0.0,0.0
164.81628227233887,-0.0,0.0,0.0
164.83176589012146,-0.0,0.0,0.0
164.84555411338806,-0.0,0.0,0.0
164.86245393753052,-0.0,0.0,0.0
164.876615524292,-0.0,0.0,0.0
164.89113068580627,-0.0,0.0,0.0
164.907395362854,-0.0,0.0,0.0
164.92283463478088,-0.0,0.0,0.0
164.93870568275452,-0.0,0.0,0.0
164.9530758857727,-0.0,0.0,0.0
164.96706748008728,-0.0,0.0,0.0
164.98118042945862,-0.0,0.0,0.0
164.99564290046692,-0.0,0.0,0.0
165.00944018363953,-0.0,0.0,0.0
165.02291250228882,-0.0,0.0,0.0
165.03663158416748,-0.0,0.0,0.0
165.05046486854553,-0.0,0.0,0.0
165.06699514389038,-0.0,0.0,0.0
165.08052730560303,-0.0,0.0,0.0
165.0950357913971,-0.0,0.0,0.0
165.1082570552826,-0.0,0.0,0.0
165.12211871147156,-0.0,0.0,0.0
165.13527965545654,-0.0,0.0,0.0
165.14856219291687,-0.0,0.0,0.0
165.16276860237122,-0.0,0.0,0.0
165.17599368095398,-0.0,0.0,0.0
165.18930983543396,-0.0,0.0,0.0
165.2027325630188,-0.0,0.0,0.0
165.21584677696228,-0.0,0.0,0.0
165.22932696342468,-0.0,0.0,0.0
165.24289536476135,-0.0,0.0,0.0
165.2566957473755,-0.0,0.0,0.0
165.27869033813477,-0.0,0.0,0.0
165.29210996627808,-0.0,0.0,0.0
165.3058955669403,-0.0,0.0,0.0
165.3197102546692,-0.0,0.0,0.0
193.00875091552734,0.0,0.0,0.0
193.0267264842987,-0.0,0.0,0.0
193.04487895965576,-0.0,0.0,0.0
193.06644558906555,-0.0,0.0,0.0
193.09300708770752,-0.0,0.0,0.0
193.11077404022217,-0.0,0.0,0.0
193.1283473968506,-0.0,0.0,0.0
193.14656233787537,-0.0,0.0,0.0
193.16563177108765,-0.0,0.0,0.0
193.18266701698303,-0.0,0.0,0.0
193.19907641410828,-0.0,0.0,0.0
193.21508693695068,-0.0,0.0,0.0
193.93592500686646,0.0,0.0,0.0
193.95733189582825,0.0,0.0,0.0
193.97815871238708,0.0,0.0,0.0
194.0004870891571,0.0,0.0,0.0
194.02206754684448,0.0,0.0,0.0
194.03956055641174,0.0,0.0,0.0
194.05987906455994,0.0,0.0,0.0
194.07418036460876,0.0,0.0,0.0
194.09010004997253,0.0,0.0,0.0
194.1058704853058,0.0,0.0,0.0
194.12485122680664,0.0,0.0,0.0
194.14098858833313,0.0,0.0,0.0
194.15992951393127,0.0,0.0,0.0
194.17694449424744,0.0,0.0,0.0
194.1943290233612,0.0,0.0,0.0
194.21257305145264,0.0,0.0,0.0
194.23049330711365,0.0,0.0,0.0
194.24508213996887,0.0,0.0,0.0
194.26307892799377,0.0,0.0,0.0
194.28301072120667,0.0,0.0,0.0
194.29916143417358,0.0,0.0,0.0
194.314843416214,0.0,0.0,0.0
194.33459162712097,0.0,0.0,0.0
194.34885430335999,0.0,0.0,0.0
194.36280965805054,0.0,0.0,0.0
194.37632989883423,0.0,0.0,0.0
194.39055252075195,0.0,0.0,0.0
194.40442657470703,0.0,0.0,0.0
194.41997122764587,0.0,0.0,0.0
194.43741297721863,0.0,0.0,0.0
194.45330262184143,0.0,0.0,0.0
194.46717047691345,0.0,0.0,0.0
194.4811041355133,0.0,0.0,0.0
194.49506521224976,0.0,0.0,0.0
194.50987768173218,0.0,0.0,0.0
194.5272343158722,0.0,0.0,0.0
194.54491329193115,0.0,0.0,0.0
194.56370401382446,0.0,0.0,0.0
194.58140778541565,0.0,0.0,0.0
194.59732913970947,0.0,0.0,0.0
194.61274337768555,0.0,0.0,0.0
194.62887382507324,0.0,0.0,0.0
194.6461865901947,0.0,0.0,0.0
194.6611111164093,0.0,0.0,0.0
194.67418456077576,0.0,0.0,0.0
194.6899116039276,0.0,0.0,0.0
194.70737314224243,0.0,0.0,0.0
194.72334098815918,0.0,0.0,0.0
194.74089550971985,0.0,0.0,0.0
194.75451564788818,0.0,0.0,0.0
194.76928162574768,0.0,0.0,0.0
194.78576374053955,0.0,0.0,0.0
194.800434589386,0.0,0.0,0.0
194.81461095809937,0.0,0.0,0.0
194.8290467262268,0.0,0.0,0.0
194.84535264968872,0.0,0.0,0.0
194.85981512069702,0.0,0.0,0.0
194.87510681152344,0.0,0.0,0.0
194.88900136947632,0.0,0.0,0.0
194.90358686447144,0.0,0.0,0.0
194.91905784606934,0.0,0.0,0.0
194.93357038497925,0.0,0.0,0.0
194.95700812339783,0.0,0.0,0.0
194.9723174571991,0.0,0.0,0.0
194.98723030090332,0.0,0.0,0.0
195.00247406959534,0.0,0.0,0.0
195.0174684524536,0.0,0.0,0.0
195.0439281463623,0.0,0.0,10.0
195.06232380867004,-0.0,-0.04,10.0
195.07598686218262,-0.0,-0.12,10.0
195.0892789363861,-0.0,-0.13,10.0
195.10312390327454,-0.01,-0.08,10.0
195.1198902130127,-0.01,-0.04,10.0
195.1445653438568,-0.01,-0.01,0.0
195.15739917755127,-0.01,0.0,0.0
195.1719434261322,-0.01,0.0,0.0
195.18707275390625,-0.01,0.0,0.0
195.20136737823486,-0.01,0.0,0.0
195.21818256378174,-0.01,0.0,0.0
195.2315640449524,-0.01,0.0,0.0
195.24717736244202,-0.01,0.0,0.0
195.26117634773254,-0.01,0.0,0.0
195.2775959968567,-0.01,0.0,0.0
195.29098081588745,-0.01,0.0,0.0
195.30533242225647,-0.01,0.0,0.0
195.3228404521942,-0.01,0.0,0.0
195.34050130844116,-0.01,0.0,0.0
195.35554552078247,-0.01,0.0,0.0
195.37214064598083,-0.01,0.0,0.0
195.38662004470825,-0.01,0.0,0.0
195.4010305404663,-0.01,0.0,0.0
195.4163258075714,-0.01,0.0,0.0
195.43456649780273,-0.01,0.0,0.0
195.4504039287567,-0.01,0.0,0.0
195.46635699272156,-0.01,0.0,0.0
195.48108172416687,-0.01,0.0,0.0
195.49770259857178,-0.01,0.0,0.0
195.51301765441895,-0.01,0.0,0.0
195.52916383743286,-0.01,0.0,0.0
195.54253673553467,-0.01,0.0,0.0
195.55636739730835,-0.01,0.0,0.0
195.57061004638672,-0.01,0.0,0.0
195.58472084999084,-0.01,0.0,0.0
195.59876036643982,-0.01,0.0,0.0
195.61386585235596,-0.01,0.0,0.0
195.62909173965454,-0.01,0.0,0.0
195.64403438568115,-0.01,0.0,0.0
195.659108877182,-0.01,0.0,0.0
195.67336201667786,-0.01,0.0,0.0
195.68826270103455,-0.01,0.0,0.0
195.7035927772522,-0.01,0.0,0.0
195.71893429756165,-0.01,0.0,0.0
195.7357268333435,-0.01,0.0,0.0
195.75003004074097,-0.01,0.0,0.0
195.76408553123474,-0.01,0.0,0.0
195.77857089042664,-0.01,0.0,0.0
195.79289364814758,-0.01,0.0,0.0
195.80684518814087,-0.01,0.0,0.0
195.8212866783142,-0.01,0.0,0.0
195.83711409568787,-0.01,0.0,0.0
195.85190606117249,-0.01,0.0,0.0
195.86861848831177,-0.01,0.0,0.0
195.8837161064148,-0.01,0.0,0.0
195.8984887599945,-0.01,0.0,0.0
195.91274857521057,-0.01,0.0,0.0
195.9276032447815,-0.01,0.0,0.0
195.94314122200012,-0.01,0.0,0.0
195.95843839645386,-0.01,0.0,0.0
195.97454810142517,-0.01,0.0,0.0
195.99089908599854,-0.01,0.0,0.0
196.00615811347961,-0.01,0.0,0.0
196.02234387397766,-0.01,0.0,0.0
196.0378065109253,-0.01,0.0,0.0
196.05379271507263,-0.01,0.0,0.0
196.06893062591553,-0.01,0.0,0.0
196.086407661438,-0.01,0.0,0.0
196.1028139591217,-0.01,0.0,0.0
196.1176221370697,-0.01,0.0,0.0
196.13195776939392,-0.01,0.0,0.0
196.1464343070984,-0.01,0.0,0.0
196.15995001792908,-0.01,0.0,0.0
196.17419242858887,-0.01,0.0,0.0
196.18984651565552,-0.01,0.0,0.0
196.20618295669556,-0.01,0.0,0.0
196.22141313552856,-0.01,0.0,0.0
196.2363042831421,-0.01,0.0,0.0
196.2503125667572,-0.01,0.0,0.0
196.26369619369507,-0.01,0.0,0.0
196.27993321418762,-0.01,0.0,0.0
196.29359698295593,-0.01,0.0,0.0
196.3081681728363,-0.01,0.0,0.0
196.32416319847107,-0.01,0.0,0.0
196.33874082565308,-0.01,0.0,0.0
196.35154247283936,-0.01,0.0,0.0
196.36478519439697,-0.01,0.0,0.0
196.37873530387878,-0.01,0.0,0.0
196.39213061332703,-0.01,0.0,0.0
196.406662940979,-0.01,0.0,0.0
196.4207763671875,-0.01,0.0,0.0
196.4365749359131,-0.01,0.0,0.0
196.45084357261658,-0.01,0.0,0.0
196.4647970199585,-0.01,0.0,0.0
196.47882986068726,-0.01,0.0,0.0
196.49237632751465,-0.01,0.0,0.0
196.5071976184845,-0.01,0.0,0.0
196.52360105514526,-0.01,0.0,0.0
196.5400424003601,-0.01,0.0,0.0
196.5561866760254,-0.01,0.0,0.0
196.57083940505981,-0.01,0.0,0.0
196.585134267807,-0.01,0.0,0.0
196.59913277626038,-0.01,0.0,0.0
196.61267590522766,-0.01,0.0,0.0
196.62569522857666,-0.01,0.0,0.0
196.63885521888733,-0.01,0.0,0.0
196.65274333953857,-0.01,0.0,0.0
196.66901636123657,-0.01,0.0,0.0
196.68303751945496,-0.01,0.0,0.0
196.69732189178467,-0.01,0.0,0.0
196.7111873626709,-0.01,0.0,0.0
196.72466325759888,-0.01,0.0,0.0
196.74009156227112,-0.01,0.0,0.0
196.75541877746582,-0.01,0.0,0.0
196.77000164985657,-0.01,0.0,0.0
196.78333592414856,-0.01,0.0,0.0
196.79958868026733,-0.01,0.0,0.0
196.8147714138031,-0.01,0.0,0.0
196.83071112632751,-0.01,0.0,0.0
196.84499263763428,-0.01,0.0,0.0
196.8596155643463,-0.01,0.0,0.0
196.8744626045227,-0.01,0.0,0.0
196.88785028457642,-0.01,0.0,0.0
196.9019672870636,-0.01,0.0,0.0
196.91655921936035,-0.01,0.0,0.0
196.9306321144104,-0.01,0.0,0.0
196.944575548172,-0.01,0.0,0.0
196.95838475227356,-0.01,0.0,0.0
196.97230887413025,-0.01,0.0,0.0
196.9877166748047,-0.01,0.0,0.0
197.00216960906982,-0.01,0.0,0.0
197.01613998413086,-0.01,0.0,0.0
197.03018879890442,-0.01,0.0,0.0
197.0447850227356,-0.01,0.0,0.0
197.05819725990295,-0.01,0.0,0.0
197.07204961776733,-0.01,0.0,0.0
197.08787536621094,-0.01,0.0,0.0
197.10199308395386,-0.01,0.0,0.0
197.11616206169128,-0.01,0.0,0.0
197.12972855567932,-0.01,0.0,0.0
197.14462113380432,-0.01,0.0,0.0
197.15957045555115,-0.01,0.0,0.0
197.1747007369995,-0.01,0.0,0.0
197.19003033638,-0.01,0.0,0.0
197.20442414283752,-0.01,0.0,0.0
197.2197949886322,-0.01,0.0,0.0
197.23417687416077,-0.01,0.0,0.0
197.2475607395172,-0.01,0.0,0.0
197.26132130622864,-0.01,0.0,0.0
197.2764594554901,-0.01,0.0,0.0
210.45610284805298,-0.0,0.0,0.0
210.49008584022522,-0.0,0.0,0.0
210.507581949234,-0.0,0.0,0.0
210.5237853527069,-0.0,0.0,0.0
210.53977131843567,-0.0,0.0,0.0
210.55468559265137,-0.0,0.0,0.0
210.56889057159424,-0.0,0.0,0.0
210.58421444892883,-0.0,0.0,0.0
210.59853959083557,-0.0,0.0,0.0
211.36305332183838,0.0,0.0,0.0
211.37833881378174,0.0,0.0,0.0
211.39300203323364,0.0,0.0,0.0
211.40818691253662,0.0,0.0,0.0
211.42320203781128,0.0,0.0,0.0
211.4376654624939,0.0,0.0,0.0
211.4518587589264,0.0,0.0,0.0
211.47353076934814,0.0,0.0,0.0
211.48770332336426,0.0,0.0,0.0
211.50243973731995,0.0,0.0,0.0
211.5176899433136,0.0,0.0,0.0
211.53119134902954,0.0,0.0,0.0
211.54795575141907,0.0,0.0,0.0
211.56179308891296,0.0,0.0,0.0
211.57802319526672,0.0,0.0,0.0
211.59130358695984,0.0,0.0,0.0
211.6048936843872,0.0,0.0,0.0
211.6187264919281,0.0,0.0,0.0
211.63412714004517,0.0,0.0,0.0
211.64990043640137,0.0,0.0,0.0
211.66535449028015,0.0,0.0,0.0
211.68242764472961,0.0,0.0,0.0
211.69901084899902,0.0,0.0,0.0
211.715740442276,0.0,0.0,0.0
211.73073959350586,0.0,0.0,0.0
211.7452278137207,0.0,0.0,0.0
211.76200199127197,0.0,0.0,0.0
211.77804017066956,0.0,0.0,0.0
211.8025827407837,0.0,0.0,0.0
211.81978034973145,0.0,0.0,0.0
211.8346905708313,0.0,0.0,0.0
211.849369764328,0.0,0.0,0.0
211.8638927936554,0.0,0.0,0.0
211.88105154037476,0.0,0.0,0.0
211.8953833580017,0.0,0.0,0.0
211.9103717803955,0.0,0.0,0.0
211.92210245132446,0.0,0.0,0.0
211.93561697006226,0.0,0.0,0.0
211.9489939212799,0.0,0.0,0.0
211.9622666835785,0.0,0.0,0.0
211.97649335861206,0.0,0.0,0.0
211.99118757247925,0.0,0.0,0.0
212.00582695007324,0.0,0.0,0.0
212.02089834213257,0.0,0.0,0.0
212.03468227386475,0.0,0.0,0.0
212.04842257499695,0.0,0.0,0.0
212.06440949440002,0.0,0.0,0.0
212.07792472839355,0.0,0.0,0.0
212.09262681007385,0.0,0.0,0.0
212.10619401931763,0.0,0.0,0.0
212.12006902694702,0.0,0.0,0.0
212.13488245010376,0.0,0.0,0.0
212.1495645046234,0.0,0.0,0.0
212.16425609588623,0.0,0.0,0.0
212.1789574623108,0.0,0.0,0.0
212.2042887210846,0.0,0.0,20.0
212.2206165790558,-0.0,-0.09,20.0
212.23562216758728,-0.0,-0.2,20.0
212.2493929862976,-0.01,-0.26,20.0
212.26498651504517,-0.02,-0.39,20.0
212.28134417533875,-0.02,-0.45,20.0
212.3100869655609,-0.04,-0.7,0.0
212.32571697235107,-0.06,-0.93,0.0
212.34248614311218,-0.07,-0.9,0.0
212.3612766265869,-0.07,-0.23,0.0
212.3748059272766,-0.07,0.11,0.0
212.3885474205017,-0.07,0.0,0.0
212.40294075012207,-0.07,0.0,0.0
212.41839122772217,-0.07,0.0,0.0
212.4331078529358,-0.07,0.0,0.0
212.44875383377075,-0.07,0.0,0.0
212.4667468070984,-0.07,0.0,0.0
212.48436522483826,-0.07,0.0,0.0
212.5014500617981,-0.07,0.0,0.0
212.51714324951172,-0.07,0.0,0.0
212.53172731399536,-0.07,0.0,0.0
212.5508735179901,-0.07,0.0,0.0
212.57050585746765,-0.07,0.0,0.0
212.58734440803528,-0.07,0.0,0.0
212.60146379470825,-0.07,0.0,0.0
212.61594033241272,-0.07,0.0,0.0
212.6290407180786,-0.07,0.0,0.0
212.64319372177124,-0.07,0.0,0.0
212.65952229499817,-0.07,0.0,0.0
212.67515468597412,-0.07,0.0,0.0
212.69151830673218,-0.07,0.0,0.0
212.7076358795166,-0.07,0.0,0.0
212.7225592136383,-0.07,0.0,0.0
212.73742365837097,-0.07,0.0,0.0
212.7529993057251,-0.07,0.0,0.0
212.76770401000977,-0.07,0.0,0.0
212.78350234031677,-0.07,0.0,0.0
212.79718327522278,-0.07,0.0,0.0
212.81227374076843,-0.07,0.0,0.0
212.82700085639954,-0.07,0.0,0.0
212.8395800590515,-0.07,0.0,0.0
212.85423064231873,-0.07,0.0,0.0
212.87041759490967,-0.07,0.0,0.0
212.88551545143127,-0.07,0.0,0.0
212.90037059783936,-0.07,0.0,0.0
212.91341352462769,-0.07,0.0,0.0
212.927588224411,-0.07,0.0,0.0
212.94278693199158,-0.07,0.0,0.0
212.95661187171936,-0.07,0.0,0.0
212.9704291820526,-0.07,0.0,0.0
212.98607897758484,-0.07,0.0,0.0
212.99978733062744,-0.07,0.0,0.0
213.01302337646484,-0.07,0.0,0.0
213.02732276916504,-0.07,0.0,0.0
225.4269986152649,0.0,0.0,0.0
225.4449119567871,0.0,0.0,0.0
225.45960688591003,0.0,0.0,0.0
225.47283720970154,0.0,0.0,0.0
225.49893355369568,0.0,0.0,0.0
225.51644039154053,0.0,0.0,0.0
225.5326704978943,0.0,0.0,0.0
225.54682731628418,0.0,0.0,0.0
225.56153082847595,0.0,0.0,0.0
225.5770115852356,0.0,0.0,0.0
225.59093141555786,0.0,0.0,0.0
225.6046392917633,0.0,0.0,0.0
225.61903595924377,0.0,0.0,0.0
226.34784626960754,0.0,0.0,0.0
226.3666181564331,0.0,0.0,0.0
226.38367366790771,0.0,0.0,0.0
226.39998745918274,0.0,0.0,0.0
226.4149944782257,0.0,0.0,0.0
226.43005967140198,0.0,0.0,0.0
226.44443655014038,0.0,0.0,0.0
226.45871329307556,0.0,0.0,0.0
226.47555255889893,0.0,0.0,0.0
226.49239826202393,0.0,0.0,0.0
226.50721859931946,0.0,0.0,0.0
226.5219111442566,0.0,0.0,0.0
226.53581047058105,0.0,0.0,0.0
226.55036091804504,0.0,0.0,0.0
226.5639636516571,0.0,0.0,0.0
226.58196187019348,0.0,0.0,0.0
226.59501671791077,0.0,0.0,0.0
226.60838866233826,0.0,0.0,0.0
226.621169090271,0.0,0.0,0.0
226.6346516609192,0.0,0.0,0.0
226.64811062812805,0.0,0.0,0.0
226.6620020866394,0.0,0.0,0.0
226.67675375938416,0.0,0.0,0.0
226.69255757331848,0.0,0.0,0.0
226.7077829837799,0.0,0.0,0.0
226.7221131324768,0.0,0.0,0.0
226.73785257339478,0.0,0.0,0.0
226.7526397705078,0.0,0.0,0.0
226.76766872406006,0.0,0.0,0.0
226.78289985656738,0.0,0.0,0.0
226.7974193096161,0.0,0.0,0.0
226.81268000602722,0.0,0.0,0.0
226.8270492553711,0.0,0.0,0.0
226.84205722808838,0.0,0.0,0.0
226.85649967193604,0.0,0.0,0.0
226.87138962745667,0.0,0.0,0.0
226.88568782806396,0.0,0.0,0.0
226.90053868293762,0.0,0.0,0.0
226.915540933609,0.0,0.0,0.0
226.92923092842102,0.0,0.0,0.0
226.94291853904724,0.0,0.0,0.0
226.95713591575623,0.0,0.0,0.0
226.9713592529297,0.0,0.0,0.0
226.98481607437134,0.0,0.0,0.0
226.99931359291077,0.0,0.0,0.0
227.01305961608887,0.0,0.0,0.0
227.02753901481628,0.0,0.0,0.0
227.04138803482056,0.0,0.0,0.0
227.05512261390686,0.0,0.0,0.0
227.0688614845276,0.0,0.0,0.0
227.0823585987091,0.0,0.0,0.0
227.09607791900635,0.0,0.0,0.0
227.11014866828918,0.0,0.0,0.0
227.1240315437317,0.0,0.0,0.0
227.13831162452698,0.0,0.0,0.0
227.15465807914734,0.0,0.0,0.0
227.16996121406555,0.0,0.0,0.0
227.18512749671936,0.0,0.0,0.0
227.19889307022095,0.0,0.0,0.0
227.213627576828,0.0,0.0,0.0
227.22812914848328,0.0,0.0,0.0
227.24464583396912,0.0,0.0,0.0
227.2593550682068,0.0,0.0,0.0
227.2773253917694,0.0,0.0,0.0
227.29395842552185,0.0,0.0,0.0
227.31095957756042,0.0,0.0,0.0
227.32708311080933,0.0,0.0,0.0
227.34337520599365,0.0,0.0,0.0
227.3608341217041,0.0,0.0,0.0
227.37498807907104,0.0,0.0,0.0
227.38917541503906,0.0,0.0,0.0
227.40342545509338,0.0,0.0,0.0
227.41742300987244,0.0,0.0,0.0
227.43252658843994,0.0,0.0,0.0
227.44878602027893,0.0,0.0,0.0
227.4651005268097,0.0,0.0,0.0
227.48000621795654,0.0,0.0,0.0
227.4949836730957,0.0,0.0,0.0
227.50845551490784,0.0,0.0,0.0
227.52309823036194,0.0,0.0,0.0
227.54055500030518,0.0,0.0,0.0
227.55462861061096,0.0,0.0,0.0
227.56927132606506,0.0,0.0,0.0
227.5836329460144,0.0,0.0,0.0
227.59898614883423,0.0,0.0,0.0
227.6136064529419,0.0,0.0,0.0
227.62866497039795,0.0,0.0,0.0
227.64355731010437,0.0,0.0,0.0
227.65740180015564,0.0,0.0,0.0
227.67321848869324,0.0,0.0,0.0
227.68714666366577,0.0,0.0,0.0
227.70079398155212,0.0,0.0,0.0
227.7142813205719,0.0,0.0,0.0
227.7291829586029,0.0,0.0,0.0
227.74413800239563,0.0,0.0,0.0
227.7585790157318,0.0,0.0,0.0
227.77515697479248,0.0,0.0,0.0
227.78960418701172,0.0,0.0,0.0
227.80388522148132,0.0,0.0,0.0
227.8185420036316,0.0,0.0,0.0
227.83263206481934,0.0,0.0,0.0
227.84644436836243,0.0,0.0,0.0
227.86037611961365,0.0,0.0,0.0
227.87527799606323,0.0,0.0,0.0
227.88919186592102,0.0,0.0,0.0
227.90297389030457,0.0,0.0,0.0
227.91717529296875,0.0,0.0,0.0
227.9342873096466,0.0,0.0,0.0
227.94834160804749,0.0,0.0,0.0
227.96445631980896,0.0,0.0,0.0
227.9781436920166,0.0,0.0,0.0
227.9916410446167,0.0,0.0,0.0
228.00680208206177,0.0,0.0,0.0
228.0215425491333,0.0,0.0,0.0
228.03640294075012,0.0,0.0,0.0
228.05146503448486,0.0,0.0,0.0
228.0655529499054,0.0,0.0,0.0
228.07983469963074,0.0,0.0,0.0
228.09539413452148,0.0,0.0,0.0
228.10906314849854,0.0,0.0,0.0
228.1245892047882,0.0,0.0,0.0
228.14001727104187,0.0,0.0,0.0
228.154803276062,0.0,0.0,0.0
228.18126964569092,0.0,0.0,30.0
228.19940090179443,-0.0,-0.15,30.0
228.21420550346375,-0.01,-0.41,30.0
228.22853446006775,-0.02,-0.61,30.0
228.24187779426575,-0.03,-0.82,30.0
228.25595092773438,-0.06,-1.48,30.0
228.26992774009705,-0.09,-1.91,30.0
228.29514026641846,-0.15,-2.25,0.0
228.31150674819946,-0.18,-2.15,0.0
228.32602047920227,-0.22,-2.31,0.0
228.34063339233398,-0.25,-1.83,0.0
228.35538125038147,-0.27,-1.58,0.0
228.37184476852417,-0.3,-1.62,0.0
228.38830137252808,-0.31,-0.99,0.0
228.4028022289276,-0.32,-0.69,0.0
228.41759037971497,-0.33,-0.65,0.0
228.4312469959259,-0.34,-0.65,0.0
228.4459912776947,-0.35,-0.26,0.0
228.4602348804474,-0.35,0.06,0.0
228.4735062122345,-0.35,0.0,0.0
228.48682737350464,-0.35,0.0,0.0
228.5014991760254,-0.35,0.0,0.0
228.51555109024048,-0.35,0.0,0.0
228.52897214889526,-0.35,0.0,0.0
228.5421085357666,-0.35,0.0,0.0
228.55649256706238,-0.35,0.0,0.0
228.57029342651367,-0.35,0.0,0.0
228.58420729637146,-0.35,0.0,0.0
228.5979175567627,-0.35,0.0,0.0
228.61172747612,-0.35,0.0,0.0
228.62591648101807,-0.35,0.0,0.0
228.6402530670166,-0.35,0.0,0.0
228.65476727485657,-0.35,0.0,0.0
228.66983461380005,-0.35,0.0,0.0
228.6842963695526,-0.35,0.0,0.0
228.700865983963,-0.35,0.0,0.0
228.71428847312927,-0.35,0.0,0.0
228.7277853488922,-0.35,0.0,0.0
228.7419843673706,-0.35,0.0,0.0
228.76173448562622,-0.35,0.0,0.0
228.7758195400238,-0.35,0.0,0.0
228.7894275188446,-0.35,0.0,0.0
228.80341386795044,-0.35,0.0,0.0
228.81671905517578,-0.35,0.0,0.0
228.83071732521057,-0.35,0.0,0.0
228.8463568687439,-0.35,0.0,0.0
228.85907816886902,-0.35,0.0,0.0
228.87398028373718,-0.35,0.0,0.0
228.88742017745972,-0.35,0.0,0.0
228.9016387462616,-0.35,0.0,0.0
228.91574239730835,-0.35,0.0,0.0
228.9296839237213,-0.35,0.0,0.0
228.94359254837036,-0.35,0.0,0.0
228.95740461349487,-0.35,0.0,0.0
228.9716260433197,-0.35,0.0,0.0
228.98521661758423,-0.35,0.0,0.0
228.99903845787048,-0.35,0.0,0.0
229.0125195980072,-0.35,0.0,0.0
229.02595782279968,-0.35,0.0,0.0
229.0414583683014,-0.35,0.0,0.0
229.05611419677734,-0.35,0.0,0.0
229.0703125,-0.35,0.0,0.0
229.08410739898682,-0.35,0.0,0.0
229.0981001853943,-0.35,0.0,0.0
229.11225295066833,-0.35,0.0,0.0
229.12937307357788,-0.35,0.0,0.0
229.14465761184692,-0.35,0.0,0.0
229.1580572128296,-0.35,0.0,0.0
229.17150020599365,-0.35,0.0,0.0
229.18531322479248,-0.35,0.0,0.0
229.19889569282532,-0.35,0.0,0.0
247.2512149810791,0.0,0.0,0.0
247.2721688747406,0.0,0.0,0.0
247.28716492652893,0.0,0.0,0.0
247.3023989200592,0.0,0.0,0.0
247.31732177734375,0.0,0.0,0.0
247.33168745040894,0.0,0.0,0.0
247.34613633155823,0.0,0.0,0.0
247.36020946502686,0.0,0.0,0.0
247.37444639205933,0.0,0.0,0.0
247.3916563987732,0.0,0.0,0.0
247.4067690372467,0.0,0.0,0.0
247.42065501213074,0.0,0.0,0.0
247.43478846549988,0.0,0.0,0.0
247.45030617713928,0.0,0.0,0.0
247.46488332748413,0.0,0.0,0.0
247.4802486896515,0.0,0.0,0.0
247.49593377113342,0.0,0.0,0.0
247.51096630096436,0.0,0.0,0.0
247.52512907981873,0.0,0.0,0.0
247.54096341133118,0.0,0.0,0.0
247.55503582954407,0.0,0.0,0.0
247.56903457641602,0.0,0.0,0.0
247.58347988128662,0.0,0.0,0.0
247.59691405296326,0.0,0.0,0.0
247.6109631061554,0.0,0.0,0.0
247.6249008178711,0.0,0.0,0.0
247.63985681533813,0.0,0.0,0.0
247.65459060668945,0.0,0.0,0.0
247.67112135887146,0.0,0.0,0.0
247.68546414375305,0.0,0.0,0.0
247.69983887672424,0.0,0.0,0.0
247.7136356830597,0.0,0.0,0.0
247.72765612602234,0.0,0.0,0.0
247.74173045158386,0.0,0.0,0.0
247.75622534751892,0.0,0.0,0.0
247.7698929309845,0.0,0.0,0.0
247.78503847122192,0.0,0.0,0.0
247.79866456985474,0.0,0.0,0.0
247.8123893737793,0.0,0.0,0.0
247.8291778564453,0.0,0.0,0.0
247.84777092933655,0.0,0.0,0.0
247.87103056907654,0.0,0.0,0.0
247.89494109153748,0.0,0.0,0.0
247.9166874885559,0.0,0.0,0.0
247.93965601921082,0.0,0.0,0.0
247.95514035224915,0.0,0.0,0.0
247.972820520401,0.0,0.0,0.0
247.99238324165344,0.0,0.0,0.0
248.0075023174286,0.0,0.0,0.0
248.02551794052124,0.0,0.0,0.0
248.04355096817017,0.0,0.0,0.0
248.0643298625946,0.0,0.0,0.0
248.08098244667053,0.0,0.0,0.0
248.1053647994995,0.0,0.0,0.0
248.125550031662,0.0,0.0,0.0
248.146874666214,0.0,0.0,0.0
248.1603651046753,0.0,0.0,0.0
248.17374992370605,0.0,0.0,0.0
248.1879527568817,0.0,0.0,0.0
248.20207691192627,0.0,0.0,0.0
248.2174994945526,0.0,0.0,0.0
248.23356223106384,0.0,0.0,0.0
248.24720215797424,0.0,0.0,0.0
248.26193475723267,0.0,0.0,0.0
248.27623057365417,0.0,0.0,0.0
248.2919843196869,0.0,0.0,0.0
248.30582880973816,0.0,0.0,0.0
248.31885266304016,0.0,0.0,0.0
248.3341269493103,0.0,0.0,0.0
248.347510099411,0.0,0.0,0.0
248.36148405075073,0.0,0.0,0.0
248.37563562393188,0.0,0.0,0.0
248.390065908432,0.0,0.0,0.0
248.40535593032837,0.0,0.0,0.0
248.41968321800232,0.0,0.0,0.0
248.4347367286682,0.0,0.0,0.0
248.4484841823578,0.0,0.0,0.0
248.46266508102417,0.0,0.0,0.0
248.47647380828857,0.0,0.0,0.0
248.4905185699463,0.0,0.0,0.0
248.50646686553955,0.0,0.0,0.0
248.5198700428009,0.0,0.0,0.0
248.53673839569092,0.0,0.0,0.0
248.55049586296082,0.0,0.0,0.0
248.5657560825348,0.0,0.0,0.0
248.57989358901978,0.0,0.0,0.0
248.5947608947754,0.0,0.0,0.0
248.608482837677,0.0,0.0,0.0
248.62426376342773,0.0,0.0,0.0
248.63712072372437,0.0,0.0,0.0
248.6535460948944,0.0,0.0,0.0
248.6672646999359,0.0,0.0,0.0
248.6814637184143,0.0,0.0,0.0
248.69756984710693,0.0,0.0,0.0
248.71181893348694,0.0,0.0,0.0
248.7340452671051,0.0,0.0,0.0
248.74819421768188,0.0,0.0,0.0
248.7624237537384,0.0,0.0,0.0
248.7762153148651,0.0,0.0,0.0
248.80128645896912,0.0,0.0,40.0
248.8205349445343,-0.0,-0.2,40.0
248.83426976203918,-0.01,-0.63,40.0
248.84895014762878,-0.03,-0.86,40.0
248.86440658569336,-0.05,-1.48,40.0
248.8804268836975,-0.09,-2.1,40.0
248.9053213596344,-0.15,-2.49,0.0
248.92260551452637,-0.19,-2.4,0.0
248.94364190101624,-0.23,-2.52,0.0
248.95750093460083,-0.26,-2.12,0.0
248.9723949432373,-0.3,-2.01,0.0
248.98704314231873,-0.32,-1.5,0.0
249.00059008598328,-0.34,-1.43,0.0
249.01420068740845,-0.36,-1.08,0.0
249.02992153167725,-0.36,-0.19,0.0
249.04339337348938,-0.36,0.26,0.0
249.0576708316803,-0.35,0.23,0.0
249.0706045627594,-0.35,0.05,0.0
249.08623242378235,-0.35,0.0,0.0
249.10160541534424,-0.35,0.0,0.0
249.11792159080505,-0.35,0.0,0.0
249.13315057754517,-0.35,0.0,0.0
249.14700961112976,-0.35,0.0,0.0
249.16275572776794,-0.35,0.0,0.0
249.17807030677795,-0.35,0.0,0.0
249.19294834136963,-0.35,0.0,0.0
249.2074432373047,-0.35,0.0,0.0
249.22177505493164,-0.35,0.0,0.0
249.2363965511322,-0.35,0.0,0.0
249.25031208992004,-0.35,0.0,0.0
249.2641429901123,-0.35,0.0,0.0
249.2808916568756,-0.35,0.0,0.0
249.29634523391724,-0.35,0.0,0.0
249.31051969528198,-0.35,0.0,0.0
249.3248953819275,-0.35,0.0,0.0
249.3402876853943,-0.35,0.0,0.0
249.35475826263428,-0.35,0.0,0.0
249.36966967582703,-0.35,0.0,0.0
249.3836269378662,-0.35,0.0,0.0
249.39773225784302,-0.35,0.0,0.0
249.4125828742981,-0.35,0.0,0.0
249.42724108695984,-0.35,0.0,0.0
249.44163155555725,-0.35,0.0,0.0
249.45470476150513,-0.35,0.0,0.0
249.46790313720703,-0.35,0.0,0.0
249.48147630691528,-0.35,0.0,0.0
249.49582195281982,-0.35,0.0,0.0
249.51153898239136,-0.35,0.0,0.0
249.52724695205688,-0.35,0.0,0.0
249.540620803833,-0.35,0.0,0.0
249.5546519756317,-0.35,0.0,0.0
249.56838417053223,-0.35,0.0,0.0
249.58251905441284,-0.35,0.0,0.0
249.59639763832092,-0.35,0.0,0.0
249.6112036705017,-0.35,0.0,0.0
249.62507033348083,-0.35,0.0,0.0
249.63937377929688,-0.35,0.0,0.0
249.65344667434692,-0.35,0.0,0.0
260.15693831443787,0.0,0.0,0.0
260.1743848323822,0.0,0.0,0.0
260.1926546096802,0.0,0.0,0.0
260.2099666595459,0.0,0.0,0.0
260.2317292690277,0.0,0.0,0.0
260.24711513519287,0.0,0.0,0.0
260.2635781764984,0.0,0.0,0.0
260.28269958496094,0.0,0.0,0.0
260.2989938259125,0.0,0.0,0.0
260.31397771835327,0.0,0.0,0.0
260.32960414886475,0.0,0.0,0.0
260.34572172164917,0.0,0.0,0.0
260.3593249320984,0.0,0.0,0.0
260.37262320518494,0.0,0.0,0.0
260.3885853290558,0.0,0.0,0.0
260.40372943878174,0.0,0.0,0.0
260.41776609420776,0.0,0.0,0.0
260.43530464172363,0.0,0.0,0.0
260.44901156425476,0.0,0.0,0.0
260.46402287483215,0.0,0.0,0.0
260.47882437705994,0.0,0.0,0.0
260.49327087402344,0.0,0.0,0.0
260.50709319114685,0.0,0.0,0.0
260.52036142349243,0.0,0.0,0.0
260.53415870666504,0.0,0.0,0.0
260.54727387428284,0.0,0.0,0.0
260.5603394508362,0.0,0.0,0.0
260.5740466117859,0.0,0.0,0.0
260.587726354599,0.0,0.0,0.0
260.60217356681824,0.0,0.0,0.0
260.61583065986633,0.0,0.0,0.0
260.62996435165405,0.0,0.0,0.0
260.643648147583,0.0,0.0,0.0
260.65767192840576,0.0,0.0,0.0
260.67122650146484,0.0,0.0,0.0
260.6841232776642,0.0,0.0,0.0
260.69929790496826,0.0,0.0,0.0
260.7122051715851,0.0,0.0,0.0
260.7258059978485,0.0,0.0,0.0
260.73965096473694,0.0,0.0,0.0
260.75348711013794,0.0,0.0,0.0
260.76769733428955,0.0,0.0,0.0
260.78116846084595,0.0,0.0,0.0
260.795551776886,0.0,0.0,0.0
260.8095643520355,0.0,0.0,0.0
260.8246064186096,0.0,0.0,0.0
260.8386640548706,0.0,0.0,0.0
260.85272789001465,0.0,0.0,0.0
260.86738419532776,0.0,0.0,0.0
260.8823528289795,0.0,0.0,0.0
260.8957898616791,0.0,0.0,0.0
260.9103443622589,0.0,0.0,0.0
260.924453496933,0.0,0.0,0.0
260.9399552345276,0.0,0.0,0.0
260.9544749259949,0.0,0.0,0.0
260.9701430797577,0.0,0.0,0.0
260.9853389263153,0.0,0.0,0.0
261.00080156326294,0.0,0.0,0.0
261.0175380706787,0.0,0.0,0.0
261.0339653491974,0.0,0.0,0.0
261.049786567688,0.0,0.0,0.0
261.0633018016815,0.0,0.0,0.0
261.0789706707001,0.0,0.0,0.0
261.0934121608734,0.0,0.0,0.0
261.1079931259155,0.0,0.0,0.0
261.12227725982666,0.0,0.0,0.0
261.1365079879761,0.0,0.0,0.0
261.15389823913574,0.0,0.0,0.0
261.16803765296936,0.0,0.0,0.0
261.18194103240967,0.0,0.0,0.0
261.195880651474,0.0,0.0,0.0
261.2096788883209,0.0,0.0,0.0
261.2233703136444,0.0,0.0,0.0
261.2368674278259,0.0,0.0,0.0
261.2501108646393,0.0,0.0,0.0
261.2632052898407,0.0,0.0,0.0
261.27703499794006,0.0,0.0,0.0
261.2895333766937,0.0,0.0,0.0
261.3030045032501,0.0,0.0,0.0
261.316832780838,0.0,0.0,0.0
261.33085536956787,0.0,0.0,0.0
261.34655022621155,0.0,0.0,0.0
261.3604254722595,0.0,0.0,0.0
261.37421560287476,0.0,0.0,0.0
261.38791012763977,0.0,0.0,0.0
261.40198016166687,0.0,0.0,0.0
261.4165244102478,0.0,0.0,0.0
261.43104434013367,0.0,0.0,0.0
261.44567489624023,0.0,0.0,0.0
261.4593904018402,0.0,0.0,0.0
261.4757866859436,0.0,0.0,0.0
261.4901919364929,0.0,0.0,0.0
261.50534296035767,0.0,0.0,0.0
261.5194745063782,0.0,0.0,0.0
261.53339195251465,0.0,0.0,0.0
261.547523021698,0.0,0.0,0.0
261.5616662502289,0.0,0.0,0.0
261.57552695274353,0.0,0.0,0.0
261.5892131328583,0.0,0.0,0.0
261.6030945777893,0.0,0.0,0.0
261.6176826953888,0.0,0.0,0.0
261.6315634250641,0.0,0.0,0.0
261.65646624565125,0.0,0.0,50.0
261.6710207462311,-0.01,-0.43,50.0
261.68645668029785,-0.03,-1.46,50.0
261.7003209590912,-0.06,-2.08,50.0
261.7147743701935,-0.11,-2.5,50.0
261.7289936542511,-0.16,-2.88,50.0
261.7538456916809,-0.25,-3.66,0.0
261.76866841316223,-0.3,-3.31,0.0
261.78290581703186,-0.35,-3.15,0.0
261.7982659339905,-0.4,-3.05,0.0
261.8117754459381,-0.44,-2.23,0.0
261.8267023563385,-0.47,-2.14,0.0
261.84058570861816,-0.49,-1.36,0.0
261.85707449913025,-0.5,-0.83,0.0
261.87051653862,-0.51,-0.71,0.0
261.88531970977783,-0.52,-0.5,0.0
261.90323758125305,-0.52,-0.12,0.0
261.9196455478668,-0.52,0.02,0.0
261.9334762096405,-0.52,0.0,0.0
261.94764018058777,-0.52,0.0,0.0
261.96178245544434,-0.52,0.0,0.0
261.97527861595154,-0.52,0.0,0.0
261.98934388160706,-0.52,0.0,0.0
262.00318121910095,-0.52,0.0,0.0
262.0176696777344,-0.52,0.0,0.0
262.03102684020996,-0.52,0.0,0.0
262.0495982170105,-0.52,0.0,0.0
262.0621008872986,-0.52,0.0,0.0
262.07563304901123,-0.52,0.0,0.0
262.08954763412476,-0.52,0.0,0.0
262.1032133102417,-0.52,0.0,0.0
262.11710143089294,-0.52,0.0,0.0
262.1312050819397,-0.52,0.0,0.0
262.1450605392456,-0.52,0.0,0.0
262.15860080718994,-0.52,0.0,0.0
262.17358350753784,-0.52,0.0,0.0
262.1866433620453,-0.52,0.0,0.0
262.20032835006714,-0.52,0.0,0.0
262.21355867385864,-0.52,0.0,0.0
262.22878885269165,-0.52,0.0,0.0
262.2442207336426,-0.52,0.0,0.0
262.2588851451874,-0.52,0.0,0.0
262.27542209625244,-0.52,0.0,0.0
262.28984689712524,-0.52,0.0,0.0
262.30381298065186,-0.52,0.0,0.0
262.318199634552,-0.52,0.0,0.0
262.33287382125854,-0.52,0.0,0.0
262.34721970558167,-0.52,0.0,0.0
262.36116099357605,-0.52,0.0,0.0
262.37794303894043,-0.52,0.0,0.0
262.39130878448486,-0.52,0.0,0.0
262.4064271450043,-0.52,0.0,0.0
262.42077136039734,-0.52,0.0,0.0
262.43508982658386,-0.52,0.0,0.0
262.44960045814514,-0.52,0.0,0.0
271.5492115020752,-0.0,0.0,0.0
271.574298620224,-0.0,0.0,0.0
271.5889754295349,-0.0,0.0,0.0
271.60336542129517,-0.0,0.0,0.0
271.61840200424194,-0.0,0.0,0.0
271.62926268577576,-0.0,0.0,0.0
271.6430821418762,-0.0,0.0,0.0
271.65652227401733,-0.0,0.0,0.0
271.67172288894653,-0.0,0.0,0.0
271.6850037574768,-0.0,0.0,0.0
271.6994836330414,-0.0,0.0,0.0
271.71244263648987,-0.0,0.0,0.0
271.72590017318726,0.0,0.0,0.0
272.4699156284332,0.0,0.0,0.0
272.48811960220337,0.0,0.0,0.0
272.5027461051941,0.0,0.0,0.0
272.5195560455322,0.0,0.0,0.0
272.53432536125183,0.0,0.0,0.0
272.54981756210327,0.0,0.0,0.0
272.5649995803833,0.0,0.0,0.0
272.58183431625366,0.0,0.0,0.0
272.5970792770386,0.0,0.0,0.0
272.6113543510437,0.0,0.0,0.0
272.625586271286,0.0,0.0,0.0
272.64000630378723,0.0,0.0,0.0
272.6541266441345,0.0,0.0,0.0
272.66791105270386,0.0,0.0,0.0
272.68372774124146,0.0,0.0,0.0
272.6978235244751,0.0,0.0,0.0
272.7123053073883,0.0,0.0,0.0
272.72785472869873,0.0,0.0,0.0
272.7412428855896,0.0,0.0,0.0
272.75576543807983,0.0,0.0,0.0
272.76970911026,0.0,0.0,0.0
272.78296875953674,0.0,0.0,0.0
272.7974922657013,0.0,0.0,0.0
272.8113965988159,0.0,0.0,0.0
272.82545161247253,0.0,0.0,0.0
272.8388614654541,0.0,0.0,0.0
272.8529484272003,0.0,0.0,0.0
272.86724638938904,0.0,0.0,0.0
272.8810942173004,0.0,0.0,0.0
272.8948130607605,0.0,0.0,0.0
272.90823221206665,0.0,0.0,0.0
272.9226543903351,0.0,0.0,0.0
272.93642020225525,0.0,0.0,0.0
272.95058822631836,0.0,0.0,0.0
272.96450567245483,0.0,0.0,0.0
272.97824025154114,0.0,0.0,0.0
272.99454712867737,0.0,0.0,0.0
273.00956678390503,0.0,0.0,0.0
273.02491068840027,0.0,0.0,0.0
273.0393178462982,0.0,0.0,0.0
273.0532262325287,0.0,0.0,0.0
273.06696915626526,0.0,0.0,0.0
273.0802068710327,0.0,0.0,0.0
273.0934748649597,0.0,0.0,0.0
273.10720348358154,0.0,0.0,0.0
273.120929479599,0.0,0.0,0.0
273.1344895362854,0.0,0.0,0.0
273.14866638183594,0.0,0.0,0.0
273.16282176971436,0.0,0.0,0.0
273.1770341396332,0.0,0.0,0.0
273.1918957233429,0.0,0.0,0.0
273.2065706253052,0.0,0.0,0.0
273.22403740882874,0.0,0.0,0.0
273.237425327301,0.0,0.0,0.0
273.2551064491272,0.0,0.0,0.0
273.2695062160492,0.0,0.0,0.0
273.28476667404175,0.0,0.0,0.0
273.30207109451294,0.0,0.0,0.0
273.31801295280457,0.0,0.0,0.0
273.3353822231293,0.0,0.0,0.0
273.3508014678955,0.0,0.0,60.0
273.3771855831146,-0.01,-0.45,60.0
273.3927822113037,-0.03,-1.48,60.0
273.4067277908325,-0.07,-2.24,60.0
273.4224021434784,-0.12,-3.0,60.0
273.43635845184326,-0.17,-3.05,60.0
273.45275712013245,-0.23,-3.96,60.0
273.46829319000244,-0.35,-4.31,0.0
273.4936671257019,-0.42,-4.27,0.0
273.5099115371704,-0.47,-3.55,0.0
273.5250196456909,-0.52,-3.02,0.0
273.5395495891571,-0.56,-2.59,0.0
273.553418636322,-0.59,-2.08,0.0
273.5670795440674,-0.62,-1.66,0.0
273.58135414123535,-0.63,-1.04,0.0
273.59561824798584,-0.65,-0.82,0.0
273.6126854419708,-0.66,-0.67,0.0
273.62876629829407,-0.66,-0.55,0.0
273.6439151763916,-0.67,-0.06,0.0
273.65844321250916,-0.67,0.02,0.0
273.67479968070984,-0.67,0.0,0.0
273.6887891292572,-0.67,0.0,0.0
273.7039403915405,-0.67,0.0,0.0
273.7187430858612,-0.67,0.0,0.0
273.73289608955383,-0.67,0.0,0.0
273.746901512146,-0.67,0.0,0.0
273.76088786125183,-0.67,0.0,0.0
273.77841567993164,-0.67,0.0,0.0
273.7960431575775,-0.67,0.0,0.0
273.8118727207184,-0.67,0.0,0.0
273.8265702724457,-0.67,0.0,0.0
273.83975529670715,-0.67,0.0,0.0
273.8540985584259,-0.67,0.0,0.0
273.8675241470337,-0.67,0.0,0.0
273.8816146850586,-0.67,0.0,0.0
273.8957505226135,-0.67,0.0,0.0
273.9091546535492,-0.67,0.0,0.0
273.9232003688812,-0.67,0.0,0.0
273.93716955184937,-0.67,0.0,0.0
273.9517457485199,-0.67,0.0,0.0
273.9653196334839,-0.67,0.0,0.0
273.9806640148163,-0.67,0.0,0.0
273.9962966442108,-0.67,0.0,0.0
274.01044392585754,-0.67,0.0,0.0
274.02496671676636,-0.67,0.0,0.0
274.03947830200195,-0.67,0.0,0.0
274.0533752441406,-0.67,0.0,0.0
274.0665862560272,-0.67,0.0,0.0
274.0801305770874,-0.67,0.0,0.0
274.09355998039246,-0.67,0.0,0.0
274.10735988616943,-0.67,0.0,0.0
274.12108039855957,-0.67,0.0,0.0
274.1348419189453,-0.67,0.0,0.0
274.1484811306,-0.67,0.0,0.0
274.16218996047974,-0.67,0.0,0.0
274.1762478351593,-0.67,0.0,0.0
274.1922061443329,-0.67,0.0,0.0
274.2057592868805,-0.67,0.0,0.0
274.21995639801025,-0.67,0.0,0.0
274.23382353782654,-0.67,0.0,0.0
274.2476074695587,-0.67,0.0,0.0
274.2645354270935,-0.04,0.0,0.0
286.0723555088043,-0.04,0.0,0.0
286.09481501579285,-0.04,0.0,0.0
286.1088569164276,-0.04,0.0,0.0
286.12659072875977,-0.04,0.0,0.0
286.144287109375,-0.04,0.0,0.0
286.16050028800964,-0.04,0.0,0.0
286.17110419273376,-0.04,0.0,0.0
286.18712043762207,-0.04,0.0,0.0
286.20427083969116,-0.04,0.0,0.0
286.22084736824036,-0.04,0.0,0.0
286.2357141971588,-0.04,0.0,0.0
286.2531626224518,-0.04,0.0,0.0
286.26776027679443,0.0,0.0,0.0
286.2834949493408,0.0,0.0,0.0
286.98060750961304,0.0,0.0,0.0
287.0006048679352,0.0,0.0,0.0
287.014009475708,0.0,0.0,0.0
287.028128862381,0.0,0.0,0.0
287.04393577575684,0.0,0.0,0.0
287.06239104270935,0.0,0.0,0.0
287.0750858783722,0.0,0.0,0.0
287.0902683734894,0.0,0.0,0.0
287.10388588905334,0.0,0.0,0.0
287.1188397407532,0.0,0.0,0.0
287.13567543029785,0.0,0.0,0.0
287.15167117118835,0.0,0.0,0.0
287.16555404663086,0.0,0.0,0.0
287.18059730529785,0.0,0.0,0.0
287.19524240493774,0.0,0.0,0.0
287.2106223106384,0.0,0.0,0.0
287.22522950172424,0.0,0.0,0.0
287.2403392791748,0.0,0.0,0.0
287.2544250488281,0.0,0.0,0.0
287.27214527130127,0.0,0.0,0.0
287.2873058319092,0.0,0.0,0.0
287.302237033844,0.0,0.0,0.0
287.31779527664185,0.0,0.0,0.0
287.33213090896606,0.0,0.0,0.0
287.34614753723145,0.0,0.0,0.0
287.3595209121704,0.0,0.0,0.0
287.37432408332825,0.0,0.0,0.0
287.38840079307556,0.0,0.0,0.0
287.40231943130493,0.0,0.0,0.0
287.41603660583496,0.0,0.0,0.0
287.4306483268738,0.0,0.0,0.0
287.4489839076996,0.0,0.0,0.0
287.4634528160095,0.0,0.0,0.0
287.47990560531616,0.0,0.0,0.0
287.49486684799194,0.0,0.0,0.0
287.51086950302124,0.0,0.0,0.0
287.52485156059265,0.0,0.0,0.0
287.5402600765228,0.0,0.0,0.0
287.55513191223145,0.0,0.0,0.0
287.5698473453522,0.0,0.0,0.0
287.5840940475464,0.0,0.0,0.0
287.59983944892883,0.0,0.0,0.0
287.6152822971344,0.0,0.0,0.0
287.63083052635193,0.0,0.0,0.0
287.64482617378235,0.0,0.0,0.0
287.6586182117462,0.0,0.0,0.0
287.67241382598877,0.0,0.0,0.0
287.6859471797943,0.0,0.0,0.0
287.69936418533325,0.0,0.0,0.0
287.71426820755005,0.0,0.0,0.0
287.7285497188568,0.0,0.0,0.0
287.743216753006,0.0,0.0,0.0
287.7581331729889,0.0,0.0,0.0
287.77358198165894,0.0,0.0,0.0
287.7879259586334,0.0,0.0,0.0
287.8040807247162,0.0,0.0,0.0
287.81858801841736,0.0,0.0,0.0
287.83338356018066,0.0,0.0,0.0
287.85030221939087,0.0,0.0,0.0
287.86493825912476,0.0,0.0,0.0
287.8789267539978,0.0,0.0,0.0
287.893488407135,0.0,0.0,0.0
287.9080021381378,0.0,0.0,0.0
287.92300248146057,0.0,0.0,0.0
287.93669867515564,0.0,0.0,0.0
287.95116424560547,0.0,0.0,0.0
287.96618127822876,0.0,0.0,0.0
287.98212027549744,0.0,0.0,0.0
287.995792388916,0.0,0.0,0.0
288.00949883461,0.0,0.0,0.0
288.0228374004364,0.0,0.0,0.0
288.0372152328491,0.0,0.0,0.0
288.0521421432495,0.0,0.0,0.0
288.0663163661957,0.0,0.0,0.0
288.07943844795227,0.0,0.0,0.0
288.09303736686707,0.0,0.0,0.0
288.1066710948944,0.0,0.0,0.0
288.1204659938812,0.0,0.0,0.0
288.1335504055023,0.0,0.0,70.0
288.1481297016144,-0.01,-0.38,70.0
288.17419838905334,-0.02,-1.08,70.0
288.1877706050873,-0.05,-1.76,70.0
288.2020869255066,-0.1,-2.78,70.0
288.2175261974335,-0.15,-3.17,70.0
288.23352217674255,-0.22,-3.8,70.0
288.24755787849426,-0.34,-4.44,0.0
288.2620675563812,-0.4,-4.35,0.0
288.2917056083679,-0.46,-3.87,0.0
288.3085672855377,-0.51,-2.91,0.0
288.32517647743225,-0.55,-2.61,0.0
288.343058347702,-0.58,-2.35,0.0
288.35786414146423,-0.61,-1.66,0.0
288.3729877471924,-0.63,-1.5,0.0
288.39124846458435,-0.65,-0.83,0.0
288.404501914978,-0.65,0.02,0.0
288.4216752052307,-0.64,0.34,0.0
288.4372570514679,-0.64,0.36,0.0
288.4501450061798,-0.63,0.21,0.0
288.46883726119995,-0.63,0.0,0.0
288.4830093383789,-0.63,0.0,0.0
288.49665808677673,-0.63,0.0,0.0
288.51118445396423,-0.63,0.0,0.0
288.5273163318634,-0.63,0.0,0.0
288.54301500320435,-0.63,0.0,0.0
288.56199884414673,-0.63,0.0,0.0
288.58058428764343,-0.63,0.0,0.0
288.59630727767944,-0.63,0.0,0.0
288.6101415157318,-0.63,0.0,0.0
288.6298279762268,-0.63,0.0,0.0
288.6465916633606,-0.63,0.0,0.0
288.6623361110687,-0.63,0.0,0.0
288.68029832839966,-0.63,0.0,0.0
288.69450330734253,-0.63,0.0,0.0
288.7102072238922,-0.63,0.0,0.0
288.72585439682007,-0.63,0.0,0.0
288.7446188926697,-0.63,0.0,0.0
288.76238656044006,-0.63,0.0,0.0
288.77653098106384,-0.63,0.0,0.0
288.7935092449188,-0.63,0.0,0.0
288.81131625175476,-0.63,0.0,0.0
288.828067779541,-0.63,0.0,0.0
288.8433036804199,-0.63,0.0,0.0
288.85777282714844,-0.63,0.0,0.0
288.87164211273193,-0.63,0.0,0.0
288.8881630897522,-0.63,0.0,0.0
288.90312361717224,-0.63,0.0,0.0
288.91995668411255,-0.63,0.0,0.0
288.93699979782104,-0.63,0.0,0.0
288.9526114463806,-0.63,0.0,0.0
288.96945357322693,-0.63,0.0,0.0
288.98442792892456,-0.63,0.0,0.0
288.9995222091675,-0.63,0.0,0.0
289.01707315444946,-0.63,0.0,0.0
289.03273582458496,-0.63,0.0,0.0
289.04664063453674,-0.63,0.0,0.0
289.06187987327576,-0.63,0.0,0.0
289.07542991638184,-0.63,0.0,0.0
289.0932312011719,-0.63,0.0,0.0
289.10720467567444,-0.63,0.0,0.0
289.1240041255951,-0.63,0.0,0.0
289.1378903388977,-0.63,0.0,0.0
289.15153527259827,-0.63,0.0,0.0
289.1666133403778,0.0,0.0,0.0
289.1818730831146,0.0,0.0,0.0
300.57684993743896,0.0,0.0,0.0
300.59913063049316,0.0,0.0,0.0
300.6151852607727,0.0,0.0,0.0
300.63221430778503,0.0,0.0,0.0
300.64890360832214,0.0,0.0,0.0
300.66906094551086,0.0,0.0,0.0
300.6862370967865,0.0,0.0,0.0
300.6997084617615,0.0,0.0,0.0
300.71316051483154,0.0,0.0,0.0
301.4820759296417,0.0,0.0,0.0
301.50109457969666,0.0,0.0,0.0
301.5167284011841,0.0,0.0,0.0
301.53231954574585,0.0,0.0,0.0
301.552725315094,0.0,0.0,0.0
301.5673198699951,0.0,0.0,0.0
301.58344197273254,0.0,0.0,0.0
301.5991539955139,0.0,0.0,0.0
301.6170048713684,0.0,0.0,0.0
301.63170981407166,0.0,0.0,0.0
301.6466510295868,0.0,0.0,0.0
301.66110587120056,0.0,0.0,0.0
301.6773717403412,0.0,0.0,0.0
301.69285464286804,0.0,0.0,0.0
301.7099666595459,0.0,0.0,0.0
301.72608041763306,0.0,0.0,0.0
301.7403712272644,0.0,0.0,0.0
301.7555491924286,0.0,0.0,0.0
301.7700865268707,0.0,0.0,0.0
301.786092042923,0.0,0.0,0.0
301.7994656562805,0.0,0.0,0.0
301.8156740665436,0.0,0.0,0.0
301.8307275772095,0.0,0.0,0.0
301.8453221321106,0.0,0.0,0.0
301.859486579895,0.0,0.0,0.0
301.87350249290466,0.0,0.0,0.0
301.88956117630005,0.0,0.0,0.0
301.90567207336426,0.0,0.0,0.0
301.92064332962036,0.0,0.0,0.0
301.93555092811584,0.0,0.0,0.0
301.95026683807373,0.0,0.0,0.0
301.96813678741455,0.0,0.0,0.0
301.9820668697357,0.0,0.0,0.0
301.9984791278839,0.0,0.0,0.0
302.01367378234863,0.0,0.0,0.0
302.02954745292664,0.0,0.0,0.0
302.0443971157074,0.0,0.0,0.0
302.0631597042084,0.0,0.0,0.0
302.0768268108368,0.0,0.0,0.0
302.09050607681274,0.0,0.0,0.0
302.10455799102783,0.0,0.0,0.0
302.11796855926514,0.0,0.0,0.0
302.13157963752747,0.0,0.0,0.0
302.1451315879822,0.0,0.0,0.0
302.1583867073059,0.0,0.0,0.0
302.17197728157043,0.0,0.0,0.0
302.18550157546997,0.0,0.0,0.0
302.19899344444275,0.0,0.0,0.0
302.2125811576843,0.0,0.0,0.0
302.2321445941925,0.0,0.0,0.0
302.24589228630066,0.0,0.0,0.0
302.25941252708435,0.0,0.0,0.0
302.2780725955963,0.0,0.0,0.0
302.2922475337982,0.0,0.0,0.0
302.30808663368225,0.0,0.0,0.0
302.322881937027,0.0,0.0,0.0
302.3381369113922,0.0,0.0,0.0
302.35162234306335,0.0,0.0,80.0
302.3651807308197,-0.01,-0.43,80.0
302.3900566101074,-0.03,-1.26,80.0
302.40713000297546,-0.06,-2.12,80.0
302.4220151901245,-0.11,-2.91,80.0
302.4367232322693,-0.17,-3.82,80.0
302.45183777809143,-0.29,-4.44,0.0
302.4662356376648,-0.36,-4.26,0.0
302.4901270866394,-0.42,-4.08,0.0
302.5057153701782,-0.48,-3.31,0.0
302.5211498737335,-0.52,-2.99,0.0
302.5376489162445,-0.56,-2.27,0.0
302.5522541999817,-0.59,-1.93,0.0
302.56758165359497,-0.61,-1.56,0.0
302.58239245414734,-0.63,-1.43,0.0
302.5963053703308,-0.64,-0.67,0.0
302.61074137687683,-0.64,0.15,0.0
302.6253972053528,-0.64,0.36,0.0
302.64139556884766,-0.63,0.25,0.0
302.65640664100647,-0.63,0.0,0.0
302.67094230651855,-0.63,0.0,0.0
302.6850175857544,-0.63,0.0,0.0
302.6987466812134,-0.63,0.0,0.0
302.7110517024994,-0.63,0.0,0.0
302.72465682029724,-0.63,0.0,0.0
302.73996567726135,-0.63,0.0,0.0
302.7543742656708,-0.63,0.0,0.0
302.767733335495,-0.63,0.0,0.0
302.78170371055603,-0.63,0.0,0.0
302.79944896698,-0.63,0.0,0.0
302.81625843048096,-0.63,0.0,0.0
302.8324975967407,-0.63,0.0,0.0
302.8475892543793,-0.63,0.0,0.0
302.86105823516846,-0.63,0.0,0.0
302.8792734146118,-0.63,0.0,0.0
302.8946142196655,-0.63,0.0,0.0
302.91009616851807,-0.63,0.0,0.0
302.9261016845703,-0.63,0.0,0.0
302.94294452667236,-0.63,0.0,0.0
302.95883655548096,-0.63,0.0,0.0
302.97394013404846,-0.63,0.0,0.0
302.98924922943115,-0.63,0.0,0.0
303.00415539741516,-0.63,0.0,0.0
303.01838779449463,-0.63,0.0,0.0
303.03268098831177,-0.63,0.0,0.0
303.0459909439087,-0.63,0.0,0.0
303.06169390678406,-0.63,0.0,0.0
303.07520389556885,-0.63,0.0,0.0
303.0882749557495,-0.63,0.0,0.0
303.1018497943878,-0.63,0.0,0.0
303.1152925491333,-0.63,0.0,0.0
303.1287431716919,-0.63,0.0,0.0
303.14186096191406,-0.63,0.0,0.0
303.1552345752716,-0.63,0.0,0.0
303.16947841644287,-0.63,0.0,0.0
303.183424949646,-0.63,0.0,0.0
303.20043563842773,-0.63,0.0,0.0
303.2148542404175,-0.63,0.0,0.0
303.22917580604553,-0.63,0.0,0.0
303.24356865882874,-0.63,0.0,0.0
303.2661204338074,-0.63,0.0,0.0
303.2852942943573,-0.63,0.0,0.0
303.30188059806824,-0.63,0.0,0.0
303.3165349960327,-0.63,0.0,0.0
303.335257768631,-0.63,0.0,0.0
303.3535325527191,-0.63,0.0,0.0
303.3741056919098,-0.63,0.0,0.0
303.39146304130554,-0.63,0.0,0.0
303.410222530365,-0.63,0.0,0.0
303.4278016090393,-0.63,0.0,0.0
303.4475395679474,-0.63,0.0,0.0
303.4688172340393,-0.63,0.0,0.0
303.48805713653564,-0.63,0.0,0.0
303.50874042510986,-0.63,0.0,0.0
303.52493262290955,-0.63,0.0,0.0
